[2026-02-01T01:37:03.357+0000] {processor.py:157} INFO - Started process (PID=80) to work on /opt/airflow/dags/financial_DWH.py
[2026-02-01T01:37:03.371+0000] {processor.py:829} INFO - Processing file /opt/airflow/dags/financial_DWH.py for tasks to queue
[2026-02-01T01:37:03.392+0000] {logging_mixin.py:151} INFO - [2026-02-01T01:37:03.391+0000] {dagbag.py:536} INFO - Filling up the DagBag from /opt/airflow/dags/financial_DWH.py
[2026-02-01T01:37:03.455+0000] {logging_mixin.py:151} INFO - [2026-02-01T01:37:03.446+0000] {dagbag.py:346} ERROR - Failed to import: /opt/airflow/dags/financial_DWH.py
Traceback (most recent call last):
  File "/home/airflow/.local/lib/python3.8/site-packages/airflow/models/dagbag.py", line 342, in parse
    loader.exec_module(new_module)
  File "<frozen importlib._bootstrap_external>", line 843, in exec_module
  File "<frozen importlib._bootstrap>", line 219, in _call_with_frames_removed
  File "/opt/airflow/dags/financial_DWH.py", line 5, in <module>
    import duckdb
ModuleNotFoundError: No module named 'duckdb'
[2026-02-01T01:37:03.462+0000] {processor.py:841} WARNING - No viable dags retrieved from /opt/airflow/dags/financial_DWH.py
[2026-02-01T01:37:03.717+0000] {processor.py:179} INFO - Processing /opt/airflow/dags/financial_DWH.py took 0.494 seconds
[2026-02-01T01:40:33.557+0000] {processor.py:157} INFO - Started process (PID=73) to work on /opt/airflow/dags/financial_DWH.py
[2026-02-01T01:40:33.567+0000] {processor.py:829} INFO - Processing file /opt/airflow/dags/financial_DWH.py for tasks to queue
[2026-02-01T01:40:33.574+0000] {logging_mixin.py:151} INFO - [2026-02-01T01:40:33.574+0000] {dagbag.py:536} INFO - Filling up the DagBag from /opt/airflow/dags/financial_DWH.py
[2026-02-01T01:40:33.590+0000] {logging_mixin.py:151} INFO - [2026-02-01T01:40:33.585+0000] {dagbag.py:346} ERROR - Failed to import: /opt/airflow/dags/financial_DWH.py
Traceback (most recent call last):
  File "/home/airflow/.local/lib/python3.8/site-packages/airflow/models/dagbag.py", line 342, in parse
    loader.exec_module(new_module)
  File "<frozen importlib._bootstrap_external>", line 843, in exec_module
  File "<frozen importlib._bootstrap>", line 219, in _call_with_frames_removed
  File "/opt/airflow/dags/financial_DWH.py", line 5, in <module>
    import duckdb
ModuleNotFoundError: No module named 'duckdb'
[2026-02-01T01:40:33.592+0000] {processor.py:841} WARNING - No viable dags retrieved from /opt/airflow/dags/financial_DWH.py
[2026-02-01T01:40:33.657+0000] {processor.py:179} INFO - Processing /opt/airflow/dags/financial_DWH.py took 0.115 seconds
[2026-02-01T01:41:03.852+0000] {processor.py:157} INFO - Started process (PID=129) to work on /opt/airflow/dags/financial_DWH.py
[2026-02-01T01:41:03.857+0000] {processor.py:829} INFO - Processing file /opt/airflow/dags/financial_DWH.py for tasks to queue
[2026-02-01T01:41:03.864+0000] {logging_mixin.py:151} INFO - [2026-02-01T01:41:03.863+0000] {dagbag.py:536} INFO - Filling up the DagBag from /opt/airflow/dags/financial_DWH.py
[2026-02-01T01:41:03.871+0000] {logging_mixin.py:151} INFO - [2026-02-01T01:41:03.869+0000] {dagbag.py:346} ERROR - Failed to import: /opt/airflow/dags/financial_DWH.py
Traceback (most recent call last):
  File "/home/airflow/.local/lib/python3.8/site-packages/airflow/models/dagbag.py", line 342, in parse
    loader.exec_module(new_module)
  File "<frozen importlib._bootstrap_external>", line 843, in exec_module
  File "<frozen importlib._bootstrap>", line 219, in _call_with_frames_removed
  File "/opt/airflow/dags/financial_DWH.py", line 5, in <module>
    import duckdb
ModuleNotFoundError: No module named 'duckdb'
[2026-02-01T01:41:03.872+0000] {processor.py:841} WARNING - No viable dags retrieved from /opt/airflow/dags/financial_DWH.py
[2026-02-01T01:41:03.912+0000] {processor.py:179} INFO - Processing /opt/airflow/dags/financial_DWH.py took 0.071 seconds
[2026-02-01T01:41:34.198+0000] {processor.py:157} INFO - Started process (PID=184) to work on /opt/airflow/dags/financial_DWH.py
[2026-02-01T01:41:41.277+0000] {processor.py:829} INFO - Processing file /opt/airflow/dags/financial_DWH.py for tasks to queue
[2026-02-01T01:41:41.286+0000] {logging_mixin.py:151} INFO - [2026-02-01T01:41:41.286+0000] {dagbag.py:536} INFO - Filling up the DagBag from /opt/airflow/dags/financial_DWH.py
[2026-02-01T01:41:41.311+0000] {logging_mixin.py:151} INFO - [2026-02-01T01:41:41.309+0000] {dagbag.py:346} ERROR - Failed to import: /opt/airflow/dags/financial_DWH.py
Traceback (most recent call last):
  File "/home/airflow/.local/lib/python3.8/site-packages/airflow/models/dagbag.py", line 342, in parse
    loader.exec_module(new_module)
  File "<frozen importlib._bootstrap_external>", line 843, in exec_module
  File "<frozen importlib._bootstrap>", line 219, in _call_with_frames_removed
  File "/opt/airflow/dags/financial_DWH.py", line 5, in <module>
    import duckdb
ModuleNotFoundError: No module named 'duckdb'
[2026-02-01T01:41:41.312+0000] {processor.py:841} WARNING - No viable dags retrieved from /opt/airflow/dags/financial_DWH.py
[2026-02-01T01:41:41.645+0000] {processor.py:179} INFO - Processing /opt/airflow/dags/financial_DWH.py took 7.458 seconds
[2026-02-01T01:42:11.903+0000] {processor.py:157} INFO - Started process (PID=240) to work on /opt/airflow/dags/financial_DWH.py
[2026-02-01T01:42:11.907+0000] {processor.py:829} INFO - Processing file /opt/airflow/dags/financial_DWH.py for tasks to queue
[2026-02-01T01:42:11.914+0000] {logging_mixin.py:151} INFO - [2026-02-01T01:42:11.914+0000] {dagbag.py:536} INFO - Filling up the DagBag from /opt/airflow/dags/financial_DWH.py
[2026-02-01T01:42:11.928+0000] {logging_mixin.py:151} INFO - [2026-02-01T01:42:11.925+0000] {dagbag.py:346} ERROR - Failed to import: /opt/airflow/dags/financial_DWH.py
Traceback (most recent call last):
  File "/home/airflow/.local/lib/python3.8/site-packages/airflow/models/dagbag.py", line 342, in parse
    loader.exec_module(new_module)
  File "<frozen importlib._bootstrap_external>", line 843, in exec_module
  File "<frozen importlib._bootstrap>", line 219, in _call_with_frames_removed
  File "/opt/airflow/dags/financial_DWH.py", line 5, in <module>
    import duckdb
ModuleNotFoundError: No module named 'duckdb'
[2026-02-01T01:42:11.929+0000] {processor.py:841} WARNING - No viable dags retrieved from /opt/airflow/dags/financial_DWH.py
[2026-02-01T01:42:11.985+0000] {processor.py:179} INFO - Processing /opt/airflow/dags/financial_DWH.py took 0.092 seconds
[2026-02-01T01:42:42.668+0000] {processor.py:157} INFO - Started process (PID=295) to work on /opt/airflow/dags/financial_DWH.py
[2026-02-01T01:42:42.669+0000] {processor.py:829} INFO - Processing file /opt/airflow/dags/financial_DWH.py for tasks to queue
[2026-02-01T01:42:42.675+0000] {logging_mixin.py:151} INFO - [2026-02-01T01:42:42.674+0000] {dagbag.py:536} INFO - Filling up the DagBag from /opt/airflow/dags/financial_DWH.py
[2026-02-01T01:42:42.681+0000] {logging_mixin.py:151} INFO - [2026-02-01T01:42:42.679+0000] {dagbag.py:346} ERROR - Failed to import: /opt/airflow/dags/financial_DWH.py
Traceback (most recent call last):
  File "/home/airflow/.local/lib/python3.8/site-packages/airflow/models/dagbag.py", line 342, in parse
    loader.exec_module(new_module)
  File "<frozen importlib._bootstrap_external>", line 843, in exec_module
  File "<frozen importlib._bootstrap>", line 219, in _call_with_frames_removed
  File "/opt/airflow/dags/financial_DWH.py", line 5, in <module>
    import duckdb
ModuleNotFoundError: No module named 'duckdb'
[2026-02-01T01:42:42.681+0000] {processor.py:841} WARNING - No viable dags retrieved from /opt/airflow/dags/financial_DWH.py
[2026-02-01T01:42:42.733+0000] {processor.py:179} INFO - Processing /opt/airflow/dags/financial_DWH.py took 0.071 seconds
[2026-02-01T01:43:13.153+0000] {processor.py:157} INFO - Started process (PID=349) to work on /opt/airflow/dags/financial_DWH.py
[2026-02-01T01:43:13.156+0000] {processor.py:829} INFO - Processing file /opt/airflow/dags/financial_DWH.py for tasks to queue
[2026-02-01T01:43:13.161+0000] {logging_mixin.py:151} INFO - [2026-02-01T01:43:13.160+0000] {dagbag.py:536} INFO - Filling up the DagBag from /opt/airflow/dags/financial_DWH.py
[2026-02-01T01:43:13.173+0000] {logging_mixin.py:151} INFO - [2026-02-01T01:43:13.170+0000] {dagbag.py:346} ERROR - Failed to import: /opt/airflow/dags/financial_DWH.py
Traceback (most recent call last):
  File "/home/airflow/.local/lib/python3.8/site-packages/airflow/models/dagbag.py", line 342, in parse
    loader.exec_module(new_module)
  File "<frozen importlib._bootstrap_external>", line 843, in exec_module
  File "<frozen importlib._bootstrap>", line 219, in _call_with_frames_removed
  File "/opt/airflow/dags/financial_DWH.py", line 5, in <module>
    import duckdb
ModuleNotFoundError: No module named 'duckdb'
[2026-02-01T01:43:13.174+0000] {processor.py:841} WARNING - No viable dags retrieved from /opt/airflow/dags/financial_DWH.py
[2026-02-01T01:43:13.207+0000] {processor.py:179} INFO - Processing /opt/airflow/dags/financial_DWH.py took 0.061 seconds
[2026-02-01T01:43:43.615+0000] {processor.py:157} INFO - Started process (PID=404) to work on /opt/airflow/dags/financial_DWH.py
[2026-02-01T01:43:43.617+0000] {processor.py:829} INFO - Processing file /opt/airflow/dags/financial_DWH.py for tasks to queue
[2026-02-01T01:43:43.622+0000] {logging_mixin.py:151} INFO - [2026-02-01T01:43:43.621+0000] {dagbag.py:536} INFO - Filling up the DagBag from /opt/airflow/dags/financial_DWH.py
[2026-02-01T01:43:43.628+0000] {logging_mixin.py:151} INFO - [2026-02-01T01:43:43.626+0000] {dagbag.py:346} ERROR - Failed to import: /opt/airflow/dags/financial_DWH.py
Traceback (most recent call last):
  File "/home/airflow/.local/lib/python3.8/site-packages/airflow/models/dagbag.py", line 342, in parse
    loader.exec_module(new_module)
  File "<frozen importlib._bootstrap_external>", line 843, in exec_module
  File "<frozen importlib._bootstrap>", line 219, in _call_with_frames_removed
  File "/opt/airflow/dags/financial_DWH.py", line 5, in <module>
    import duckdb
ModuleNotFoundError: No module named 'duckdb'
[2026-02-01T01:43:43.628+0000] {processor.py:841} WARNING - No viable dags retrieved from /opt/airflow/dags/financial_DWH.py
[2026-02-01T01:43:43.659+0000] {processor.py:179} INFO - Processing /opt/airflow/dags/financial_DWH.py took 0.051 seconds
[2026-02-01T01:44:14.270+0000] {processor.py:157} INFO - Started process (PID=459) to work on /opt/airflow/dags/financial_DWH.py
[2026-02-01T01:44:14.288+0000] {processor.py:829} INFO - Processing file /opt/airflow/dags/financial_DWH.py for tasks to queue
[2026-02-01T01:44:14.305+0000] {logging_mixin.py:151} INFO - [2026-02-01T01:44:14.304+0000] {dagbag.py:536} INFO - Filling up the DagBag from /opt/airflow/dags/financial_DWH.py
[2026-02-01T01:44:14.318+0000] {logging_mixin.py:151} INFO - [2026-02-01T01:44:14.316+0000] {dagbag.py:346} ERROR - Failed to import: /opt/airflow/dags/financial_DWH.py
Traceback (most recent call last):
  File "/home/airflow/.local/lib/python3.8/site-packages/airflow/models/dagbag.py", line 342, in parse
    loader.exec_module(new_module)
  File "<frozen importlib._bootstrap_external>", line 843, in exec_module
  File "<frozen importlib._bootstrap>", line 219, in _call_with_frames_removed
  File "/opt/airflow/dags/financial_DWH.py", line 5, in <module>
    import duckdb
ModuleNotFoundError: No module named 'duckdb'
[2026-02-01T01:44:14.322+0000] {processor.py:841} WARNING - No viable dags retrieved from /opt/airflow/dags/financial_DWH.py
[2026-02-01T01:44:14.405+0000] {processor.py:179} INFO - Processing /opt/airflow/dags/financial_DWH.py took 0.152 seconds
[2026-02-01T02:10:56.699+0000] {processor.py:157} INFO - Started process (PID=85) to work on /opt/airflow/dags/financial_DWH.py
[2026-02-01T02:10:56.716+0000] {processor.py:829} INFO - Processing file /opt/airflow/dags/financial_DWH.py for tasks to queue
[2026-02-01T02:10:56.731+0000] {logging_mixin.py:151} INFO - [2026-02-01T02:10:56.730+0000] {dagbag.py:536} INFO - Filling up the DagBag from /opt/airflow/dags/financial_DWH.py
[2026-02-01T02:10:56.765+0000] {logging_mixin.py:151} INFO - [2026-02-01T02:10:56.751+0000] {dagbag.py:346} ERROR - Failed to import: /opt/airflow/dags/financial_DWH.py
Traceback (most recent call last):
  File "/home/airflow/.local/lib/python3.8/site-packages/airflow/models/dagbag.py", line 342, in parse
    loader.exec_module(new_module)
  File "<frozen importlib._bootstrap_external>", line 843, in exec_module
  File "<frozen importlib._bootstrap>", line 219, in _call_with_frames_removed
  File "/opt/airflow/dags/financial_DWH.py", line 5, in <module>
    import duckdb
ModuleNotFoundError: No module named 'duckdb'
[2026-02-01T02:10:56.766+0000] {processor.py:841} WARNING - No viable dags retrieved from /opt/airflow/dags/financial_DWH.py
[2026-02-01T02:10:56.978+0000] {processor.py:179} INFO - Processing /opt/airflow/dags/financial_DWH.py took 0.311 seconds
[2026-02-01T02:11:27.273+0000] {processor.py:157} INFO - Started process (PID=140) to work on /opt/airflow/dags/financial_DWH.py
[2026-02-01T02:11:27.277+0000] {processor.py:829} INFO - Processing file /opt/airflow/dags/financial_DWH.py for tasks to queue
[2026-02-01T02:11:27.290+0000] {logging_mixin.py:151} INFO - [2026-02-01T02:11:27.288+0000] {dagbag.py:536} INFO - Filling up the DagBag from /opt/airflow/dags/financial_DWH.py
[2026-02-01T02:11:27.300+0000] {logging_mixin.py:151} INFO - [2026-02-01T02:11:27.297+0000] {dagbag.py:346} ERROR - Failed to import: /opt/airflow/dags/financial_DWH.py
Traceback (most recent call last):
  File "/home/airflow/.local/lib/python3.8/site-packages/airflow/models/dagbag.py", line 342, in parse
    loader.exec_module(new_module)
  File "<frozen importlib._bootstrap_external>", line 843, in exec_module
  File "<frozen importlib._bootstrap>", line 219, in _call_with_frames_removed
  File "/opt/airflow/dags/financial_DWH.py", line 5, in <module>
    import duckdb
ModuleNotFoundError: No module named 'duckdb'
[2026-02-01T02:11:27.301+0000] {processor.py:841} WARNING - No viable dags retrieved from /opt/airflow/dags/financial_DWH.py
[2026-02-01T02:11:27.357+0000] {processor.py:179} INFO - Processing /opt/airflow/dags/financial_DWH.py took 0.126 seconds
[2026-02-01T02:11:57.565+0000] {processor.py:157} INFO - Started process (PID=195) to work on /opt/airflow/dags/financial_DWH.py
[2026-02-01T02:11:57.572+0000] {processor.py:829} INFO - Processing file /opt/airflow/dags/financial_DWH.py for tasks to queue
[2026-02-01T02:11:57.601+0000] {logging_mixin.py:151} INFO - [2026-02-01T02:11:57.599+0000] {dagbag.py:536} INFO - Filling up the DagBag from /opt/airflow/dags/financial_DWH.py
[2026-02-01T02:11:57.621+0000] {logging_mixin.py:151} INFO - [2026-02-01T02:11:57.610+0000] {dagbag.py:346} ERROR - Failed to import: /opt/airflow/dags/financial_DWH.py
Traceback (most recent call last):
  File "/home/airflow/.local/lib/python3.8/site-packages/airflow/models/dagbag.py", line 342, in parse
    loader.exec_module(new_module)
  File "<frozen importlib._bootstrap_external>", line 843, in exec_module
  File "<frozen importlib._bootstrap>", line 219, in _call_with_frames_removed
  File "/opt/airflow/dags/financial_DWH.py", line 5, in <module>
    import duckdb
ModuleNotFoundError: No module named 'duckdb'
[2026-02-01T02:11:57.623+0000] {processor.py:841} WARNING - No viable dags retrieved from /opt/airflow/dags/financial_DWH.py
[2026-02-01T02:11:57.729+0000] {processor.py:179} INFO - Processing /opt/airflow/dags/financial_DWH.py took 0.193 seconds
[2026-02-01T02:12:28.437+0000] {processor.py:157} INFO - Started process (PID=250) to work on /opt/airflow/dags/financial_DWH.py
[2026-02-01T02:12:28.439+0000] {processor.py:829} INFO - Processing file /opt/airflow/dags/financial_DWH.py for tasks to queue
[2026-02-01T02:12:28.442+0000] {logging_mixin.py:151} INFO - [2026-02-01T02:12:28.442+0000] {dagbag.py:536} INFO - Filling up the DagBag from /opt/airflow/dags/financial_DWH.py
[2026-02-01T02:12:28.449+0000] {logging_mixin.py:151} INFO - [2026-02-01T02:12:28.448+0000] {dagbag.py:346} ERROR - Failed to import: /opt/airflow/dags/financial_DWH.py
Traceback (most recent call last):
  File "/home/airflow/.local/lib/python3.8/site-packages/airflow/models/dagbag.py", line 342, in parse
    loader.exec_module(new_module)
  File "<frozen importlib._bootstrap_external>", line 843, in exec_module
  File "<frozen importlib._bootstrap>", line 219, in _call_with_frames_removed
  File "/opt/airflow/dags/financial_DWH.py", line 5, in <module>
    import duckdb
ModuleNotFoundError: No module named 'duckdb'
[2026-02-01T02:12:28.450+0000] {processor.py:841} WARNING - No viable dags retrieved from /opt/airflow/dags/financial_DWH.py
[2026-02-01T02:12:28.481+0000] {processor.py:179} INFO - Processing /opt/airflow/dags/financial_DWH.py took 0.053 seconds
[2026-02-01T02:12:58.842+0000] {processor.py:157} INFO - Started process (PID=305) to work on /opt/airflow/dags/financial_DWH.py
[2026-02-01T02:12:58.844+0000] {processor.py:829} INFO - Processing file /opt/airflow/dags/financial_DWH.py for tasks to queue
[2026-02-01T02:12:58.848+0000] {logging_mixin.py:151} INFO - [2026-02-01T02:12:58.848+0000] {dagbag.py:536} INFO - Filling up the DagBag from /opt/airflow/dags/financial_DWH.py
[2026-02-01T02:12:58.857+0000] {logging_mixin.py:151} INFO - [2026-02-01T02:12:58.854+0000] {dagbag.py:346} ERROR - Failed to import: /opt/airflow/dags/financial_DWH.py
Traceback (most recent call last):
  File "/home/airflow/.local/lib/python3.8/site-packages/airflow/models/dagbag.py", line 342, in parse
    loader.exec_module(new_module)
  File "<frozen importlib._bootstrap_external>", line 843, in exec_module
  File "<frozen importlib._bootstrap>", line 219, in _call_with_frames_removed
  File "/opt/airflow/dags/financial_DWH.py", line 5, in <module>
    import duckdb
ModuleNotFoundError: No module named 'duckdb'
[2026-02-01T02:12:58.858+0000] {processor.py:841} WARNING - No viable dags retrieved from /opt/airflow/dags/financial_DWH.py
[2026-02-01T02:12:59.199+0000] {processor.py:179} INFO - Processing /opt/airflow/dags/financial_DWH.py took 0.367 seconds
[2026-02-01T02:13:29.272+0000] {processor.py:157} INFO - Started process (PID=360) to work on /opt/airflow/dags/financial_DWH.py
[2026-02-01T02:13:29.277+0000] {processor.py:829} INFO - Processing file /opt/airflow/dags/financial_DWH.py for tasks to queue
[2026-02-01T02:13:29.283+0000] {logging_mixin.py:151} INFO - [2026-02-01T02:13:29.283+0000] {dagbag.py:536} INFO - Filling up the DagBag from /opt/airflow/dags/financial_DWH.py
[2026-02-01T02:13:29.297+0000] {logging_mixin.py:151} INFO - [2026-02-01T02:13:29.295+0000] {dagbag.py:346} ERROR - Failed to import: /opt/airflow/dags/financial_DWH.py
Traceback (most recent call last):
  File "/home/airflow/.local/lib/python3.8/site-packages/airflow/models/dagbag.py", line 342, in parse
    loader.exec_module(new_module)
  File "<frozen importlib._bootstrap_external>", line 843, in exec_module
  File "<frozen importlib._bootstrap>", line 219, in _call_with_frames_removed
  File "/opt/airflow/dags/financial_DWH.py", line 5, in <module>
    import duckdb
ModuleNotFoundError: No module named 'duckdb'
[2026-02-01T02:13:29.298+0000] {processor.py:841} WARNING - No viable dags retrieved from /opt/airflow/dags/financial_DWH.py
[2026-02-01T02:13:29.355+0000] {processor.py:179} INFO - Processing /opt/airflow/dags/financial_DWH.py took 0.092 seconds
[2026-02-01T02:14:00.122+0000] {processor.py:157} INFO - Started process (PID=415) to work on /opt/airflow/dags/financial_DWH.py
[2026-02-01T02:14:00.124+0000] {processor.py:829} INFO - Processing file /opt/airflow/dags/financial_DWH.py for tasks to queue
[2026-02-01T02:14:00.128+0000] {logging_mixin.py:151} INFO - [2026-02-01T02:14:00.128+0000] {dagbag.py:536} INFO - Filling up the DagBag from /opt/airflow/dags/financial_DWH.py
[2026-02-01T02:14:00.135+0000] {logging_mixin.py:151} INFO - [2026-02-01T02:14:00.133+0000] {dagbag.py:346} ERROR - Failed to import: /opt/airflow/dags/financial_DWH.py
Traceback (most recent call last):
  File "/home/airflow/.local/lib/python3.8/site-packages/airflow/models/dagbag.py", line 342, in parse
    loader.exec_module(new_module)
  File "<frozen importlib._bootstrap_external>", line 843, in exec_module
  File "<frozen importlib._bootstrap>", line 219, in _call_with_frames_removed
  File "/opt/airflow/dags/financial_DWH.py", line 5, in <module>
    import duckdb
ModuleNotFoundError: No module named 'duckdb'
[2026-02-01T02:14:00.136+0000] {processor.py:841} WARNING - No viable dags retrieved from /opt/airflow/dags/financial_DWH.py
[2026-02-01T02:14:00.171+0000] {processor.py:179} INFO - Processing /opt/airflow/dags/financial_DWH.py took 0.054 seconds
[2026-02-01T02:14:30.263+0000] {processor.py:157} INFO - Started process (PID=470) to work on /opt/airflow/dags/financial_DWH.py
[2026-02-01T02:14:30.266+0000] {processor.py:829} INFO - Processing file /opt/airflow/dags/financial_DWH.py for tasks to queue
[2026-02-01T02:14:30.270+0000] {logging_mixin.py:151} INFO - [2026-02-01T02:14:30.270+0000] {dagbag.py:536} INFO - Filling up the DagBag from /opt/airflow/dags/financial_DWH.py
[2026-02-01T02:14:30.277+0000] {logging_mixin.py:151} INFO - [2026-02-01T02:14:30.275+0000] {dagbag.py:346} ERROR - Failed to import: /opt/airflow/dags/financial_DWH.py
Traceback (most recent call last):
  File "/home/airflow/.local/lib/python3.8/site-packages/airflow/models/dagbag.py", line 342, in parse
    loader.exec_module(new_module)
  File "<frozen importlib._bootstrap_external>", line 843, in exec_module
  File "<frozen importlib._bootstrap>", line 219, in _call_with_frames_removed
  File "/opt/airflow/dags/financial_DWH.py", line 5, in <module>
    import duckdb
ModuleNotFoundError: No module named 'duckdb'
[2026-02-01T02:14:30.278+0000] {processor.py:841} WARNING - No viable dags retrieved from /opt/airflow/dags/financial_DWH.py
[2026-02-01T02:14:30.314+0000] {processor.py:179} INFO - Processing /opt/airflow/dags/financial_DWH.py took 0.058 seconds
[2026-02-01T02:15:01.336+0000] {processor.py:157} INFO - Started process (PID=524) to work on /opt/airflow/dags/financial_DWH.py
[2026-02-01T02:15:01.341+0000] {processor.py:829} INFO - Processing file /opt/airflow/dags/financial_DWH.py for tasks to queue
[2026-02-01T02:15:01.347+0000] {logging_mixin.py:151} INFO - [2026-02-01T02:15:01.346+0000] {dagbag.py:536} INFO - Filling up the DagBag from /opt/airflow/dags/financial_DWH.py
[2026-02-01T02:15:01.356+0000] {logging_mixin.py:151} INFO - [2026-02-01T02:15:01.354+0000] {dagbag.py:346} ERROR - Failed to import: /opt/airflow/dags/financial_DWH.py
Traceback (most recent call last):
  File "/home/airflow/.local/lib/python3.8/site-packages/airflow/models/dagbag.py", line 342, in parse
    loader.exec_module(new_module)
  File "<frozen importlib._bootstrap_external>", line 843, in exec_module
  File "<frozen importlib._bootstrap>", line 219, in _call_with_frames_removed
  File "/opt/airflow/dags/financial_DWH.py", line 5, in <module>
    import duckdb
ModuleNotFoundError: No module named 'duckdb'
[2026-02-01T02:15:01.357+0000] {processor.py:841} WARNING - No viable dags retrieved from /opt/airflow/dags/financial_DWH.py
[2026-02-01T02:15:01.411+0000] {processor.py:179} INFO - Processing /opt/airflow/dags/financial_DWH.py took 0.087 seconds
[2026-02-01T02:15:31.892+0000] {processor.py:157} INFO - Started process (PID=579) to work on /opt/airflow/dags/financial_DWH.py
[2026-02-01T02:15:31.894+0000] {processor.py:829} INFO - Processing file /opt/airflow/dags/financial_DWH.py for tasks to queue
[2026-02-01T02:15:31.898+0000] {logging_mixin.py:151} INFO - [2026-02-01T02:15:31.897+0000] {dagbag.py:536} INFO - Filling up the DagBag from /opt/airflow/dags/financial_DWH.py
[2026-02-01T02:15:31.906+0000] {logging_mixin.py:151} INFO - [2026-02-01T02:15:31.903+0000] {dagbag.py:346} ERROR - Failed to import: /opt/airflow/dags/financial_DWH.py
Traceback (most recent call last):
  File "/home/airflow/.local/lib/python3.8/site-packages/airflow/models/dagbag.py", line 342, in parse
    loader.exec_module(new_module)
  File "<frozen importlib._bootstrap_external>", line 843, in exec_module
  File "<frozen importlib._bootstrap>", line 219, in _call_with_frames_removed
  File "/opt/airflow/dags/financial_DWH.py", line 5, in <module>
    import duckdb
ModuleNotFoundError: No module named 'duckdb'
[2026-02-01T02:15:31.906+0000] {processor.py:841} WARNING - No viable dags retrieved from /opt/airflow/dags/financial_DWH.py
[2026-02-01T02:15:31.945+0000] {processor.py:179} INFO - Processing /opt/airflow/dags/financial_DWH.py took 0.060 seconds
[2026-02-01T02:16:02.082+0000] {processor.py:157} INFO - Started process (PID=634) to work on /opt/airflow/dags/financial_DWH.py
[2026-02-01T02:16:02.084+0000] {processor.py:829} INFO - Processing file /opt/airflow/dags/financial_DWH.py for tasks to queue
[2026-02-01T02:16:02.089+0000] {logging_mixin.py:151} INFO - [2026-02-01T02:16:02.088+0000] {dagbag.py:536} INFO - Filling up the DagBag from /opt/airflow/dags/financial_DWH.py
[2026-02-01T02:16:02.095+0000] {logging_mixin.py:151} INFO - [2026-02-01T02:16:02.094+0000] {dagbag.py:346} ERROR - Failed to import: /opt/airflow/dags/financial_DWH.py
Traceback (most recent call last):
  File "/home/airflow/.local/lib/python3.8/site-packages/airflow/models/dagbag.py", line 342, in parse
    loader.exec_module(new_module)
  File "<frozen importlib._bootstrap_external>", line 843, in exec_module
  File "<frozen importlib._bootstrap>", line 219, in _call_with_frames_removed
  File "/opt/airflow/dags/financial_DWH.py", line 5, in <module>
    import duckdb
ModuleNotFoundError: No module named 'duckdb'
[2026-02-01T02:16:02.096+0000] {processor.py:841} WARNING - No viable dags retrieved from /opt/airflow/dags/financial_DWH.py
[2026-02-01T02:16:02.138+0000] {processor.py:179} INFO - Processing /opt/airflow/dags/financial_DWH.py took 0.063 seconds
[2026-02-01T02:16:32.635+0000] {processor.py:157} INFO - Started process (PID=689) to work on /opt/airflow/dags/financial_DWH.py
[2026-02-01T02:16:32.647+0000] {processor.py:829} INFO - Processing file /opt/airflow/dags/financial_DWH.py for tasks to queue
[2026-02-01T02:16:32.658+0000] {logging_mixin.py:151} INFO - [2026-02-01T02:16:32.657+0000] {dagbag.py:536} INFO - Filling up the DagBag from /opt/airflow/dags/financial_DWH.py
[2026-02-01T02:16:32.685+0000] {logging_mixin.py:151} INFO - [2026-02-01T02:16:32.682+0000] {dagbag.py:346} ERROR - Failed to import: /opt/airflow/dags/financial_DWH.py
Traceback (most recent call last):
  File "/home/airflow/.local/lib/python3.8/site-packages/airflow/models/dagbag.py", line 342, in parse
    loader.exec_module(new_module)
  File "<frozen importlib._bootstrap_external>", line 843, in exec_module
  File "<frozen importlib._bootstrap>", line 219, in _call_with_frames_removed
  File "/opt/airflow/dags/financial_DWH.py", line 5, in <module>
    import duckdb
ModuleNotFoundError: No module named 'duckdb'
[2026-02-01T02:16:32.686+0000] {processor.py:841} WARNING - No viable dags retrieved from /opt/airflow/dags/financial_DWH.py
[2026-02-01T02:16:32.758+0000] {processor.py:179} INFO - Processing /opt/airflow/dags/financial_DWH.py took 0.137 seconds
[2026-02-01T02:23:02.780+0000] {processor.py:157} INFO - Started process (PID=189) to work on /opt/airflow/dags/financial_DWH.py
[2026-02-01T02:23:02.782+0000] {processor.py:829} INFO - Processing file /opt/airflow/dags/financial_DWH.py for tasks to queue
[2026-02-01T02:23:02.784+0000] {logging_mixin.py:151} INFO - [2026-02-01T02:23:02.783+0000] {dagbag.py:536} INFO - Filling up the DagBag from /opt/airflow/dags/financial_DWH.py
[2026-02-01T02:23:02.887+0000] {processor.py:839} INFO - DAG(s) dict_keys(['financial_full_pipeline']) retrieved from /opt/airflow/dags/financial_DWH.py
[2026-02-01T02:23:03.144+0000] {logging_mixin.py:151} INFO - [2026-02-01T02:23:03.144+0000] {manager.py:499} INFO - Created Permission View: %s
[2026-02-01T02:23:03.160+0000] {logging_mixin.py:151} INFO - [2026-02-01T02:23:03.160+0000] {manager.py:499} INFO - Created Permission View: %s
[2026-02-01T02:23:03.172+0000] {logging_mixin.py:151} INFO - [2026-02-01T02:23:03.172+0000] {manager.py:499} INFO - Created Permission View: %s
[2026-02-01T02:23:03.173+0000] {logging_mixin.py:151} INFO - [2026-02-01T02:23:03.173+0000] {dag.py:2941} INFO - Sync 1 DAGs
[2026-02-01T02:23:03.196+0000] {logging_mixin.py:151} INFO - [2026-02-01T02:23:03.196+0000] {dag.py:2963} INFO - Creating ORM DAG for financial_full_pipeline
[2026-02-01T02:23:03.221+0000] {logging_mixin.py:151} INFO - [2026-02-01T02:23:03.221+0000] {dag.py:3722} INFO - Setting next_dagrun for financial_full_pipeline to 2026-01-31T00:00:00+00:00, run_after=2026-02-01T00:00:00+00:00
[2026-02-01T02:23:03.269+0000] {processor.py:179} INFO - Processing /opt/airflow/dags/financial_DWH.py took 0.497 seconds
[2026-02-01T02:23:33.476+0000] {processor.py:157} INFO - Started process (PID=208) to work on /opt/airflow/dags/financial_DWH.py
[2026-02-01T02:23:33.480+0000] {processor.py:829} INFO - Processing file /opt/airflow/dags/financial_DWH.py for tasks to queue
[2026-02-01T02:23:33.481+0000] {logging_mixin.py:151} INFO - [2026-02-01T02:23:33.481+0000] {dagbag.py:536} INFO - Filling up the DagBag from /opt/airflow/dags/financial_DWH.py
[2026-02-01T02:23:33.594+0000] {processor.py:839} INFO - DAG(s) dict_keys(['financial_full_pipeline']) retrieved from /opt/airflow/dags/financial_DWH.py
[2026-02-01T02:23:33.650+0000] {logging_mixin.py:151} INFO - [2026-02-01T02:23:33.649+0000] {dag.py:2941} INFO - Sync 1 DAGs
[2026-02-01T02:23:33.686+0000] {logging_mixin.py:151} INFO - [2026-02-01T02:23:33.686+0000] {dag.py:3722} INFO - Setting next_dagrun for financial_full_pipeline to 2026-01-31T00:00:00+00:00, run_after=2026-02-01T00:00:00+00:00
[2026-02-01T02:23:33.714+0000] {processor.py:179} INFO - Processing /opt/airflow/dags/financial_DWH.py took 0.246 seconds
[2026-02-01T02:24:03.942+0000] {processor.py:157} INFO - Started process (PID=216) to work on /opt/airflow/dags/financial_DWH.py
[2026-02-01T02:24:03.943+0000] {processor.py:829} INFO - Processing file /opt/airflow/dags/financial_DWH.py for tasks to queue
[2026-02-01T02:24:03.945+0000] {logging_mixin.py:151} INFO - [2026-02-01T02:24:03.944+0000] {dagbag.py:536} INFO - Filling up the DagBag from /opt/airflow/dags/financial_DWH.py
[2026-02-01T02:24:04.029+0000] {processor.py:839} INFO - DAG(s) dict_keys(['financial_full_pipeline']) retrieved from /opt/airflow/dags/financial_DWH.py
[2026-02-01T02:24:04.076+0000] {logging_mixin.py:151} INFO - [2026-02-01T02:24:04.075+0000] {dag.py:2941} INFO - Sync 1 DAGs
[2026-02-01T02:24:04.120+0000] {logging_mixin.py:151} INFO - [2026-02-01T02:24:04.120+0000] {dag.py:3722} INFO - Setting next_dagrun for financial_full_pipeline to 2026-01-31T00:00:00+00:00, run_after=2026-02-01T00:00:00+00:00
[2026-02-01T02:24:04.165+0000] {processor.py:179} INFO - Processing /opt/airflow/dags/financial_DWH.py took 0.229 seconds
[2026-02-01T02:24:34.420+0000] {processor.py:157} INFO - Started process (PID=224) to work on /opt/airflow/dags/financial_DWH.py
[2026-02-01T02:24:34.423+0000] {processor.py:829} INFO - Processing file /opt/airflow/dags/financial_DWH.py for tasks to queue
[2026-02-01T02:24:34.425+0000] {logging_mixin.py:151} INFO - [2026-02-01T02:24:34.425+0000] {dagbag.py:536} INFO - Filling up the DagBag from /opt/airflow/dags/financial_DWH.py
[2026-02-01T02:24:34.508+0000] {processor.py:839} INFO - DAG(s) dict_keys(['financial_full_pipeline']) retrieved from /opt/airflow/dags/financial_DWH.py
[2026-02-01T02:24:34.553+0000] {logging_mixin.py:151} INFO - [2026-02-01T02:24:34.552+0000] {dag.py:2941} INFO - Sync 1 DAGs
[2026-02-01T02:24:34.606+0000] {logging_mixin.py:151} INFO - [2026-02-01T02:24:34.606+0000] {dag.py:3722} INFO - Setting next_dagrun for financial_full_pipeline to 2026-01-31T00:00:00+00:00, run_after=2026-02-01T00:00:00+00:00
[2026-02-01T02:24:34.644+0000] {processor.py:179} INFO - Processing /opt/airflow/dags/financial_DWH.py took 0.234 seconds
[2026-02-01T02:25:04.836+0000] {processor.py:157} INFO - Started process (PID=233) to work on /opt/airflow/dags/financial_DWH.py
[2026-02-01T02:25:04.839+0000] {processor.py:829} INFO - Processing file /opt/airflow/dags/financial_DWH.py for tasks to queue
[2026-02-01T02:25:04.840+0000] {logging_mixin.py:151} INFO - [2026-02-01T02:25:04.840+0000] {dagbag.py:536} INFO - Filling up the DagBag from /opt/airflow/dags/financial_DWH.py
[2026-02-01T02:25:04.925+0000] {processor.py:839} INFO - DAG(s) dict_keys(['financial_full_pipeline']) retrieved from /opt/airflow/dags/financial_DWH.py
[2026-02-01T02:25:04.983+0000] {logging_mixin.py:151} INFO - [2026-02-01T02:25:04.983+0000] {dag.py:2941} INFO - Sync 1 DAGs
[2026-02-01T02:25:05.030+0000] {logging_mixin.py:151} INFO - [2026-02-01T02:25:05.030+0000] {dag.py:3722} INFO - Setting next_dagrun for financial_full_pipeline to 2026-01-31T00:00:00+00:00, run_after=2026-02-01T00:00:00+00:00
[2026-02-01T02:25:05.064+0000] {processor.py:179} INFO - Processing /opt/airflow/dags/financial_DWH.py took 0.233 seconds
[2026-02-01T02:25:35.267+0000] {processor.py:157} INFO - Started process (PID=243) to work on /opt/airflow/dags/financial_DWH.py
[2026-02-01T02:25:35.270+0000] {processor.py:829} INFO - Processing file /opt/airflow/dags/financial_DWH.py for tasks to queue
[2026-02-01T02:25:35.271+0000] {logging_mixin.py:151} INFO - [2026-02-01T02:25:35.271+0000] {dagbag.py:536} INFO - Filling up the DagBag from /opt/airflow/dags/financial_DWH.py
[2026-02-01T02:25:35.386+0000] {processor.py:839} INFO - DAG(s) dict_keys(['financial_full_pipeline']) retrieved from /opt/airflow/dags/financial_DWH.py
[2026-02-01T02:25:35.464+0000] {logging_mixin.py:151} INFO - [2026-02-01T02:25:35.464+0000] {dag.py:2941} INFO - Sync 1 DAGs
[2026-02-01T02:25:35.531+0000] {logging_mixin.py:151} INFO - [2026-02-01T02:25:35.531+0000] {dag.py:3722} INFO - Setting next_dagrun for financial_full_pipeline to 2026-01-31T00:00:00+00:00, run_after=2026-02-01T00:00:00+00:00
[2026-02-01T02:25:35.570+0000] {processor.py:179} INFO - Processing /opt/airflow/dags/financial_DWH.py took 0.311 seconds
[2026-02-01T02:26:05.787+0000] {processor.py:157} INFO - Started process (PID=251) to work on /opt/airflow/dags/financial_DWH.py
[2026-02-01T02:26:06.114+0000] {processor.py:829} INFO - Processing file /opt/airflow/dags/financial_DWH.py for tasks to queue
[2026-02-01T02:26:06.116+0000] {logging_mixin.py:151} INFO - [2026-02-01T02:26:06.115+0000] {dagbag.py:536} INFO - Filling up the DagBag from /opt/airflow/dags/financial_DWH.py
[2026-02-01T02:26:06.485+0000] {processor.py:839} INFO - DAG(s) dict_keys(['financial_full_pipeline']) retrieved from /opt/airflow/dags/financial_DWH.py
[2026-02-01T02:26:06.774+0000] {logging_mixin.py:151} INFO - [2026-02-01T02:26:06.774+0000] {dag.py:2941} INFO - Sync 1 DAGs
[2026-02-01T02:26:07.210+0000] {logging_mixin.py:151} INFO - [2026-02-01T02:26:07.209+0000] {dag.py:3722} INFO - Setting next_dagrun for financial_full_pipeline to 2026-01-31T00:00:00+00:00, run_after=2026-02-01T00:00:00+00:00
[2026-02-01T02:26:07.398+0000] {processor.py:179} INFO - Processing /opt/airflow/dags/financial_DWH.py took 1.612 seconds
[2026-02-01T02:26:37.634+0000] {processor.py:157} INFO - Started process (PID=265) to work on /opt/airflow/dags/financial_DWH.py
[2026-02-01T02:26:37.637+0000] {processor.py:829} INFO - Processing file /opt/airflow/dags/financial_DWH.py for tasks to queue
[2026-02-01T02:26:37.638+0000] {logging_mixin.py:151} INFO - [2026-02-01T02:26:37.637+0000] {dagbag.py:536} INFO - Filling up the DagBag from /opt/airflow/dags/financial_DWH.py
[2026-02-01T02:26:37.713+0000] {processor.py:839} INFO - DAG(s) dict_keys(['financial_full_pipeline']) retrieved from /opt/airflow/dags/financial_DWH.py
[2026-02-01T02:26:37.759+0000] {logging_mixin.py:151} INFO - [2026-02-01T02:26:37.758+0000] {dag.py:2941} INFO - Sync 1 DAGs
[2026-02-01T02:26:37.798+0000] {logging_mixin.py:151} INFO - [2026-02-01T02:26:37.798+0000] {dag.py:3722} INFO - Setting next_dagrun for financial_full_pipeline to 2026-01-31T00:00:00+00:00, run_after=2026-02-01T00:00:00+00:00
[2026-02-01T02:26:37.829+0000] {processor.py:179} INFO - Processing /opt/airflow/dags/financial_DWH.py took 0.202 seconds
[2026-02-01T02:27:08.081+0000] {processor.py:157} INFO - Started process (PID=275) to work on /opt/airflow/dags/financial_DWH.py
[2026-02-01T02:27:08.084+0000] {processor.py:829} INFO - Processing file /opt/airflow/dags/financial_DWH.py for tasks to queue
[2026-02-01T02:27:08.085+0000] {logging_mixin.py:151} INFO - [2026-02-01T02:27:08.085+0000] {dagbag.py:536} INFO - Filling up the DagBag from /opt/airflow/dags/financial_DWH.py
[2026-02-01T02:27:08.203+0000] {processor.py:839} INFO - DAG(s) dict_keys(['financial_full_pipeline']) retrieved from /opt/airflow/dags/financial_DWH.py
[2026-02-01T02:27:08.292+0000] {logging_mixin.py:151} INFO - [2026-02-01T02:27:08.292+0000] {dag.py:2941} INFO - Sync 1 DAGs
[2026-02-01T02:27:08.362+0000] {logging_mixin.py:151} INFO - [2026-02-01T02:27:08.362+0000] {dag.py:3722} INFO - Setting next_dagrun for financial_full_pipeline to 2026-02-01T00:00:00+00:00, run_after=2026-02-02T00:00:00+00:00
[2026-02-01T02:27:08.406+0000] {processor.py:179} INFO - Processing /opt/airflow/dags/financial_DWH.py took 0.338 seconds
[2026-02-01T02:27:38.659+0000] {processor.py:157} INFO - Started process (PID=405) to work on /opt/airflow/dags/financial_DWH.py
[2026-02-01T02:27:38.661+0000] {processor.py:829} INFO - Processing file /opt/airflow/dags/financial_DWH.py for tasks to queue
[2026-02-01T02:27:38.663+0000] {logging_mixin.py:151} INFO - [2026-02-01T02:27:38.662+0000] {dagbag.py:536} INFO - Filling up the DagBag from /opt/airflow/dags/financial_DWH.py
[2026-02-01T02:27:38.774+0000] {processor.py:839} INFO - DAG(s) dict_keys(['financial_full_pipeline']) retrieved from /opt/airflow/dags/financial_DWH.py
[2026-02-01T02:27:38.822+0000] {logging_mixin.py:151} INFO - [2026-02-01T02:27:38.822+0000] {dag.py:2941} INFO - Sync 1 DAGs
[2026-02-01T02:27:38.860+0000] {logging_mixin.py:151} INFO - [2026-02-01T02:27:38.860+0000] {dag.py:3722} INFO - Setting next_dagrun for financial_full_pipeline to 2026-02-01T00:00:00+00:00, run_after=2026-02-02T00:00:00+00:00
[2026-02-01T02:27:38.892+0000] {processor.py:179} INFO - Processing /opt/airflow/dags/financial_DWH.py took 0.240 seconds
[2026-02-01T02:28:09.091+0000] {processor.py:157} INFO - Started process (PID=413) to work on /opt/airflow/dags/financial_DWH.py
[2026-02-01T02:28:09.093+0000] {processor.py:829} INFO - Processing file /opt/airflow/dags/financial_DWH.py for tasks to queue
[2026-02-01T02:28:09.095+0000] {logging_mixin.py:151} INFO - [2026-02-01T02:28:09.094+0000] {dagbag.py:536} INFO - Filling up the DagBag from /opt/airflow/dags/financial_DWH.py
[2026-02-01T02:28:09.187+0000] {processor.py:839} INFO - DAG(s) dict_keys(['financial_full_pipeline']) retrieved from /opt/airflow/dags/financial_DWH.py
[2026-02-01T02:28:09.231+0000] {logging_mixin.py:151} INFO - [2026-02-01T02:28:09.231+0000] {dag.py:2941} INFO - Sync 1 DAGs
[2026-02-01T02:28:09.266+0000] {logging_mixin.py:151} INFO - [2026-02-01T02:28:09.266+0000] {dag.py:3722} INFO - Setting next_dagrun for financial_full_pipeline to 2026-02-01T00:00:00+00:00, run_after=2026-02-02T00:00:00+00:00
[2026-02-01T02:28:09.294+0000] {processor.py:179} INFO - Processing /opt/airflow/dags/financial_DWH.py took 0.209 seconds
[2026-02-01T02:28:39.500+0000] {processor.py:157} INFO - Started process (PID=421) to work on /opt/airflow/dags/financial_DWH.py
[2026-02-01T02:28:39.502+0000] {processor.py:829} INFO - Processing file /opt/airflow/dags/financial_DWH.py for tasks to queue
[2026-02-01T02:28:39.503+0000] {logging_mixin.py:151} INFO - [2026-02-01T02:28:39.503+0000] {dagbag.py:536} INFO - Filling up the DagBag from /opt/airflow/dags/financial_DWH.py
[2026-02-01T02:28:39.595+0000] {processor.py:839} INFO - DAG(s) dict_keys(['financial_full_pipeline']) retrieved from /opt/airflow/dags/financial_DWH.py
[2026-02-01T02:28:39.645+0000] {logging_mixin.py:151} INFO - [2026-02-01T02:28:39.645+0000] {dag.py:2941} INFO - Sync 1 DAGs
[2026-02-01T02:28:39.693+0000] {logging_mixin.py:151} INFO - [2026-02-01T02:28:39.693+0000] {dag.py:3722} INFO - Setting next_dagrun for financial_full_pipeline to 2026-02-01T00:00:00+00:00, run_after=2026-02-02T00:00:00+00:00
[2026-02-01T02:28:39.736+0000] {processor.py:179} INFO - Processing /opt/airflow/dags/financial_DWH.py took 0.242 seconds
[2026-02-01T02:29:09.942+0000] {processor.py:157} INFO - Started process (PID=429) to work on /opt/airflow/dags/financial_DWH.py
[2026-02-01T02:29:09.946+0000] {processor.py:829} INFO - Processing file /opt/airflow/dags/financial_DWH.py for tasks to queue
[2026-02-01T02:29:09.948+0000] {logging_mixin.py:151} INFO - [2026-02-01T02:29:09.948+0000] {dagbag.py:536} INFO - Filling up the DagBag from /opt/airflow/dags/financial_DWH.py
[2026-02-01T02:29:10.046+0000] {processor.py:839} INFO - DAG(s) dict_keys(['financial_full_pipeline']) retrieved from /opt/airflow/dags/financial_DWH.py
[2026-02-01T02:29:10.097+0000] {logging_mixin.py:151} INFO - [2026-02-01T02:29:10.097+0000] {dag.py:2941} INFO - Sync 1 DAGs
[2026-02-01T02:29:10.139+0000] {logging_mixin.py:151} INFO - [2026-02-01T02:29:10.139+0000] {dag.py:3722} INFO - Setting next_dagrun for financial_full_pipeline to 2026-02-01T00:00:00+00:00, run_after=2026-02-02T00:00:00+00:00
[2026-02-01T02:29:10.170+0000] {processor.py:179} INFO - Processing /opt/airflow/dags/financial_DWH.py took 0.234 seconds
[2026-02-01T02:29:40.359+0000] {processor.py:157} INFO - Started process (PID=437) to work on /opt/airflow/dags/financial_DWH.py
[2026-02-01T02:29:40.362+0000] {processor.py:829} INFO - Processing file /opt/airflow/dags/financial_DWH.py for tasks to queue
[2026-02-01T02:29:40.363+0000] {logging_mixin.py:151} INFO - [2026-02-01T02:29:40.362+0000] {dagbag.py:536} INFO - Filling up the DagBag from /opt/airflow/dags/financial_DWH.py
[2026-02-01T02:29:40.454+0000] {processor.py:839} INFO - DAG(s) dict_keys(['financial_full_pipeline']) retrieved from /opt/airflow/dags/financial_DWH.py
[2026-02-01T02:29:40.501+0000] {logging_mixin.py:151} INFO - [2026-02-01T02:29:40.501+0000] {dag.py:2941} INFO - Sync 1 DAGs
[2026-02-01T02:29:47.655+0000] {logging_mixin.py:151} INFO - [2026-02-01T02:29:47.654+0000] {dag.py:3722} INFO - Setting next_dagrun for financial_full_pipeline to 2026-02-01T00:00:00+00:00, run_after=2026-02-02T00:00:00+00:00
[2026-02-01T02:29:47.707+0000] {processor.py:179} INFO - Processing /opt/airflow/dags/financial_DWH.py took 7.355 seconds
[2026-02-01T02:30:17.917+0000] {processor.py:157} INFO - Started process (PID=452) to work on /opt/airflow/dags/financial_DWH.py
[2026-02-01T02:30:17.920+0000] {processor.py:829} INFO - Processing file /opt/airflow/dags/financial_DWH.py for tasks to queue
[2026-02-01T02:30:17.922+0000] {logging_mixin.py:151} INFO - [2026-02-01T02:30:17.921+0000] {dagbag.py:536} INFO - Filling up the DagBag from /opt/airflow/dags/financial_DWH.py
[2026-02-01T02:30:18.018+0000] {processor.py:839} INFO - DAG(s) dict_keys(['financial_full_pipeline']) retrieved from /opt/airflow/dags/financial_DWH.py
[2026-02-01T02:30:18.061+0000] {logging_mixin.py:151} INFO - [2026-02-01T02:30:18.061+0000] {dag.py:2941} INFO - Sync 1 DAGs
[2026-02-01T02:30:18.099+0000] {logging_mixin.py:151} INFO - [2026-02-01T02:30:18.099+0000] {dag.py:3722} INFO - Setting next_dagrun for financial_full_pipeline to 2026-02-01T00:00:00+00:00, run_after=2026-02-02T00:00:00+00:00
[2026-02-01T02:30:18.131+0000] {processor.py:179} INFO - Processing /opt/airflow/dags/financial_DWH.py took 0.224 seconds
[2026-02-01T02:30:48.337+0000] {processor.py:157} INFO - Started process (PID=466) to work on /opt/airflow/dags/financial_DWH.py
[2026-02-01T02:30:48.341+0000] {processor.py:829} INFO - Processing file /opt/airflow/dags/financial_DWH.py for tasks to queue
[2026-02-01T02:30:48.343+0000] {logging_mixin.py:151} INFO - [2026-02-01T02:30:48.342+0000] {dagbag.py:536} INFO - Filling up the DagBag from /opt/airflow/dags/financial_DWH.py
[2026-02-01T02:30:48.464+0000] {processor.py:839} INFO - DAG(s) dict_keys(['financial_full_pipeline']) retrieved from /opt/airflow/dags/financial_DWH.py
[2026-02-01T02:30:48.521+0000] {logging_mixin.py:151} INFO - [2026-02-01T02:30:48.521+0000] {dag.py:2941} INFO - Sync 1 DAGs
[2026-02-01T02:30:48.577+0000] {logging_mixin.py:151} INFO - [2026-02-01T02:30:48.576+0000] {dag.py:3722} INFO - Setting next_dagrun for financial_full_pipeline to 2026-02-01T00:00:00+00:00, run_after=2026-02-02T00:00:00+00:00
[2026-02-01T02:30:48.618+0000] {processor.py:179} INFO - Processing /opt/airflow/dags/financial_DWH.py took 0.293 seconds
[2026-02-01T02:31:11.477+0000] {processor.py:157} INFO - Started process (PID=474) to work on /opt/airflow/dags/financial_DWH.py
[2026-02-01T02:31:11.479+0000] {processor.py:829} INFO - Processing file /opt/airflow/dags/financial_DWH.py for tasks to queue
[2026-02-01T02:31:11.480+0000] {logging_mixin.py:151} INFO - [2026-02-01T02:31:11.480+0000] {dagbag.py:536} INFO - Filling up the DagBag from /opt/airflow/dags/financial_DWH.py
[2026-02-01T02:31:11.559+0000] {logging_mixin.py:151} INFO - [2026-02-01T02:31:11.557+0000] {dagbag.py:346} ERROR - Failed to import: /opt/airflow/dags/financial_DWH.py
Traceback (most recent call last):
  File "/home/airflow/.local/lib/python3.8/site-packages/airflow/models/dagbag.py", line 342, in parse
    loader.exec_module(new_module)
  File "<frozen importlib._bootstrap_external>", line 843, in exec_module
  File "<frozen importlib._bootstrap>", line 219, in _call_with_frames_removed
  File "/opt/airflow/dags/financial_DWH.py", line 103, in <module>
    task_bronze_ingestion >> task_dbt_silver >> task_dbt_gold_dims >> task_dbt_gold_fact
NameError: name 'task_bronze_ingestion' is not defined
[2026-02-01T02:31:11.559+0000] {processor.py:841} WARNING - No viable dags retrieved from /opt/airflow/dags/financial_DWH.py
[2026-02-01T02:31:11.591+0000] {processor.py:179} INFO - Processing /opt/airflow/dags/financial_DWH.py took 0.120 seconds
[2026-02-01T02:31:16.519+0000] {processor.py:157} INFO - Started process (PID=482) to work on /opt/airflow/dags/financial_DWH.py
[2026-02-01T02:31:16.520+0000] {processor.py:829} INFO - Processing file /opt/airflow/dags/financial_DWH.py for tasks to queue
[2026-02-01T02:31:16.522+0000] {logging_mixin.py:151} INFO - [2026-02-01T02:31:16.521+0000] {dagbag.py:536} INFO - Filling up the DagBag from /opt/airflow/dags/financial_DWH.py
[2026-02-01T02:31:16.614+0000] {logging_mixin.py:151} INFO - [2026-02-01T02:31:16.612+0000] {dagbag.py:346} ERROR - Failed to import: /opt/airflow/dags/financial_DWH.py
Traceback (most recent call last):
  File "/home/airflow/.local/lib/python3.8/site-packages/airflow/models/dagbag.py", line 342, in parse
    loader.exec_module(new_module)
  File "<frozen importlib._bootstrap_external>", line 843, in exec_module
  File "<frozen importlib._bootstrap>", line 219, in _call_with_frames_removed
  File "/opt/airflow/dags/financial_DWH.py", line 108, in <module>
    task_bronze_ingestion >> task_dbt_silver >> task_dbt_gold_dims >> task_dbt_gold_fact
NameError: name 'task_bronze_ingestion' is not defined
[2026-02-01T02:31:16.614+0000] {processor.py:841} WARNING - No viable dags retrieved from /opt/airflow/dags/financial_DWH.py
[2026-02-01T02:31:16.679+0000] {processor.py:179} INFO - Processing /opt/airflow/dags/financial_DWH.py took 0.169 seconds
[2026-02-01T02:31:34.800+0000] {processor.py:157} INFO - Started process (PID=490) to work on /opt/airflow/dags/financial_DWH.py
[2026-02-01T02:31:34.809+0000] {processor.py:829} INFO - Processing file /opt/airflow/dags/financial_DWH.py for tasks to queue
[2026-02-01T02:31:34.811+0000] {logging_mixin.py:151} INFO - [2026-02-01T02:31:34.810+0000] {dagbag.py:536} INFO - Filling up the DagBag from /opt/airflow/dags/financial_DWH.py
[2026-02-01T02:31:34.906+0000] {logging_mixin.py:151} INFO - [2026-02-01T02:31:34.905+0000] {dagbag.py:346} ERROR - Failed to import: /opt/airflow/dags/financial_DWH.py
Traceback (most recent call last):
  File "/home/airflow/.local/lib/python3.8/site-packages/airflow/models/dagbag.py", line 342, in parse
    loader.exec_module(new_module)
  File "<frozen importlib._bootstrap_external>", line 843, in exec_module
  File "<frozen importlib._bootstrap>", line 219, in _call_with_frames_removed
  File "/opt/airflow/dags/financial_DWH.py", line 107, in <module>
    task_bronze_ingestion >> task_dbt_silver >> task_dbt_gold_dims >> task_dbt_gold_fact
NameError: name 'task_bronze_ingestion' is not defined
[2026-02-01T02:31:34.907+0000] {processor.py:841} WARNING - No viable dags retrieved from /opt/airflow/dags/financial_DWH.py
[2026-02-01T02:31:34.937+0000] {processor.py:179} INFO - Processing /opt/airflow/dags/financial_DWH.py took 0.146 seconds
[2026-02-01T02:32:05.038+0000] {processor.py:157} INFO - Started process (PID=498) to work on /opt/airflow/dags/financial_DWH.py
[2026-02-01T02:32:05.047+0000] {processor.py:829} INFO - Processing file /opt/airflow/dags/financial_DWH.py for tasks to queue
[2026-02-01T02:32:05.049+0000] {logging_mixin.py:151} INFO - [2026-02-01T02:32:05.048+0000] {dagbag.py:536} INFO - Filling up the DagBag from /opt/airflow/dags/financial_DWH.py
[2026-02-01T02:32:05.130+0000] {logging_mixin.py:151} INFO - [2026-02-01T02:32:05.129+0000] {dagbag.py:346} ERROR - Failed to import: /opt/airflow/dags/financial_DWH.py
Traceback (most recent call last):
  File "/home/airflow/.local/lib/python3.8/site-packages/airflow/models/dagbag.py", line 342, in parse
    loader.exec_module(new_module)
  File "<frozen importlib._bootstrap_external>", line 843, in exec_module
  File "<frozen importlib._bootstrap>", line 219, in _call_with_frames_removed
  File "/opt/airflow/dags/financial_DWH.py", line 107, in <module>
    task_bronze_ingestion >> task_dbt_silver >> task_dbt_gold_dims >> task_dbt_gold_fact
NameError: name 'task_bronze_ingestion' is not defined
[2026-02-01T02:32:05.131+0000] {processor.py:841} WARNING - No viable dags retrieved from /opt/airflow/dags/financial_DWH.py
[2026-02-01T02:32:05.187+0000] {processor.py:179} INFO - Processing /opt/airflow/dags/financial_DWH.py took 0.163 seconds
[2026-02-01T02:32:08.165+0000] {processor.py:157} INFO - Started process (PID=506) to work on /opt/airflow/dags/financial_DWH.py
[2026-02-01T02:32:08.167+0000] {processor.py:829} INFO - Processing file /opt/airflow/dags/financial_DWH.py for tasks to queue
[2026-02-01T02:32:08.170+0000] {logging_mixin.py:151} INFO - [2026-02-01T02:32:08.169+0000] {dagbag.py:536} INFO - Filling up the DagBag from /opt/airflow/dags/financial_DWH.py
[2026-02-01T02:32:08.303+0000] {processor.py:839} INFO - DAG(s) dict_keys(['financial_full_pipeline']) retrieved from /opt/airflow/dags/financial_DWH.py
[2026-02-01T02:32:08.761+0000] {logging_mixin.py:151} INFO - [2026-02-01T02:32:08.760+0000] {dag.py:2941} INFO - Sync 1 DAGs
[2026-02-01T02:32:08.991+0000] {logging_mixin.py:151} INFO - [2026-02-01T02:32:08.980+0000] {dag.py:3722} INFO - Setting next_dagrun for financial_full_pipeline to 2026-02-01T00:00:00+00:00, run_after=2026-02-02T00:00:00+00:00
[2026-02-01T02:32:09.067+0000] {processor.py:179} INFO - Processing /opt/airflow/dags/financial_DWH.py took 0.910 seconds
[2026-02-01T02:32:39.301+0000] {processor.py:157} INFO - Started process (PID=532) to work on /opt/airflow/dags/financial_DWH.py
[2026-02-01T02:32:39.305+0000] {processor.py:829} INFO - Processing file /opt/airflow/dags/financial_DWH.py for tasks to queue
[2026-02-01T02:32:39.307+0000] {logging_mixin.py:151} INFO - [2026-02-01T02:32:39.307+0000] {dagbag.py:536} INFO - Filling up the DagBag from /opt/airflow/dags/financial_DWH.py
[2026-02-01T02:32:39.414+0000] {processor.py:839} INFO - DAG(s) dict_keys(['financial_full_pipeline']) retrieved from /opt/airflow/dags/financial_DWH.py
[2026-02-01T02:32:39.473+0000] {logging_mixin.py:151} INFO - [2026-02-01T02:32:39.473+0000] {dag.py:2941} INFO - Sync 1 DAGs
[2026-02-01T02:32:39.525+0000] {logging_mixin.py:151} INFO - [2026-02-01T02:32:39.524+0000] {dag.py:3722} INFO - Setting next_dagrun for financial_full_pipeline to 2026-02-01T00:00:00+00:00, run_after=2026-02-02T00:00:00+00:00
[2026-02-01T02:32:39.561+0000] {processor.py:179} INFO - Processing /opt/airflow/dags/financial_DWH.py took 0.265 seconds
[2026-02-01T02:33:08.633+0000] {processor.py:157} INFO - Started process (PID=540) to work on /opt/airflow/dags/financial_DWH.py
[2026-02-01T02:33:08.635+0000] {processor.py:829} INFO - Processing file /opt/airflow/dags/financial_DWH.py for tasks to queue
[2026-02-01T02:33:08.636+0000] {logging_mixin.py:151} INFO - [2026-02-01T02:33:08.636+0000] {dagbag.py:536} INFO - Filling up the DagBag from /opt/airflow/dags/financial_DWH.py
[2026-02-01T02:33:08.732+0000] {processor.py:839} INFO - DAG(s) dict_keys(['financial_full_pipeline']) retrieved from /opt/airflow/dags/financial_DWH.py
[2026-02-01T02:33:08.777+0000] {logging_mixin.py:151} INFO - [2026-02-01T02:33:08.777+0000] {dag.py:2941} INFO - Sync 1 DAGs
[2026-02-01T02:33:08.826+0000] {logging_mixin.py:151} INFO - [2026-02-01T02:33:08.825+0000] {dag.py:3722} INFO - Setting next_dagrun for financial_full_pipeline to 2026-02-01T00:00:00+00:00, run_after=2026-02-02T00:00:00+00:00
[2026-02-01T02:33:08.881+0000] {processor.py:179} INFO - Processing /opt/airflow/dags/financial_DWH.py took 0.259 seconds
[2026-02-01T02:33:39.086+0000] {processor.py:157} INFO - Started process (PID=548) to work on /opt/airflow/dags/financial_DWH.py
[2026-02-01T02:33:39.089+0000] {processor.py:829} INFO - Processing file /opt/airflow/dags/financial_DWH.py for tasks to queue
[2026-02-01T02:33:39.091+0000] {logging_mixin.py:151} INFO - [2026-02-01T02:33:39.090+0000] {dagbag.py:536} INFO - Filling up the DagBag from /opt/airflow/dags/financial_DWH.py
[2026-02-01T02:33:39.208+0000] {processor.py:839} INFO - DAG(s) dict_keys(['financial_full_pipeline']) retrieved from /opt/airflow/dags/financial_DWH.py
[2026-02-01T02:33:39.260+0000] {logging_mixin.py:151} INFO - [2026-02-01T02:33:39.260+0000] {dag.py:2941} INFO - Sync 1 DAGs
[2026-02-01T02:33:39.303+0000] {logging_mixin.py:151} INFO - [2026-02-01T02:33:39.303+0000] {dag.py:3722} INFO - Setting next_dagrun for financial_full_pipeline to 2026-02-01T00:00:00+00:00, run_after=2026-02-02T00:00:00+00:00
[2026-02-01T02:33:39.350+0000] {processor.py:179} INFO - Processing /opt/airflow/dags/financial_DWH.py took 0.274 seconds
[2026-02-01T02:34:09.554+0000] {processor.py:157} INFO - Started process (PID=556) to work on /opt/airflow/dags/financial_DWH.py
[2026-02-01T02:34:09.555+0000] {processor.py:829} INFO - Processing file /opt/airflow/dags/financial_DWH.py for tasks to queue
[2026-02-01T02:34:09.556+0000] {logging_mixin.py:151} INFO - [2026-02-01T02:34:09.556+0000] {dagbag.py:536} INFO - Filling up the DagBag from /opt/airflow/dags/financial_DWH.py
[2026-02-01T02:34:09.626+0000] {processor.py:839} INFO - DAG(s) dict_keys(['financial_full_pipeline']) retrieved from /opt/airflow/dags/financial_DWH.py
[2026-02-01T02:34:09.669+0000] {logging_mixin.py:151} INFO - [2026-02-01T02:34:09.669+0000] {dag.py:2941} INFO - Sync 1 DAGs
[2026-02-01T02:34:09.705+0000] {logging_mixin.py:151} INFO - [2026-02-01T02:34:09.704+0000] {dag.py:3722} INFO - Setting next_dagrun for financial_full_pipeline to 2026-02-01T00:00:00+00:00, run_after=2026-02-02T00:00:00+00:00
[2026-02-01T02:34:09.737+0000] {processor.py:179} INFO - Processing /opt/airflow/dags/financial_DWH.py took 0.189 seconds
[2026-02-01T02:34:39.930+0000] {processor.py:157} INFO - Started process (PID=564) to work on /opt/airflow/dags/financial_DWH.py
[2026-02-01T02:34:39.933+0000] {processor.py:829} INFO - Processing file /opt/airflow/dags/financial_DWH.py for tasks to queue
[2026-02-01T02:34:39.934+0000] {logging_mixin.py:151} INFO - [2026-02-01T02:34:39.934+0000] {dagbag.py:536} INFO - Filling up the DagBag from /opt/airflow/dags/financial_DWH.py
[2026-02-01T02:34:40.005+0000] {processor.py:839} INFO - DAG(s) dict_keys(['financial_full_pipeline']) retrieved from /opt/airflow/dags/financial_DWH.py
[2026-02-01T02:34:40.049+0000] {logging_mixin.py:151} INFO - [2026-02-01T02:34:40.049+0000] {dag.py:2941} INFO - Sync 1 DAGs
[2026-02-01T02:34:40.094+0000] {logging_mixin.py:151} INFO - [2026-02-01T02:34:40.093+0000] {dag.py:3722} INFO - Setting next_dagrun for financial_full_pipeline to 2026-02-01T00:00:00+00:00, run_after=2026-02-02T00:00:00+00:00
[2026-02-01T02:34:40.131+0000] {processor.py:179} INFO - Processing /opt/airflow/dags/financial_DWH.py took 0.207 seconds
[2026-02-01T02:35:10.350+0000] {processor.py:157} INFO - Started process (PID=572) to work on /opt/airflow/dags/financial_DWH.py
[2026-02-01T02:35:10.352+0000] {processor.py:829} INFO - Processing file /opt/airflow/dags/financial_DWH.py for tasks to queue
[2026-02-01T02:35:10.363+0000] {logging_mixin.py:151} INFO - [2026-02-01T02:35:10.353+0000] {dagbag.py:536} INFO - Filling up the DagBag from /opt/airflow/dags/financial_DWH.py
[2026-02-01T02:35:10.635+0000] {processor.py:839} INFO - DAG(s) dict_keys(['financial_full_pipeline']) retrieved from /opt/airflow/dags/financial_DWH.py
[2026-02-01T02:35:10.719+0000] {logging_mixin.py:151} INFO - [2026-02-01T02:35:10.718+0000] {dag.py:2941} INFO - Sync 1 DAGs
[2026-02-01T02:35:10.774+0000] {logging_mixin.py:151} INFO - [2026-02-01T02:35:10.774+0000] {dag.py:3722} INFO - Setting next_dagrun for financial_full_pipeline to 2026-02-01T00:00:00+00:00, run_after=2026-02-02T00:00:00+00:00
[2026-02-01T02:35:10.811+0000] {processor.py:179} INFO - Processing /opt/airflow/dags/financial_DWH.py took 0.490 seconds
[2026-02-01T02:35:36.030+0000] {processor.py:157} INFO - Started process (PID=580) to work on /opt/airflow/dags/financial_DWH.py
[2026-02-01T02:35:36.033+0000] {processor.py:829} INFO - Processing file /opt/airflow/dags/financial_DWH.py for tasks to queue
[2026-02-01T02:35:36.044+0000] {logging_mixin.py:151} INFO - [2026-02-01T02:35:36.034+0000] {dagbag.py:536} INFO - Filling up the DagBag from /opt/airflow/dags/financial_DWH.py
[2026-02-01T02:35:36.126+0000] {processor.py:839} INFO - DAG(s) dict_keys(['financial_full_pipeline']) retrieved from /opt/airflow/dags/financial_DWH.py
[2026-02-01T02:35:36.593+0000] {logging_mixin.py:151} INFO - [2026-02-01T02:35:36.593+0000] {dag.py:2941} INFO - Sync 1 DAGs
[2026-02-01T02:35:36.656+0000] {logging_mixin.py:151} INFO - [2026-02-01T02:35:36.655+0000] {dag.py:3722} INFO - Setting next_dagrun for financial_full_pipeline to 2026-02-01T00:00:00+00:00, run_after=2026-02-02T00:00:00+00:00
[2026-02-01T02:35:36.697+0000] {processor.py:179} INFO - Processing /opt/airflow/dags/financial_DWH.py took 0.696 seconds
[2026-02-01T02:36:06.929+0000] {processor.py:157} INFO - Started process (PID=592) to work on /opt/airflow/dags/financial_DWH.py
[2026-02-01T02:36:06.933+0000] {processor.py:829} INFO - Processing file /opt/airflow/dags/financial_DWH.py for tasks to queue
[2026-02-01T02:36:06.935+0000] {logging_mixin.py:151} INFO - [2026-02-01T02:36:06.934+0000] {dagbag.py:536} INFO - Filling up the DagBag from /opt/airflow/dags/financial_DWH.py
[2026-02-01T02:36:06.963+0000] {processor.py:839} INFO - DAG(s) dict_keys(['financial_full_pipeline']) retrieved from /opt/airflow/dags/financial_DWH.py
[2026-02-01T02:36:07.049+0000] {logging_mixin.py:151} INFO - [2026-02-01T02:36:07.049+0000] {dag.py:2941} INFO - Sync 1 DAGs
[2026-02-01T02:36:07.149+0000] {logging_mixin.py:151} INFO - [2026-02-01T02:36:07.149+0000] {dag.py:3722} INFO - Setting next_dagrun for financial_full_pipeline to 2026-02-01T00:00:00+00:00, run_after=2026-02-02T00:00:00+00:00
[2026-02-01T02:36:07.206+0000] {processor.py:179} INFO - Processing /opt/airflow/dags/financial_DWH.py took 0.286 seconds
[2026-02-01T02:36:37.418+0000] {processor.py:157} INFO - Started process (PID=606) to work on /opt/airflow/dags/financial_DWH.py
[2026-02-01T02:36:37.419+0000] {processor.py:829} INFO - Processing file /opt/airflow/dags/financial_DWH.py for tasks to queue
[2026-02-01T02:36:37.421+0000] {logging_mixin.py:151} INFO - [2026-02-01T02:36:37.420+0000] {dagbag.py:536} INFO - Filling up the DagBag from /opt/airflow/dags/financial_DWH.py
[2026-02-01T02:36:37.449+0000] {processor.py:839} INFO - DAG(s) dict_keys(['financial_full_pipeline']) retrieved from /opt/airflow/dags/financial_DWH.py
[2026-02-01T02:36:37.523+0000] {logging_mixin.py:151} INFO - [2026-02-01T02:36:37.522+0000] {dag.py:2941} INFO - Sync 1 DAGs
[2026-02-01T02:36:37.591+0000] {logging_mixin.py:151} INFO - [2026-02-01T02:36:37.591+0000] {dag.py:3722} INFO - Setting next_dagrun for financial_full_pipeline to 2026-02-01T00:00:00+00:00, run_after=2026-02-02T00:00:00+00:00
[2026-02-01T02:36:37.641+0000] {processor.py:179} INFO - Processing /opt/airflow/dags/financial_DWH.py took 0.236 seconds
[2026-02-01T02:36:46.498+0000] {processor.py:157} INFO - Started process (PID=611) to work on /opt/airflow/dags/financial_DWH.py
[2026-02-01T02:36:46.501+0000] {processor.py:829} INFO - Processing file /opt/airflow/dags/financial_DWH.py for tasks to queue
[2026-02-01T02:36:46.503+0000] {logging_mixin.py:151} INFO - [2026-02-01T02:36:46.502+0000] {dagbag.py:536} INFO - Filling up the DagBag from /opt/airflow/dags/financial_DWH.py
[2026-02-01T02:36:46.546+0000] {processor.py:839} INFO - DAG(s) dict_keys(['financial_full_pipeline']) retrieved from /opt/airflow/dags/financial_DWH.py
[2026-02-01T02:36:46.618+0000] {logging_mixin.py:151} INFO - [2026-02-01T02:36:46.618+0000] {dag.py:2941} INFO - Sync 1 DAGs
[2026-02-01T02:36:46.711+0000] {logging_mixin.py:151} INFO - [2026-02-01T02:36:46.711+0000] {dag.py:3722} INFO - Setting next_dagrun for financial_full_pipeline to 2026-02-01T00:00:00+00:00, run_after=2026-02-02T00:00:00+00:00
[2026-02-01T02:36:46.761+0000] {processor.py:179} INFO - Processing /opt/airflow/dags/financial_DWH.py took 0.274 seconds
[2026-02-01T02:36:47.788+0000] {processor.py:157} INFO - Started process (PID=616) to work on /opt/airflow/dags/financial_DWH.py
[2026-02-01T02:36:47.790+0000] {processor.py:829} INFO - Processing file /opt/airflow/dags/financial_DWH.py for tasks to queue
[2026-02-01T02:36:47.801+0000] {logging_mixin.py:151} INFO - [2026-02-01T02:36:47.791+0000] {dagbag.py:536} INFO - Filling up the DagBag from /opt/airflow/dags/financial_DWH.py
[2026-02-01T02:36:47.901+0000] {processor.py:839} INFO - DAG(s) dict_keys(['financial_full_pipeline']) retrieved from /opt/airflow/dags/financial_DWH.py
[2026-02-01T02:36:48.089+0000] {logging_mixin.py:151} INFO - [2026-02-01T02:36:48.089+0000] {dag.py:2941} INFO - Sync 1 DAGs
[2026-02-01T02:36:48.185+0000] {logging_mixin.py:151} INFO - [2026-02-01T02:36:48.184+0000] {dag.py:3722} INFO - Setting next_dagrun for financial_full_pipeline to 2026-02-01T00:00:00+00:00, run_after=2026-02-02T00:00:00+00:00
[2026-02-01T02:36:48.269+0000] {processor.py:179} INFO - Processing /opt/airflow/dags/financial_DWH.py took 0.497 seconds
[2026-02-01T02:36:48.853+0000] {processor.py:157} INFO - Started process (PID=621) to work on /opt/airflow/dags/financial_DWH.py
[2026-02-01T02:36:48.865+0000] {processor.py:829} INFO - Processing file /opt/airflow/dags/financial_DWH.py for tasks to queue
[2026-02-01T02:36:48.870+0000] {logging_mixin.py:151} INFO - [2026-02-01T02:36:48.869+0000] {dagbag.py:536} INFO - Filling up the DagBag from /opt/airflow/dags/financial_DWH.py
[2026-02-01T02:36:48.941+0000] {processor.py:839} INFO - DAG(s) dict_keys(['financial_full_pipeline']) retrieved from /opt/airflow/dags/financial_DWH.py
[2026-02-01T02:36:49.028+0000] {logging_mixin.py:151} INFO - [2026-02-01T02:36:49.028+0000] {dag.py:2941} INFO - Sync 1 DAGs
[2026-02-01T02:36:49.109+0000] {logging_mixin.py:151} INFO - [2026-02-01T02:36:49.109+0000] {dag.py:3722} INFO - Setting next_dagrun for financial_full_pipeline to 2026-02-01T00:00:00+00:00, run_after=2026-02-02T00:00:00+00:00
[2026-02-01T02:36:49.154+0000] {processor.py:179} INFO - Processing /opt/airflow/dags/financial_DWH.py took 0.309 seconds
[2026-02-01T02:36:50.878+0000] {processor.py:157} INFO - Started process (PID=626) to work on /opt/airflow/dags/financial_DWH.py
[2026-02-01T02:36:50.880+0000] {processor.py:829} INFO - Processing file /opt/airflow/dags/financial_DWH.py for tasks to queue
[2026-02-01T02:36:50.881+0000] {logging_mixin.py:151} INFO - [2026-02-01T02:36:50.880+0000] {dagbag.py:536} INFO - Filling up the DagBag from /opt/airflow/dags/financial_DWH.py
[2026-02-01T02:36:50.910+0000] {processor.py:839} INFO - DAG(s) dict_keys(['financial_full_pipeline']) retrieved from /opt/airflow/dags/financial_DWH.py
[2026-02-01T02:36:50.957+0000] {logging_mixin.py:151} INFO - [2026-02-01T02:36:50.957+0000] {dag.py:2941} INFO - Sync 1 DAGs
[2026-02-01T02:36:51.000+0000] {logging_mixin.py:151} INFO - [2026-02-01T02:36:51.000+0000] {dag.py:3722} INFO - Setting next_dagrun for financial_full_pipeline to 2026-02-01T00:00:00+00:00, run_after=2026-02-02T00:00:00+00:00
[2026-02-01T02:36:51.032+0000] {processor.py:179} INFO - Processing /opt/airflow/dags/financial_DWH.py took 0.161 seconds
[2026-02-01T02:37:14.028+0000] {processor.py:157} INFO - Started process (PID=631) to work on /opt/airflow/dags/financial_DWH.py
[2026-02-01T02:37:14.030+0000] {processor.py:829} INFO - Processing file /opt/airflow/dags/financial_DWH.py for tasks to queue
[2026-02-01T02:37:14.031+0000] {logging_mixin.py:151} INFO - [2026-02-01T02:37:14.031+0000] {dagbag.py:536} INFO - Filling up the DagBag from /opt/airflow/dags/financial_DWH.py
[2026-02-01T02:37:14.064+0000] {processor.py:839} INFO - DAG(s) dict_keys(['financial_full_pipeline']) retrieved from /opt/airflow/dags/financial_DWH.py
[2026-02-01T02:37:14.134+0000] {logging_mixin.py:151} INFO - [2026-02-01T02:37:14.134+0000] {dag.py:2941} INFO - Sync 1 DAGs
[2026-02-01T02:37:14.216+0000] {logging_mixin.py:151} INFO - [2026-02-01T02:37:14.215+0000] {dag.py:3722} INFO - Setting next_dagrun for financial_full_pipeline to 2026-02-01T00:00:00+00:00, run_after=2026-02-02T00:00:00+00:00
[2026-02-01T02:37:14.247+0000] {processor.py:179} INFO - Processing /opt/airflow/dags/financial_DWH.py took 0.225 seconds
[2026-02-01T02:37:44.470+0000] {processor.py:157} INFO - Started process (PID=675) to work on /opt/airflow/dags/financial_DWH.py
[2026-02-01T02:37:44.489+0000] {processor.py:829} INFO - Processing file /opt/airflow/dags/financial_DWH.py for tasks to queue
[2026-02-01T02:37:44.507+0000] {logging_mixin.py:151} INFO - [2026-02-01T02:37:44.506+0000] {dagbag.py:536} INFO - Filling up the DagBag from /opt/airflow/dags/financial_DWH.py
[2026-02-01T02:37:44.583+0000] {processor.py:839} INFO - DAG(s) dict_keys(['financial_full_pipeline']) retrieved from /opt/airflow/dags/financial_DWH.py
[2026-02-01T02:37:44.718+0000] {logging_mixin.py:151} INFO - [2026-02-01T02:37:44.717+0000] {dag.py:2941} INFO - Sync 1 DAGs
[2026-02-01T02:37:44.898+0000] {logging_mixin.py:151} INFO - [2026-02-01T02:37:44.898+0000] {dag.py:3722} INFO - Setting next_dagrun for financial_full_pipeline to 2026-02-01T00:00:00+00:00, run_after=2026-02-02T00:00:00+00:00
[2026-02-01T02:37:45.035+0000] {processor.py:179} INFO - Processing /opt/airflow/dags/financial_DWH.py took 0.594 seconds
[2026-02-01T02:38:15.358+0000] {processor.py:157} INFO - Started process (PID=719) to work on /opt/airflow/dags/financial_DWH.py
[2026-02-01T02:38:15.361+0000] {processor.py:829} INFO - Processing file /opt/airflow/dags/financial_DWH.py for tasks to queue
[2026-02-01T02:38:15.364+0000] {logging_mixin.py:151} INFO - [2026-02-01T02:38:15.363+0000] {dagbag.py:536} INFO - Filling up the DagBag from /opt/airflow/dags/financial_DWH.py
[2026-02-01T02:38:15.405+0000] {processor.py:839} INFO - DAG(s) dict_keys(['financial_full_pipeline']) retrieved from /opt/airflow/dags/financial_DWH.py
[2026-02-01T02:38:15.472+0000] {logging_mixin.py:151} INFO - [2026-02-01T02:38:15.471+0000] {dag.py:2941} INFO - Sync 1 DAGs
[2026-02-01T02:38:15.529+0000] {logging_mixin.py:151} INFO - [2026-02-01T02:38:15.529+0000] {dag.py:3722} INFO - Setting next_dagrun for financial_full_pipeline to 2026-02-01T00:00:00+00:00, run_after=2026-02-02T00:00:00+00:00
[2026-02-01T02:38:15.591+0000] {processor.py:179} INFO - Processing /opt/airflow/dags/financial_DWH.py took 0.244 seconds
[2026-02-01T02:38:24.725+0000] {processor.py:157} INFO - Started process (PID=724) to work on /opt/airflow/dags/financial_DWH.py
[2026-02-01T02:38:24.727+0000] {processor.py:829} INFO - Processing file /opt/airflow/dags/financial_DWH.py for tasks to queue
[2026-02-01T02:38:24.729+0000] {logging_mixin.py:151} INFO - [2026-02-01T02:38:24.728+0000] {dagbag.py:536} INFO - Filling up the DagBag from /opt/airflow/dags/financial_DWH.py
[2026-02-01T02:38:24.788+0000] {processor.py:839} INFO - DAG(s) dict_keys(['financial_full_pipeline']) retrieved from /opt/airflow/dags/financial_DWH.py
[2026-02-01T02:38:25.032+0000] {logging_mixin.py:151} INFO - [2026-02-01T02:38:25.032+0000] {dag.py:2941} INFO - Sync 1 DAGs
[2026-02-01T02:38:25.067+0000] {logging_mixin.py:151} INFO - [2026-02-01T02:38:25.066+0000] {dag.py:3722} INFO - Setting next_dagrun for financial_full_pipeline to 2026-02-01T00:00:00+00:00, run_after=2026-02-02T00:00:00+00:00
[2026-02-01T02:38:25.103+0000] {processor.py:179} INFO - Processing /opt/airflow/dags/financial_DWH.py took 0.409 seconds
[2026-02-01T02:38:55.326+0000] {processor.py:157} INFO - Started process (PID=768) to work on /opt/airflow/dags/financial_DWH.py
[2026-02-01T02:38:55.329+0000] {processor.py:829} INFO - Processing file /opt/airflow/dags/financial_DWH.py for tasks to queue
[2026-02-01T02:38:55.330+0000] {logging_mixin.py:151} INFO - [2026-02-01T02:38:55.329+0000] {dagbag.py:536} INFO - Filling up the DagBag from /opt/airflow/dags/financial_DWH.py
[2026-02-01T02:38:55.357+0000] {processor.py:839} INFO - DAG(s) dict_keys(['financial_full_pipeline']) retrieved from /opt/airflow/dags/financial_DWH.py
[2026-02-01T02:38:55.409+0000] {logging_mixin.py:151} INFO - [2026-02-01T02:38:55.409+0000] {dag.py:2941} INFO - Sync 1 DAGs
[2026-02-01T02:38:55.454+0000] {logging_mixin.py:151} INFO - [2026-02-01T02:38:55.453+0000] {dag.py:3722} INFO - Setting next_dagrun for financial_full_pipeline to 2026-02-01T00:00:00+00:00, run_after=2026-02-02T00:00:00+00:00
[2026-02-01T02:38:55.493+0000] {processor.py:179} INFO - Processing /opt/airflow/dags/financial_DWH.py took 0.175 seconds
[2026-02-01T02:39:25.720+0000] {processor.py:157} INFO - Started process (PID=773) to work on /opt/airflow/dags/financial_DWH.py
[2026-02-01T02:39:25.724+0000] {processor.py:829} INFO - Processing file /opt/airflow/dags/financial_DWH.py for tasks to queue
[2026-02-01T02:39:25.726+0000] {logging_mixin.py:151} INFO - [2026-02-01T02:39:25.725+0000] {dagbag.py:536} INFO - Filling up the DagBag from /opt/airflow/dags/financial_DWH.py
[2026-02-01T02:39:25.759+0000] {processor.py:839} INFO - DAG(s) dict_keys(['financial_full_pipeline']) retrieved from /opt/airflow/dags/financial_DWH.py
[2026-02-01T02:39:25.834+0000] {logging_mixin.py:151} INFO - [2026-02-01T02:39:25.834+0000] {dag.py:2941} INFO - Sync 1 DAGs
[2026-02-01T02:39:25.884+0000] {logging_mixin.py:151} INFO - [2026-02-01T02:39:25.883+0000] {dag.py:3722} INFO - Setting next_dagrun for financial_full_pipeline to 2026-02-01T00:00:00+00:00, run_after=2026-02-02T00:00:00+00:00
[2026-02-01T02:39:25.922+0000] {processor.py:179} INFO - Processing /opt/airflow/dags/financial_DWH.py took 0.215 seconds
[2026-02-01T02:39:47.855+0000] {processor.py:157} INFO - Started process (PID=778) to work on /opt/airflow/dags/financial_DWH.py
[2026-02-01T02:39:47.860+0000] {processor.py:829} INFO - Processing file /opt/airflow/dags/financial_DWH.py for tasks to queue
[2026-02-01T02:39:47.861+0000] {logging_mixin.py:151} INFO - [2026-02-01T02:39:47.861+0000] {dagbag.py:536} INFO - Filling up the DagBag from /opt/airflow/dags/financial_DWH.py
[2026-02-01T02:39:47.868+0000] {logging_mixin.py:151} INFO - [2026-02-01T02:39:47.866+0000] {dagbag.py:346} ERROR - Failed to import: /opt/airflow/dags/financial_DWH.py
Traceback (most recent call last):
  File "/home/airflow/.local/lib/python3.8/site-packages/airflow/models/dagbag.py", line 342, in parse
    loader.exec_module(new_module)
  File "<frozen importlib._bootstrap_external>", line 839, in exec_module
  File "<frozen importlib._bootstrap_external>", line 976, in get_code
  File "<frozen importlib._bootstrap_external>", line 906, in source_to_code
  File "<frozen importlib._bootstrap>", line 219, in _call_with_frames_removed
  File "/opt/airflow/dags/financial_DWH.py", line 81
    task_dbt_silver = BashOperator(
    ^
IndentationError: unexpected indent
[2026-02-01T02:39:47.869+0000] {processor.py:841} WARNING - No viable dags retrieved from /opt/airflow/dags/financial_DWH.py
[2026-02-01T02:39:47.924+0000] {processor.py:179} INFO - Processing /opt/airflow/dags/financial_DWH.py took 0.079 seconds
[2026-02-01T02:39:49.869+0000] {processor.py:157} INFO - Started process (PID=783) to work on /opt/airflow/dags/financial_DWH.py
[2026-02-01T02:39:49.870+0000] {processor.py:829} INFO - Processing file /opt/airflow/dags/financial_DWH.py for tasks to queue
[2026-02-01T02:39:49.871+0000] {logging_mixin.py:151} INFO - [2026-02-01T02:39:49.871+0000] {dagbag.py:536} INFO - Filling up the DagBag from /opt/airflow/dags/financial_DWH.py
[2026-02-01T02:39:49.901+0000] {processor.py:839} INFO - DAG(s) dict_keys(['financial_full_pipeline']) retrieved from /opt/airflow/dags/financial_DWH.py
[2026-02-01T02:39:49.956+0000] {logging_mixin.py:151} INFO - [2026-02-01T02:39:49.956+0000] {dag.py:2941} INFO - Sync 1 DAGs
[2026-02-01T02:39:50.010+0000] {logging_mixin.py:151} INFO - [2026-02-01T02:39:50.009+0000] {dag.py:3722} INFO - Setting next_dagrun for financial_full_pipeline to 2026-02-01T00:00:00+00:00, run_after=2026-02-02T00:00:00+00:00
[2026-02-01T02:39:50.056+0000] {processor.py:179} INFO - Processing /opt/airflow/dags/financial_DWH.py took 0.194 seconds
[2026-02-01T02:40:20.254+0000] {processor.py:157} INFO - Started process (PID=788) to work on /opt/airflow/dags/financial_DWH.py
[2026-02-01T02:40:20.256+0000] {processor.py:829} INFO - Processing file /opt/airflow/dags/financial_DWH.py for tasks to queue
[2026-02-01T02:40:20.257+0000] {logging_mixin.py:151} INFO - [2026-02-01T02:40:20.257+0000] {dagbag.py:536} INFO - Filling up the DagBag from /opt/airflow/dags/financial_DWH.py
[2026-02-01T02:40:20.282+0000] {processor.py:839} INFO - DAG(s) dict_keys(['financial_full_pipeline']) retrieved from /opt/airflow/dags/financial_DWH.py
[2026-02-01T02:40:20.321+0000] {logging_mixin.py:151} INFO - [2026-02-01T02:40:20.320+0000] {dag.py:2941} INFO - Sync 1 DAGs
[2026-02-01T02:40:20.359+0000] {logging_mixin.py:151} INFO - [2026-02-01T02:40:20.358+0000] {dag.py:3722} INFO - Setting next_dagrun for financial_full_pipeline to 2026-02-01T00:00:00+00:00, run_after=2026-02-02T00:00:00+00:00
[2026-02-01T02:40:20.386+0000] {processor.py:179} INFO - Processing /opt/airflow/dags/financial_DWH.py took 0.139 seconds
[2026-02-01T02:40:50.485+0000] {processor.py:157} INFO - Started process (PID=832) to work on /opt/airflow/dags/financial_DWH.py
[2026-02-01T02:40:50.489+0000] {processor.py:829} INFO - Processing file /opt/airflow/dags/financial_DWH.py for tasks to queue
[2026-02-01T02:40:50.491+0000] {logging_mixin.py:151} INFO - [2026-02-01T02:40:50.491+0000] {dagbag.py:536} INFO - Filling up the DagBag from /opt/airflow/dags/financial_DWH.py
[2026-02-01T02:40:50.519+0000] {processor.py:839} INFO - DAG(s) dict_keys(['financial_full_pipeline']) retrieved from /opt/airflow/dags/financial_DWH.py
[2026-02-01T02:40:50.574+0000] {logging_mixin.py:151} INFO - [2026-02-01T02:40:50.573+0000] {dag.py:2941} INFO - Sync 1 DAGs
[2026-02-01T02:40:50.612+0000] {logging_mixin.py:151} INFO - [2026-02-01T02:40:50.612+0000] {dag.py:3722} INFO - Setting next_dagrun for financial_full_pipeline to 2026-02-01T00:00:00+00:00, run_after=2026-02-02T00:00:00+00:00
[2026-02-01T02:40:50.640+0000] {processor.py:179} INFO - Processing /opt/airflow/dags/financial_DWH.py took 0.161 seconds
[2026-02-01T02:41:20.741+0000] {processor.py:157} INFO - Started process (PID=837) to work on /opt/airflow/dags/financial_DWH.py
[2026-02-01T02:41:20.743+0000] {processor.py:829} INFO - Processing file /opt/airflow/dags/financial_DWH.py for tasks to queue
[2026-02-01T02:41:20.744+0000] {logging_mixin.py:151} INFO - [2026-02-01T02:41:20.744+0000] {dagbag.py:536} INFO - Filling up the DagBag from /opt/airflow/dags/financial_DWH.py
[2026-02-01T02:41:20.765+0000] {processor.py:839} INFO - DAG(s) dict_keys(['financial_full_pipeline']) retrieved from /opt/airflow/dags/financial_DWH.py
[2026-02-01T02:41:20.813+0000] {logging_mixin.py:151} INFO - [2026-02-01T02:41:20.813+0000] {dag.py:2941} INFO - Sync 1 DAGs
[2026-02-01T02:41:20.854+0000] {logging_mixin.py:151} INFO - [2026-02-01T02:41:20.854+0000] {dag.py:3722} INFO - Setting next_dagrun for financial_full_pipeline to 2026-02-01T00:00:00+00:00, run_after=2026-02-02T00:00:00+00:00
[2026-02-01T02:41:20.889+0000] {processor.py:179} INFO - Processing /opt/airflow/dags/financial_DWH.py took 0.154 seconds
[2026-02-01T02:41:30.888+0000] {processor.py:157} INFO - Started process (PID=842) to work on /opt/airflow/dags/financial_DWH.py
[2026-02-01T02:41:32.517+0000] {processor.py:829} INFO - Processing file /opt/airflow/dags/financial_DWH.py for tasks to queue
[2026-02-01T02:41:32.520+0000] {logging_mixin.py:151} INFO - [2026-02-01T02:41:32.519+0000] {dagbag.py:536} INFO - Filling up the DagBag from /opt/airflow/dags/financial_DWH.py
[2026-02-01T02:41:32.592+0000] {processor.py:839} INFO - DAG(s) dict_keys(['financial_full_pipeline']) retrieved from /opt/airflow/dags/financial_DWH.py
[2026-02-01T02:41:32.736+0000] {logging_mixin.py:151} INFO - [2026-02-01T02:41:32.735+0000] {dag.py:2941} INFO - Sync 1 DAGs
[2026-02-01T02:41:32.815+0000] {logging_mixin.py:151} INFO - [2026-02-01T02:41:32.815+0000] {dag.py:3722} INFO - Setting next_dagrun for financial_full_pipeline to 2026-02-01T00:00:00+00:00, run_after=2026-02-02T00:00:00+00:00
[2026-02-01T02:41:32.860+0000] {processor.py:179} INFO - Processing /opt/airflow/dags/financial_DWH.py took 1.978 seconds
[2026-02-01T02:42:03.104+0000] {processor.py:157} INFO - Started process (PID=847) to work on /opt/airflow/dags/financial_DWH.py
[2026-02-01T02:42:03.106+0000] {processor.py:829} INFO - Processing file /opt/airflow/dags/financial_DWH.py for tasks to queue
[2026-02-01T02:42:03.107+0000] {logging_mixin.py:151} INFO - [2026-02-01T02:42:03.106+0000] {dagbag.py:536} INFO - Filling up the DagBag from /opt/airflow/dags/financial_DWH.py
[2026-02-01T02:42:03.129+0000] {processor.py:839} INFO - DAG(s) dict_keys(['financial_full_pipeline']) retrieved from /opt/airflow/dags/financial_DWH.py
[2026-02-01T02:42:03.173+0000] {logging_mixin.py:151} INFO - [2026-02-01T02:42:03.173+0000] {dag.py:2941} INFO - Sync 1 DAGs
[2026-02-01T02:42:03.226+0000] {logging_mixin.py:151} INFO - [2026-02-01T02:42:03.226+0000] {dag.py:3722} INFO - Setting next_dagrun for financial_full_pipeline to 2026-02-01T00:00:00+00:00, run_after=2026-02-02T00:00:00+00:00
[2026-02-01T02:42:03.265+0000] {processor.py:179} INFO - Processing /opt/airflow/dags/financial_DWH.py took 0.166 seconds
[2026-02-01T02:42:33.347+0000] {processor.py:157} INFO - Started process (PID=891) to work on /opt/airflow/dags/financial_DWH.py
[2026-02-01T02:42:33.350+0000] {processor.py:829} INFO - Processing file /opt/airflow/dags/financial_DWH.py for tasks to queue
[2026-02-01T02:42:33.352+0000] {logging_mixin.py:151} INFO - [2026-02-01T02:42:33.351+0000] {dagbag.py:536} INFO - Filling up the DagBag from /opt/airflow/dags/financial_DWH.py
[2026-02-01T02:42:33.411+0000] {processor.py:839} INFO - DAG(s) dict_keys(['financial_full_pipeline']) retrieved from /opt/airflow/dags/financial_DWH.py
[2026-02-01T02:42:33.487+0000] {logging_mixin.py:151} INFO - [2026-02-01T02:42:33.486+0000] {dag.py:2941} INFO - Sync 1 DAGs
[2026-02-01T02:42:33.591+0000] {logging_mixin.py:151} INFO - [2026-02-01T02:42:33.590+0000] {dag.py:3722} INFO - Setting next_dagrun for financial_full_pipeline to 2026-02-01T00:00:00+00:00, run_after=2026-02-02T00:00:00+00:00
[2026-02-01T02:42:33.668+0000] {processor.py:179} INFO - Processing /opt/airflow/dags/financial_DWH.py took 0.339 seconds
[2026-02-01T02:43:03.866+0000] {processor.py:157} INFO - Started process (PID=935) to work on /opt/airflow/dags/financial_DWH.py
[2026-02-01T02:43:03.868+0000] {processor.py:829} INFO - Processing file /opt/airflow/dags/financial_DWH.py for tasks to queue
[2026-02-01T02:43:03.870+0000] {logging_mixin.py:151} INFO - [2026-02-01T02:43:03.869+0000] {dagbag.py:536} INFO - Filling up the DagBag from /opt/airflow/dags/financial_DWH.py
[2026-02-01T02:43:03.893+0000] {processor.py:839} INFO - DAG(s) dict_keys(['financial_full_pipeline']) retrieved from /opt/airflow/dags/financial_DWH.py
[2026-02-01T02:43:03.949+0000] {logging_mixin.py:151} INFO - [2026-02-01T02:43:03.948+0000] {dag.py:2941} INFO - Sync 1 DAGs
[2026-02-01T02:43:03.993+0000] {logging_mixin.py:151} INFO - [2026-02-01T02:43:03.993+0000] {dag.py:3722} INFO - Setting next_dagrun for financial_full_pipeline to 2026-02-01T00:00:00+00:00, run_after=2026-02-02T00:00:00+00:00
[2026-02-01T02:43:04.028+0000] {processor.py:179} INFO - Processing /opt/airflow/dags/financial_DWH.py took 0.168 seconds
[2026-02-01T02:43:34.231+0000] {processor.py:157} INFO - Started process (PID=940) to work on /opt/airflow/dags/financial_DWH.py
[2026-02-01T02:43:34.233+0000] {processor.py:829} INFO - Processing file /opt/airflow/dags/financial_DWH.py for tasks to queue
[2026-02-01T02:43:34.236+0000] {logging_mixin.py:151} INFO - [2026-02-01T02:43:34.235+0000] {dagbag.py:536} INFO - Filling up the DagBag from /opt/airflow/dags/financial_DWH.py
[2026-02-01T02:43:34.278+0000] {processor.py:839} INFO - DAG(s) dict_keys(['financial_full_pipeline']) retrieved from /opt/airflow/dags/financial_DWH.py
[2026-02-01T02:43:34.349+0000] {logging_mixin.py:151} INFO - [2026-02-01T02:43:34.349+0000] {dag.py:2941} INFO - Sync 1 DAGs
[2026-02-01T02:43:34.394+0000] {logging_mixin.py:151} INFO - [2026-02-01T02:43:34.394+0000] {dag.py:3722} INFO - Setting next_dagrun for financial_full_pipeline to 2026-02-01T00:00:00+00:00, run_after=2026-02-02T00:00:00+00:00
[2026-02-01T02:43:34.446+0000] {processor.py:179} INFO - Processing /opt/airflow/dags/financial_DWH.py took 0.224 seconds
[2026-02-01T02:44:04.650+0000] {processor.py:157} INFO - Started process (PID=1062) to work on /opt/airflow/dags/financial_DWH.py
[2026-02-01T02:44:04.652+0000] {processor.py:829} INFO - Processing file /opt/airflow/dags/financial_DWH.py for tasks to queue
[2026-02-01T02:44:04.654+0000] {logging_mixin.py:151} INFO - [2026-02-01T02:44:04.653+0000] {dagbag.py:536} INFO - Filling up the DagBag from /opt/airflow/dags/financial_DWH.py
[2026-02-01T02:44:04.676+0000] {processor.py:839} INFO - DAG(s) dict_keys(['financial_full_pipeline']) retrieved from /opt/airflow/dags/financial_DWH.py
[2026-02-01T02:44:04.722+0000] {logging_mixin.py:151} INFO - [2026-02-01T02:44:04.722+0000] {dag.py:2941} INFO - Sync 1 DAGs
[2026-02-01T02:44:04.762+0000] {logging_mixin.py:151} INFO - [2026-02-01T02:44:04.762+0000] {dag.py:3722} INFO - Setting next_dagrun for financial_full_pipeline to 2026-02-01T00:00:00+00:00, run_after=2026-02-02T00:00:00+00:00
[2026-02-01T02:44:04.794+0000] {processor.py:179} INFO - Processing /opt/airflow/dags/financial_DWH.py took 0.150 seconds
[2026-02-01T02:44:34.837+0000] {processor.py:157} INFO - Started process (PID=1067) to work on /opt/airflow/dags/financial_DWH.py
[2026-02-01T02:44:34.839+0000] {processor.py:829} INFO - Processing file /opt/airflow/dags/financial_DWH.py for tasks to queue
[2026-02-01T02:44:34.841+0000] {logging_mixin.py:151} INFO - [2026-02-01T02:44:34.840+0000] {dagbag.py:536} INFO - Filling up the DagBag from /opt/airflow/dags/financial_DWH.py
[2026-02-01T02:44:34.867+0000] {processor.py:839} INFO - DAG(s) dict_keys(['financial_full_pipeline']) retrieved from /opt/airflow/dags/financial_DWH.py
[2026-02-01T02:44:34.926+0000] {logging_mixin.py:151} INFO - [2026-02-01T02:44:34.926+0000] {dag.py:2941} INFO - Sync 1 DAGs
[2026-02-01T02:44:34.992+0000] {logging_mixin.py:151} INFO - [2026-02-01T02:44:34.991+0000] {dag.py:3722} INFO - Setting next_dagrun for financial_full_pipeline to 2026-02-01T00:00:00+00:00, run_after=2026-02-02T00:00:00+00:00
[2026-02-01T02:44:35.044+0000] {processor.py:179} INFO - Processing /opt/airflow/dags/financial_DWH.py took 0.215 seconds
[2026-02-01T02:45:05.172+0000] {processor.py:157} INFO - Started process (PID=1072) to work on /opt/airflow/dags/financial_DWH.py
[2026-02-01T02:45:05.175+0000] {processor.py:829} INFO - Processing file /opt/airflow/dags/financial_DWH.py for tasks to queue
[2026-02-01T02:45:05.177+0000] {logging_mixin.py:151} INFO - [2026-02-01T02:45:05.176+0000] {dagbag.py:536} INFO - Filling up the DagBag from /opt/airflow/dags/financial_DWH.py
[2026-02-01T02:45:05.207+0000] {processor.py:839} INFO - DAG(s) dict_keys(['financial_full_pipeline']) retrieved from /opt/airflow/dags/financial_DWH.py
[2026-02-01T02:45:05.282+0000] {logging_mixin.py:151} INFO - [2026-02-01T02:45:05.282+0000] {dag.py:2941} INFO - Sync 1 DAGs
[2026-02-01T02:45:05.342+0000] {logging_mixin.py:151} INFO - [2026-02-01T02:45:05.342+0000] {dag.py:3722} INFO - Setting next_dagrun for financial_full_pipeline to 2026-02-01T00:00:00+00:00, run_after=2026-02-02T00:00:00+00:00
[2026-02-01T02:45:05.388+0000] {processor.py:179} INFO - Processing /opt/airflow/dags/financial_DWH.py took 0.225 seconds
[2026-02-01T02:45:35.422+0000] {processor.py:157} INFO - Started process (PID=1077) to work on /opt/airflow/dags/financial_DWH.py
[2026-02-01T02:45:35.425+0000] {processor.py:829} INFO - Processing file /opt/airflow/dags/financial_DWH.py for tasks to queue
[2026-02-01T02:45:35.427+0000] {logging_mixin.py:151} INFO - [2026-02-01T02:45:35.427+0000] {dagbag.py:536} INFO - Filling up the DagBag from /opt/airflow/dags/financial_DWH.py
[2026-02-01T02:45:35.454+0000] {processor.py:839} INFO - DAG(s) dict_keys(['financial_full_pipeline']) retrieved from /opt/airflow/dags/financial_DWH.py
[2026-02-01T02:45:35.499+0000] {logging_mixin.py:151} INFO - [2026-02-01T02:45:35.499+0000] {dag.py:2941} INFO - Sync 1 DAGs
[2026-02-01T02:45:35.538+0000] {logging_mixin.py:151} INFO - [2026-02-01T02:45:35.538+0000] {dag.py:3722} INFO - Setting next_dagrun for financial_full_pipeline to 2026-02-01T00:00:00+00:00, run_after=2026-02-02T00:00:00+00:00
[2026-02-01T02:45:35.571+0000] {processor.py:179} INFO - Processing /opt/airflow/dags/financial_DWH.py took 0.158 seconds
[2026-02-01T02:45:38.608+0000] {processor.py:157} INFO - Started process (PID=1082) to work on /opt/airflow/dags/financial_DWH.py
[2026-02-01T02:45:38.611+0000] {processor.py:829} INFO - Processing file /opt/airflow/dags/financial_DWH.py for tasks to queue
[2026-02-01T02:45:38.617+0000] {logging_mixin.py:151} INFO - [2026-02-01T02:45:38.616+0000] {dagbag.py:536} INFO - Filling up the DagBag from /opt/airflow/dags/financial_DWH.py
[2026-02-01T02:45:38.648+0000] {processor.py:839} INFO - DAG(s) dict_keys(['financial_full_pipeline']) retrieved from /opt/airflow/dags/financial_DWH.py
[2026-02-01T02:45:38.709+0000] {logging_mixin.py:151} INFO - [2026-02-01T02:45:38.709+0000] {dag.py:2941} INFO - Sync 1 DAGs
[2026-02-01T02:45:38.773+0000] {logging_mixin.py:151} INFO - [2026-02-01T02:45:38.773+0000] {dag.py:3722} INFO - Setting next_dagrun for financial_full_pipeline to 2026-02-01T00:00:00+00:00, run_after=2026-02-02T00:00:00+00:00
[2026-02-01T02:45:38.824+0000] {processor.py:179} INFO - Processing /opt/airflow/dags/financial_DWH.py took 0.224 seconds
[2026-02-01T02:45:39.647+0000] {processor.py:157} INFO - Started process (PID=1087) to work on /opt/airflow/dags/financial_DWH.py
[2026-02-01T02:45:39.649+0000] {processor.py:829} INFO - Processing file /opt/airflow/dags/financial_DWH.py for tasks to queue
[2026-02-01T02:45:39.650+0000] {logging_mixin.py:151} INFO - [2026-02-01T02:45:39.650+0000] {dagbag.py:536} INFO - Filling up the DagBag from /opt/airflow/dags/financial_DWH.py
[2026-02-01T02:45:39.680+0000] {processor.py:839} INFO - DAG(s) dict_keys(['financial_full_pipeline']) retrieved from /opt/airflow/dags/financial_DWH.py
[2026-02-01T02:45:39.724+0000] {logging_mixin.py:151} INFO - [2026-02-01T02:45:39.724+0000] {dag.py:2941} INFO - Sync 1 DAGs
[2026-02-01T02:45:39.777+0000] {logging_mixin.py:151} INFO - [2026-02-01T02:45:39.776+0000] {dag.py:3722} INFO - Setting next_dagrun for financial_full_pipeline to 2026-02-01T00:00:00+00:00, run_after=2026-02-02T00:00:00+00:00
[2026-02-01T02:45:39.826+0000] {processor.py:179} INFO - Processing /opt/airflow/dags/financial_DWH.py took 0.186 seconds
[2026-02-01T02:46:10.028+0000] {processor.py:157} INFO - Started process (PID=1092) to work on /opt/airflow/dags/financial_DWH.py
[2026-02-01T02:46:10.030+0000] {processor.py:829} INFO - Processing file /opt/airflow/dags/financial_DWH.py for tasks to queue
[2026-02-01T02:46:10.033+0000] {logging_mixin.py:151} INFO - [2026-02-01T02:46:10.032+0000] {dagbag.py:536} INFO - Filling up the DagBag from /opt/airflow/dags/financial_DWH.py
[2026-02-01T02:46:10.059+0000] {processor.py:839} INFO - DAG(s) dict_keys(['financial_full_pipeline']) retrieved from /opt/airflow/dags/financial_DWH.py
[2026-02-01T02:46:10.109+0000] {logging_mixin.py:151} INFO - [2026-02-01T02:46:10.108+0000] {dag.py:2941} INFO - Sync 1 DAGs
[2026-02-01T02:46:10.153+0000] {logging_mixin.py:151} INFO - [2026-02-01T02:46:10.152+0000] {dag.py:3722} INFO - Setting next_dagrun for financial_full_pipeline to 2026-02-01T00:00:00+00:00, run_after=2026-02-02T00:00:00+00:00
[2026-02-01T02:46:10.187+0000] {processor.py:179} INFO - Processing /opt/airflow/dags/financial_DWH.py took 0.165 seconds
[2026-02-01T02:46:40.234+0000] {processor.py:157} INFO - Started process (PID=1175) to work on /opt/airflow/dags/financial_DWH.py
[2026-02-01T02:46:40.236+0000] {processor.py:829} INFO - Processing file /opt/airflow/dags/financial_DWH.py for tasks to queue
[2026-02-01T02:46:40.238+0000] {logging_mixin.py:151} INFO - [2026-02-01T02:46:40.238+0000] {dagbag.py:536} INFO - Filling up the DagBag from /opt/airflow/dags/financial_DWH.py
[2026-02-01T02:46:40.267+0000] {processor.py:839} INFO - DAG(s) dict_keys(['financial_full_pipeline']) retrieved from /opt/airflow/dags/financial_DWH.py
[2026-02-01T02:46:40.338+0000] {logging_mixin.py:151} INFO - [2026-02-01T02:46:40.337+0000] {dag.py:2941} INFO - Sync 1 DAGs
[2026-02-01T02:46:40.422+0000] {logging_mixin.py:151} INFO - [2026-02-01T02:46:40.421+0000] {dag.py:3722} INFO - Setting next_dagrun for financial_full_pipeline to 2026-02-01T00:00:00+00:00, run_after=2026-02-02T00:00:00+00:00
[2026-02-01T02:46:40.454+0000] {processor.py:179} INFO - Processing /opt/airflow/dags/financial_DWH.py took 0.229 seconds
[2026-02-01T02:47:10.576+0000] {processor.py:157} INFO - Started process (PID=1219) to work on /opt/airflow/dags/financial_DWH.py
[2026-02-01T02:47:10.578+0000] {processor.py:829} INFO - Processing file /opt/airflow/dags/financial_DWH.py for tasks to queue
[2026-02-01T02:47:10.583+0000] {logging_mixin.py:151} INFO - [2026-02-01T02:47:10.582+0000] {dagbag.py:536} INFO - Filling up the DagBag from /opt/airflow/dags/financial_DWH.py
[2026-02-01T02:47:10.613+0000] {processor.py:839} INFO - DAG(s) dict_keys(['financial_full_pipeline']) retrieved from /opt/airflow/dags/financial_DWH.py
[2026-02-01T02:47:10.680+0000] {logging_mixin.py:151} INFO - [2026-02-01T02:47:10.678+0000] {dag.py:2941} INFO - Sync 1 DAGs
[2026-02-01T02:47:10.741+0000] {logging_mixin.py:151} INFO - [2026-02-01T02:47:10.740+0000] {dag.py:3722} INFO - Setting next_dagrun for financial_full_pipeline to 2026-02-01T00:00:00+00:00, run_after=2026-02-02T00:00:00+00:00
[2026-02-01T02:47:10.783+0000] {processor.py:179} INFO - Processing /opt/airflow/dags/financial_DWH.py took 0.222 seconds
[2026-02-01T02:47:40.997+0000] {processor.py:157} INFO - Started process (PID=1224) to work on /opt/airflow/dags/financial_DWH.py
[2026-02-01T02:47:40.998+0000] {processor.py:829} INFO - Processing file /opt/airflow/dags/financial_DWH.py for tasks to queue
[2026-02-01T02:47:40.999+0000] {logging_mixin.py:151} INFO - [2026-02-01T02:47:40.999+0000] {dagbag.py:536} INFO - Filling up the DagBag from /opt/airflow/dags/financial_DWH.py
[2026-02-01T02:47:41.023+0000] {processor.py:839} INFO - DAG(s) dict_keys(['financial_full_pipeline']) retrieved from /opt/airflow/dags/financial_DWH.py
[2026-02-01T02:47:41.066+0000] {logging_mixin.py:151} INFO - [2026-02-01T02:47:41.066+0000] {dag.py:2941} INFO - Sync 1 DAGs
[2026-02-01T02:47:41.106+0000] {logging_mixin.py:151} INFO - [2026-02-01T02:47:41.106+0000] {dag.py:3722} INFO - Setting next_dagrun for financial_full_pipeline to 2026-02-01T00:00:00+00:00, run_after=2026-02-02T00:00:00+00:00
[2026-02-01T02:47:41.138+0000] {processor.py:179} INFO - Processing /opt/airflow/dags/financial_DWH.py took 0.149 seconds
[2026-02-01T02:48:11.210+0000] {processor.py:157} INFO - Started process (PID=1229) to work on /opt/airflow/dags/financial_DWH.py
[2026-02-01T02:48:11.215+0000] {processor.py:829} INFO - Processing file /opt/airflow/dags/financial_DWH.py for tasks to queue
[2026-02-01T02:48:11.218+0000] {logging_mixin.py:151} INFO - [2026-02-01T02:48:11.217+0000] {dagbag.py:536} INFO - Filling up the DagBag from /opt/airflow/dags/financial_DWH.py
[2026-02-01T02:48:11.251+0000] {processor.py:839} INFO - DAG(s) dict_keys(['financial_full_pipeline']) retrieved from /opt/airflow/dags/financial_DWH.py
[2026-02-01T02:48:11.332+0000] {logging_mixin.py:151} INFO - [2026-02-01T02:48:11.331+0000] {dag.py:2941} INFO - Sync 1 DAGs
[2026-02-01T02:48:11.407+0000] {logging_mixin.py:151} INFO - [2026-02-01T02:48:11.407+0000] {dag.py:3722} INFO - Setting next_dagrun for financial_full_pipeline to 2026-02-01T00:00:00+00:00, run_after=2026-02-02T00:00:00+00:00
[2026-02-01T02:48:11.455+0000] {processor.py:179} INFO - Processing /opt/airflow/dags/financial_DWH.py took 0.254 seconds
[2026-02-01T02:48:41.537+0000] {processor.py:157} INFO - Started process (PID=1234) to work on /opt/airflow/dags/financial_DWH.py
[2026-02-01T02:48:41.540+0000] {processor.py:829} INFO - Processing file /opt/airflow/dags/financial_DWH.py for tasks to queue
[2026-02-01T02:48:41.551+0000] {logging_mixin.py:151} INFO - [2026-02-01T02:48:41.541+0000] {dagbag.py:536} INFO - Filling up the DagBag from /opt/airflow/dags/financial_DWH.py
[2026-02-01T02:48:41.602+0000] {processor.py:839} INFO - DAG(s) dict_keys(['financial_full_pipeline']) retrieved from /opt/airflow/dags/financial_DWH.py
[2026-02-01T02:48:41.706+0000] {logging_mixin.py:151} INFO - [2026-02-01T02:48:41.706+0000] {dag.py:2941} INFO - Sync 1 DAGs
[2026-02-01T02:48:41.771+0000] {logging_mixin.py:151} INFO - [2026-02-01T02:48:41.771+0000] {dag.py:3722} INFO - Setting next_dagrun for financial_full_pipeline to 2026-02-01T00:00:00+00:00, run_after=2026-02-02T00:00:00+00:00
[2026-02-01T02:48:41.810+0000] {processor.py:179} INFO - Processing /opt/airflow/dags/financial_DWH.py took 0.290 seconds
[2026-02-01T02:49:12.001+0000] {processor.py:157} INFO - Started process (PID=1278) to work on /opt/airflow/dags/financial_DWH.py
[2026-02-01T02:49:12.004+0000] {processor.py:829} INFO - Processing file /opt/airflow/dags/financial_DWH.py for tasks to queue
[2026-02-01T02:49:12.006+0000] {logging_mixin.py:151} INFO - [2026-02-01T02:49:12.005+0000] {dagbag.py:536} INFO - Filling up the DagBag from /opt/airflow/dags/financial_DWH.py
[2026-02-01T02:49:12.029+0000] {processor.py:839} INFO - DAG(s) dict_keys(['financial_full_pipeline']) retrieved from /opt/airflow/dags/financial_DWH.py
[2026-02-01T02:49:12.075+0000] {logging_mixin.py:151} INFO - [2026-02-01T02:49:12.074+0000] {dag.py:2941} INFO - Sync 1 DAGs
[2026-02-01T02:49:12.111+0000] {logging_mixin.py:151} INFO - [2026-02-01T02:49:12.111+0000] {dag.py:3722} INFO - Setting next_dagrun for financial_full_pipeline to 2026-02-01T00:00:00+00:00, run_after=2026-02-02T00:00:00+00:00
[2026-02-01T02:49:12.144+0000] {processor.py:179} INFO - Processing /opt/airflow/dags/financial_DWH.py took 0.149 seconds
[2026-02-01T02:56:34.469+0000] {processor.py:157} INFO - Started process (PID=184) to work on /opt/airflow/dags/financial_DWH.py
[2026-02-01T02:56:34.472+0000] {processor.py:829} INFO - Processing file /opt/airflow/dags/financial_DWH.py for tasks to queue
[2026-02-01T02:56:34.484+0000] {logging_mixin.py:151} INFO - [2026-02-01T02:56:34.473+0000] {dagbag.py:536} INFO - Filling up the DagBag from /opt/airflow/dags/financial_DWH.py
[2026-02-01T02:56:34.572+0000] {processor.py:839} INFO - DAG(s) dict_keys(['financial_full_pipeline']) retrieved from /opt/airflow/dags/financial_DWH.py
[2026-02-01T02:56:35.160+0000] {logging_mixin.py:151} INFO - [2026-02-01T02:56:35.160+0000] {manager.py:499} INFO - Created Permission View: %s
[2026-02-01T02:56:35.190+0000] {logging_mixin.py:151} INFO - [2026-02-01T02:56:35.190+0000] {manager.py:499} INFO - Created Permission View: %s
[2026-02-01T02:56:35.208+0000] {logging_mixin.py:151} INFO - [2026-02-01T02:56:35.208+0000] {manager.py:499} INFO - Created Permission View: %s
[2026-02-01T02:56:35.209+0000] {logging_mixin.py:151} INFO - [2026-02-01T02:56:35.209+0000] {dag.py:2941} INFO - Sync 1 DAGs
[2026-02-01T02:56:35.234+0000] {logging_mixin.py:151} INFO - [2026-02-01T02:56:35.234+0000] {dag.py:2963} INFO - Creating ORM DAG for financial_full_pipeline
[2026-02-01T02:56:35.258+0000] {logging_mixin.py:151} INFO - [2026-02-01T02:56:35.257+0000] {dag.py:3722} INFO - Setting next_dagrun for financial_full_pipeline to 2026-01-31T00:00:00+00:00, run_after=2026-02-01T00:00:00+00:00
[2026-02-01T02:56:35.297+0000] {processor.py:179} INFO - Processing /opt/airflow/dags/financial_DWH.py took 0.847 seconds
[2026-02-01T02:57:05.586+0000] {processor.py:157} INFO - Started process (PID=195) to work on /opt/airflow/dags/financial_DWH.py
[2026-02-01T02:57:05.594+0000] {processor.py:829} INFO - Processing file /opt/airflow/dags/financial_DWH.py for tasks to queue
[2026-02-01T02:57:05.596+0000] {logging_mixin.py:151} INFO - [2026-02-01T02:57:05.595+0000] {dagbag.py:536} INFO - Filling up the DagBag from /opt/airflow/dags/financial_DWH.py
[2026-02-01T02:57:05.679+0000] {processor.py:839} INFO - DAG(s) dict_keys(['financial_full_pipeline']) retrieved from /opt/airflow/dags/financial_DWH.py
[2026-02-01T02:57:05.803+0000] {logging_mixin.py:151} INFO - [2026-02-01T02:57:05.803+0000] {dag.py:2941} INFO - Sync 1 DAGs
[2026-02-01T02:57:05.909+0000] {logging_mixin.py:151} INFO - [2026-02-01T02:57:05.909+0000] {dag.py:3722} INFO - Setting next_dagrun for financial_full_pipeline to 2026-01-31T00:00:00+00:00, run_after=2026-02-01T00:00:00+00:00
[2026-02-01T02:57:06.022+0000] {processor.py:179} INFO - Processing /opt/airflow/dags/financial_DWH.py took 0.459 seconds
[2026-02-01T02:57:36.260+0000] {processor.py:157} INFO - Started process (PID=205) to work on /opt/airflow/dags/financial_DWH.py
[2026-02-01T02:57:36.265+0000] {processor.py:829} INFO - Processing file /opt/airflow/dags/financial_DWH.py for tasks to queue
[2026-02-01T02:57:36.267+0000] {logging_mixin.py:151} INFO - [2026-02-01T02:57:36.267+0000] {dagbag.py:536} INFO - Filling up the DagBag from /opt/airflow/dags/financial_DWH.py
[2026-02-01T02:57:36.333+0000] {processor.py:839} INFO - DAG(s) dict_keys(['financial_full_pipeline']) retrieved from /opt/airflow/dags/financial_DWH.py
[2026-02-01T02:57:36.487+0000] {logging_mixin.py:151} INFO - [2026-02-01T02:57:36.486+0000] {dag.py:2941} INFO - Sync 1 DAGs
[2026-02-01T02:57:36.578+0000] {logging_mixin.py:151} INFO - [2026-02-01T02:57:36.578+0000] {dag.py:3722} INFO - Setting next_dagrun for financial_full_pipeline to 2026-01-31T00:00:00+00:00, run_after=2026-02-01T00:00:00+00:00
[2026-02-01T02:57:36.646+0000] {processor.py:179} INFO - Processing /opt/airflow/dags/financial_DWH.py took 0.399 seconds
[2026-02-01T02:58:06.884+0000] {processor.py:157} INFO - Started process (PID=210) to work on /opt/airflow/dags/financial_DWH.py
[2026-02-01T02:58:06.886+0000] {processor.py:829} INFO - Processing file /opt/airflow/dags/financial_DWH.py for tasks to queue
[2026-02-01T02:58:06.889+0000] {logging_mixin.py:151} INFO - [2026-02-01T02:58:06.888+0000] {dagbag.py:536} INFO - Filling up the DagBag from /opt/airflow/dags/financial_DWH.py
[2026-02-01T02:58:06.916+0000] {processor.py:839} INFO - DAG(s) dict_keys(['financial_full_pipeline']) retrieved from /opt/airflow/dags/financial_DWH.py
[2026-02-01T02:58:06.972+0000] {logging_mixin.py:151} INFO - [2026-02-01T02:58:06.972+0000] {dag.py:2941} INFO - Sync 1 DAGs
[2026-02-01T02:58:07.019+0000] {logging_mixin.py:151} INFO - [2026-02-01T02:58:07.018+0000] {dag.py:3722} INFO - Setting next_dagrun for financial_full_pipeline to 2026-01-31T00:00:00+00:00, run_after=2026-02-01T00:00:00+00:00
[2026-02-01T02:58:07.903+0000] {processor.py:179} INFO - Processing /opt/airflow/dags/financial_DWH.py took 1.026 seconds
[2026-02-01T02:58:38.177+0000] {processor.py:157} INFO - Started process (PID=216) to work on /opt/airflow/dags/financial_DWH.py
[2026-02-01T02:58:38.181+0000] {processor.py:829} INFO - Processing file /opt/airflow/dags/financial_DWH.py for tasks to queue
[2026-02-01T02:58:38.182+0000] {logging_mixin.py:151} INFO - [2026-02-01T02:58:38.182+0000] {dagbag.py:536} INFO - Filling up the DagBag from /opt/airflow/dags/financial_DWH.py
[2026-02-01T02:58:38.215+0000] {processor.py:839} INFO - DAG(s) dict_keys(['financial_full_pipeline']) retrieved from /opt/airflow/dags/financial_DWH.py
[2026-02-01T02:58:38.280+0000] {logging_mixin.py:151} INFO - [2026-02-01T02:58:38.279+0000] {dag.py:2941} INFO - Sync 1 DAGs
[2026-02-01T02:58:38.334+0000] {logging_mixin.py:151} INFO - [2026-02-01T02:58:38.334+0000] {dag.py:3722} INFO - Setting next_dagrun for financial_full_pipeline to 2026-01-31T00:00:00+00:00, run_after=2026-02-01T00:00:00+00:00
[2026-02-01T02:58:38.701+0000] {processor.py:179} INFO - Processing /opt/airflow/dags/financial_DWH.py took 0.540 seconds
[2026-02-01T02:59:08.978+0000] {processor.py:157} INFO - Started process (PID=228) to work on /opt/airflow/dags/financial_DWH.py
[2026-02-01T02:59:08.981+0000] {processor.py:829} INFO - Processing file /opt/airflow/dags/financial_DWH.py for tasks to queue
[2026-02-01T02:59:08.983+0000] {logging_mixin.py:151} INFO - [2026-02-01T02:59:08.982+0000] {dagbag.py:536} INFO - Filling up the DagBag from /opt/airflow/dags/financial_DWH.py
[2026-02-01T02:59:09.030+0000] {processor.py:839} INFO - DAG(s) dict_keys(['financial_full_pipeline']) retrieved from /opt/airflow/dags/financial_DWH.py
[2026-02-01T02:59:09.164+0000] {logging_mixin.py:151} INFO - [2026-02-01T02:59:09.164+0000] {dag.py:2941} INFO - Sync 1 DAGs
[2026-02-01T02:59:09.281+0000] {logging_mixin.py:151} INFO - [2026-02-01T02:59:09.280+0000] {dag.py:3722} INFO - Setting next_dagrun for financial_full_pipeline to 2026-01-31T00:00:00+00:00, run_after=2026-02-01T00:00:00+00:00
[2026-02-01T02:59:09.356+0000] {processor.py:179} INFO - Processing /opt/airflow/dags/financial_DWH.py took 0.393 seconds
[2026-02-01T02:59:39.595+0000] {processor.py:157} INFO - Started process (PID=312) to work on /opt/airflow/dags/financial_DWH.py
[2026-02-01T02:59:41.645+0000] {processor.py:829} INFO - Processing file /opt/airflow/dags/financial_DWH.py for tasks to queue
[2026-02-01T02:59:41.659+0000] {logging_mixin.py:151} INFO - [2026-02-01T02:59:41.647+0000] {dagbag.py:536} INFO - Filling up the DagBag from /opt/airflow/dags/financial_DWH.py
[2026-02-01T02:59:41.739+0000] {processor.py:839} INFO - DAG(s) dict_keys(['financial_full_pipeline']) retrieved from /opt/airflow/dags/financial_DWH.py
[2026-02-01T02:59:41.835+0000] {logging_mixin.py:151} INFO - [2026-02-01T02:59:41.834+0000] {dag.py:2941} INFO - Sync 1 DAGs
[2026-02-01T02:59:42.020+0000] {logging_mixin.py:151} INFO - [2026-02-01T02:59:42.020+0000] {dag.py:3722} INFO - Setting next_dagrun for financial_full_pipeline to 2026-02-01T00:00:00+00:00, run_after=2026-02-02T00:00:00+00:00
[2026-02-01T02:59:42.165+0000] {processor.py:179} INFO - Processing /opt/airflow/dags/financial_DWH.py took 2.576 seconds
[2026-02-01T03:00:12.454+0000] {processor.py:157} INFO - Started process (PID=319) to work on /opt/airflow/dags/financial_DWH.py
[2026-02-01T03:00:12.457+0000] {processor.py:829} INFO - Processing file /opt/airflow/dags/financial_DWH.py for tasks to queue
[2026-02-01T03:00:12.463+0000] {logging_mixin.py:151} INFO - [2026-02-01T03:00:12.462+0000] {dagbag.py:536} INFO - Filling up the DagBag from /opt/airflow/dags/financial_DWH.py
[2026-02-01T03:00:12.504+0000] {processor.py:839} INFO - DAG(s) dict_keys(['financial_full_pipeline']) retrieved from /opt/airflow/dags/financial_DWH.py
[2026-02-01T03:00:12.596+0000] {logging_mixin.py:151} INFO - [2026-02-01T03:00:12.588+0000] {dag.py:2941} INFO - Sync 1 DAGs
[2026-02-01T03:00:12.680+0000] {logging_mixin.py:151} INFO - [2026-02-01T03:00:12.680+0000] {dag.py:3722} INFO - Setting next_dagrun for financial_full_pipeline to 2026-02-01T00:00:00+00:00, run_after=2026-02-02T00:00:00+00:00
[2026-02-01T03:00:12.806+0000] {processor.py:179} INFO - Processing /opt/airflow/dags/financial_DWH.py took 0.363 seconds
[2026-02-01T03:00:43.064+0000] {processor.py:157} INFO - Started process (PID=363) to work on /opt/airflow/dags/financial_DWH.py
[2026-02-01T03:00:43.066+0000] {processor.py:829} INFO - Processing file /opt/airflow/dags/financial_DWH.py for tasks to queue
[2026-02-01T03:00:43.068+0000] {logging_mixin.py:151} INFO - [2026-02-01T03:00:43.067+0000] {dagbag.py:536} INFO - Filling up the DagBag from /opt/airflow/dags/financial_DWH.py
[2026-02-01T03:00:43.093+0000] {processor.py:839} INFO - DAG(s) dict_keys(['financial_full_pipeline']) retrieved from /opt/airflow/dags/financial_DWH.py
[2026-02-01T03:00:43.146+0000] {logging_mixin.py:151} INFO - [2026-02-01T03:00:43.145+0000] {dag.py:2941} INFO - Sync 1 DAGs
[2026-02-01T03:00:43.193+0000] {logging_mixin.py:151} INFO - [2026-02-01T03:00:43.193+0000] {dag.py:3722} INFO - Setting next_dagrun for financial_full_pipeline to 2026-02-01T00:00:00+00:00, run_after=2026-02-02T00:00:00+00:00
[2026-02-01T03:00:43.224+0000] {processor.py:179} INFO - Processing /opt/airflow/dags/financial_DWH.py took 0.166 seconds
[2026-02-01T03:01:13.267+0000] {processor.py:157} INFO - Started process (PID=368) to work on /opt/airflow/dags/financial_DWH.py
[2026-02-01T03:01:13.269+0000] {processor.py:829} INFO - Processing file /opt/airflow/dags/financial_DWH.py for tasks to queue
[2026-02-01T03:01:13.270+0000] {logging_mixin.py:151} INFO - [2026-02-01T03:01:13.270+0000] {dagbag.py:536} INFO - Filling up the DagBag from /opt/airflow/dags/financial_DWH.py
[2026-02-01T03:01:13.295+0000] {processor.py:839} INFO - DAG(s) dict_keys(['financial_full_pipeline']) retrieved from /opt/airflow/dags/financial_DWH.py
[2026-02-01T03:01:13.348+0000] {logging_mixin.py:151} INFO - [2026-02-01T03:01:13.348+0000] {dag.py:2941} INFO - Sync 1 DAGs
[2026-02-01T03:01:13.424+0000] {logging_mixin.py:151} INFO - [2026-02-01T03:01:13.424+0000] {dag.py:3722} INFO - Setting next_dagrun for financial_full_pipeline to 2026-02-01T00:00:00+00:00, run_after=2026-02-02T00:00:00+00:00
[2026-02-01T03:01:13.464+0000] {processor.py:179} INFO - Processing /opt/airflow/dags/financial_DWH.py took 0.204 seconds
[2026-02-01T03:01:43.734+0000] {processor.py:157} INFO - Started process (PID=373) to work on /opt/airflow/dags/financial_DWH.py
[2026-02-01T03:01:43.738+0000] {processor.py:829} INFO - Processing file /opt/airflow/dags/financial_DWH.py for tasks to queue
[2026-02-01T03:01:43.747+0000] {logging_mixin.py:151} INFO - [2026-02-01T03:01:43.747+0000] {dagbag.py:536} INFO - Filling up the DagBag from /opt/airflow/dags/financial_DWH.py
[2026-02-01T03:01:43.829+0000] {processor.py:839} INFO - DAG(s) dict_keys(['financial_full_pipeline']) retrieved from /opt/airflow/dags/financial_DWH.py
[2026-02-01T03:01:43.958+0000] {logging_mixin.py:151} INFO - [2026-02-01T03:01:43.958+0000] {dag.py:2941} INFO - Sync 1 DAGs
[2026-02-01T03:01:44.093+0000] {logging_mixin.py:151} INFO - [2026-02-01T03:01:44.082+0000] {dag.py:3722} INFO - Setting next_dagrun for financial_full_pipeline to 2026-02-01T00:00:00+00:00, run_after=2026-02-02T00:00:00+00:00
[2026-02-01T03:01:44.163+0000] {processor.py:179} INFO - Processing /opt/airflow/dags/financial_DWH.py took 0.449 seconds
[2026-02-01T03:02:14.392+0000] {processor.py:157} INFO - Started process (PID=378) to work on /opt/airflow/dags/financial_DWH.py
[2026-02-01T03:02:14.403+0000] {processor.py:829} INFO - Processing file /opt/airflow/dags/financial_DWH.py for tasks to queue
[2026-02-01T03:02:14.405+0000] {logging_mixin.py:151} INFO - [2026-02-01T03:02:14.404+0000] {dagbag.py:536} INFO - Filling up the DagBag from /opt/airflow/dags/financial_DWH.py
[2026-02-01T03:02:14.481+0000] {processor.py:839} INFO - DAG(s) dict_keys(['financial_full_pipeline']) retrieved from /opt/airflow/dags/financial_DWH.py
[2026-02-01T03:02:14.594+0000] {logging_mixin.py:151} INFO - [2026-02-01T03:02:14.594+0000] {dag.py:2941} INFO - Sync 1 DAGs
[2026-02-01T03:02:14.720+0000] {logging_mixin.py:151} INFO - [2026-02-01T03:02:14.719+0000] {dag.py:3722} INFO - Setting next_dagrun for financial_full_pipeline to 2026-02-01T00:00:00+00:00, run_after=2026-02-02T00:00:00+00:00
[2026-02-01T03:02:14.815+0000] {processor.py:179} INFO - Processing /opt/airflow/dags/financial_DWH.py took 0.430 seconds
[2026-02-01T03:02:45.247+0000] {processor.py:157} INFO - Started process (PID=383) to work on /opt/airflow/dags/financial_DWH.py
[2026-02-01T03:02:45.250+0000] {processor.py:829} INFO - Processing file /opt/airflow/dags/financial_DWH.py for tasks to queue
[2026-02-01T03:02:45.262+0000] {logging_mixin.py:151} INFO - [2026-02-01T03:02:45.261+0000] {dagbag.py:536} INFO - Filling up the DagBag from /opt/airflow/dags/financial_DWH.py
[2026-02-01T03:02:45.345+0000] {processor.py:839} INFO - DAG(s) dict_keys(['financial_full_pipeline']) retrieved from /opt/airflow/dags/financial_DWH.py
[2026-02-01T03:02:45.551+0000] {logging_mixin.py:151} INFO - [2026-02-01T03:02:45.551+0000] {dag.py:2941} INFO - Sync 1 DAGs
[2026-02-01T03:02:45.712+0000] {logging_mixin.py:151} INFO - [2026-02-01T03:02:45.712+0000] {dag.py:3722} INFO - Setting next_dagrun for financial_full_pipeline to 2026-02-01T00:00:00+00:00, run_after=2026-02-02T00:00:00+00:00
[2026-02-01T03:02:45.795+0000] {processor.py:179} INFO - Processing /opt/airflow/dags/financial_DWH.py took 0.566 seconds
[2026-02-01T03:03:16.062+0000] {processor.py:157} INFO - Started process (PID=388) to work on /opt/airflow/dags/financial_DWH.py
[2026-02-01T03:03:16.065+0000] {processor.py:829} INFO - Processing file /opt/airflow/dags/financial_DWH.py for tasks to queue
[2026-02-01T03:03:16.066+0000] {logging_mixin.py:151} INFO - [2026-02-01T03:03:16.066+0000] {dagbag.py:536} INFO - Filling up the DagBag from /opt/airflow/dags/financial_DWH.py
[2026-02-01T03:03:16.108+0000] {processor.py:839} INFO - DAG(s) dict_keys(['financial_full_pipeline']) retrieved from /opt/airflow/dags/financial_DWH.py
[2026-02-01T03:03:16.172+0000] {logging_mixin.py:151} INFO - [2026-02-01T03:03:16.172+0000] {dag.py:2941} INFO - Sync 1 DAGs
[2026-02-01T03:03:16.221+0000] {logging_mixin.py:151} INFO - [2026-02-01T03:03:16.220+0000] {dag.py:3722} INFO - Setting next_dagrun for financial_full_pipeline to 2026-02-01T00:00:00+00:00, run_after=2026-02-02T00:00:00+00:00
[2026-02-01T03:03:16.254+0000] {processor.py:179} INFO - Processing /opt/airflow/dags/financial_DWH.py took 0.199 seconds
[2026-02-01T03:03:46.501+0000] {processor.py:157} INFO - Started process (PID=393) to work on /opt/airflow/dags/financial_DWH.py
[2026-02-01T03:03:46.566+0000] {processor.py:829} INFO - Processing file /opt/airflow/dags/financial_DWH.py for tasks to queue
[2026-02-01T03:03:46.568+0000] {logging_mixin.py:151} INFO - [2026-02-01T03:03:46.568+0000] {dagbag.py:536} INFO - Filling up the DagBag from /opt/airflow/dags/financial_DWH.py
[2026-02-01T03:03:46.655+0000] {processor.py:839} INFO - DAG(s) dict_keys(['financial_full_pipeline']) retrieved from /opt/airflow/dags/financial_DWH.py
[2026-02-01T03:03:46.823+0000] {logging_mixin.py:151} INFO - [2026-02-01T03:03:46.822+0000] {dag.py:2941} INFO - Sync 1 DAGs
[2026-02-01T03:03:46.871+0000] {logging_mixin.py:151} INFO - [2026-02-01T03:03:46.870+0000] {dag.py:3722} INFO - Setting next_dagrun for financial_full_pipeline to 2026-02-01T00:00:00+00:00, run_after=2026-02-02T00:00:00+00:00
[2026-02-01T03:03:46.904+0000] {processor.py:179} INFO - Processing /opt/airflow/dags/financial_DWH.py took 0.424 seconds
[2026-02-01T03:04:17.108+0000] {processor.py:157} INFO - Started process (PID=398) to work on /opt/airflow/dags/financial_DWH.py
[2026-02-01T03:04:17.111+0000] {processor.py:829} INFO - Processing file /opt/airflow/dags/financial_DWH.py for tasks to queue
[2026-02-01T03:04:17.113+0000] {logging_mixin.py:151} INFO - [2026-02-01T03:04:17.112+0000] {dagbag.py:536} INFO - Filling up the DagBag from /opt/airflow/dags/financial_DWH.py
[2026-02-01T03:04:17.146+0000] {processor.py:839} INFO - DAG(s) dict_keys(['financial_full_pipeline']) retrieved from /opt/airflow/dags/financial_DWH.py
[2026-02-01T03:04:17.204+0000] {logging_mixin.py:151} INFO - [2026-02-01T03:04:17.204+0000] {dag.py:2941} INFO - Sync 1 DAGs
[2026-02-01T03:04:17.255+0000] {logging_mixin.py:151} INFO - [2026-02-01T03:04:17.254+0000] {dag.py:3722} INFO - Setting next_dagrun for financial_full_pipeline to 2026-02-01T00:00:00+00:00, run_after=2026-02-02T00:00:00+00:00
[2026-02-01T03:04:17.287+0000] {processor.py:179} INFO - Processing /opt/airflow/dags/financial_DWH.py took 0.187 seconds
[2026-02-01T03:04:47.488+0000] {processor.py:157} INFO - Started process (PID=445) to work on /opt/airflow/dags/financial_DWH.py
[2026-02-01T03:04:47.498+0000] {processor.py:829} INFO - Processing file /opt/airflow/dags/financial_DWH.py for tasks to queue
[2026-02-01T03:04:47.500+0000] {logging_mixin.py:151} INFO - [2026-02-01T03:04:47.499+0000] {dagbag.py:536} INFO - Filling up the DagBag from /opt/airflow/dags/financial_DWH.py
[2026-02-01T03:04:47.526+0000] {processor.py:839} INFO - DAG(s) dict_keys(['financial_full_pipeline']) retrieved from /opt/airflow/dags/financial_DWH.py
[2026-02-01T03:04:47.567+0000] {logging_mixin.py:151} INFO - [2026-02-01T03:04:47.567+0000] {dag.py:2941} INFO - Sync 1 DAGs
[2026-02-01T03:04:47.605+0000] {logging_mixin.py:151} INFO - [2026-02-01T03:04:47.605+0000] {dag.py:3722} INFO - Setting next_dagrun for financial_full_pipeline to 2026-02-01T00:00:00+00:00, run_after=2026-02-02T00:00:00+00:00
[2026-02-01T03:04:47.633+0000] {processor.py:179} INFO - Processing /opt/airflow/dags/financial_DWH.py took 0.152 seconds
[2026-02-01T03:05:17.821+0000] {processor.py:157} INFO - Started process (PID=456) to work on /opt/airflow/dags/financial_DWH.py
[2026-02-01T03:05:17.822+0000] {processor.py:829} INFO - Processing file /opt/airflow/dags/financial_DWH.py for tasks to queue
[2026-02-01T03:05:17.824+0000] {logging_mixin.py:151} INFO - [2026-02-01T03:05:17.823+0000] {dagbag.py:536} INFO - Filling up the DagBag from /opt/airflow/dags/financial_DWH.py
[2026-02-01T03:05:17.844+0000] {processor.py:839} INFO - DAG(s) dict_keys(['financial_full_pipeline']) retrieved from /opt/airflow/dags/financial_DWH.py
[2026-02-01T03:05:17.888+0000] {logging_mixin.py:151} INFO - [2026-02-01T03:05:17.888+0000] {dag.py:2941} INFO - Sync 1 DAGs
[2026-02-01T03:05:17.935+0000] {logging_mixin.py:151} INFO - [2026-02-01T03:05:17.935+0000] {dag.py:3722} INFO - Setting next_dagrun for financial_full_pipeline to 2026-02-01T00:00:00+00:00, run_after=2026-02-02T00:00:00+00:00
[2026-02-01T03:05:17.968+0000] {processor.py:179} INFO - Processing /opt/airflow/dags/financial_DWH.py took 0.154 seconds
[2026-02-01T03:05:48.178+0000] {processor.py:157} INFO - Started process (PID=500) to work on /opt/airflow/dags/financial_DWH.py
[2026-02-01T03:05:48.182+0000] {processor.py:829} INFO - Processing file /opt/airflow/dags/financial_DWH.py for tasks to queue
[2026-02-01T03:05:48.184+0000] {logging_mixin.py:151} INFO - [2026-02-01T03:05:48.183+0000] {dagbag.py:536} INFO - Filling up the DagBag from /opt/airflow/dags/financial_DWH.py
[2026-02-01T03:05:48.264+0000] {processor.py:839} INFO - DAG(s) dict_keys(['financial_full_pipeline']) retrieved from /opt/airflow/dags/financial_DWH.py
[2026-02-01T03:05:48.412+0000] {logging_mixin.py:151} INFO - [2026-02-01T03:05:48.412+0000] {dag.py:2941} INFO - Sync 1 DAGs
[2026-02-01T03:05:48.474+0000] {logging_mixin.py:151} INFO - [2026-02-01T03:05:48.474+0000] {dag.py:3722} INFO - Setting next_dagrun for financial_full_pipeline to 2026-02-01T00:00:00+00:00, run_after=2026-02-02T00:00:00+00:00
[2026-02-01T03:05:48.512+0000] {processor.py:179} INFO - Processing /opt/airflow/dags/financial_DWH.py took 0.345 seconds
[2026-02-01T03:06:18.701+0000] {processor.py:157} INFO - Started process (PID=505) to work on /opt/airflow/dags/financial_DWH.py
[2026-02-01T03:06:18.703+0000] {processor.py:829} INFO - Processing file /opt/airflow/dags/financial_DWH.py for tasks to queue
[2026-02-01T03:06:18.704+0000] {logging_mixin.py:151} INFO - [2026-02-01T03:06:18.703+0000] {dagbag.py:536} INFO - Filling up the DagBag from /opt/airflow/dags/financial_DWH.py
[2026-02-01T03:06:18.727+0000] {processor.py:839} INFO - DAG(s) dict_keys(['financial_full_pipeline']) retrieved from /opt/airflow/dags/financial_DWH.py
[2026-02-01T03:06:18.769+0000] {logging_mixin.py:151} INFO - [2026-02-01T03:06:18.769+0000] {dag.py:2941} INFO - Sync 1 DAGs
[2026-02-01T03:06:18.808+0000] {logging_mixin.py:151} INFO - [2026-02-01T03:06:18.808+0000] {dag.py:3722} INFO - Setting next_dagrun for financial_full_pipeline to 2026-02-01T00:00:00+00:00, run_after=2026-02-02T00:00:00+00:00
[2026-02-01T03:06:18.838+0000] {processor.py:179} INFO - Processing /opt/airflow/dags/financial_DWH.py took 0.145 seconds
[2026-02-01T03:06:48.913+0000] {processor.py:157} INFO - Started process (PID=510) to work on /opt/airflow/dags/financial_DWH.py
[2026-02-01T03:06:48.918+0000] {processor.py:829} INFO - Processing file /opt/airflow/dags/financial_DWH.py for tasks to queue
[2026-02-01T03:06:48.920+0000] {logging_mixin.py:151} INFO - [2026-02-01T03:06:48.919+0000] {dagbag.py:536} INFO - Filling up the DagBag from /opt/airflow/dags/financial_DWH.py
[2026-02-01T03:06:48.963+0000] {processor.py:839} INFO - DAG(s) dict_keys(['financial_full_pipeline']) retrieved from /opt/airflow/dags/financial_DWH.py
[2026-02-01T03:06:49.075+0000] {logging_mixin.py:151} INFO - [2026-02-01T03:06:49.075+0000] {dag.py:2941} INFO - Sync 1 DAGs
[2026-02-01T03:06:49.143+0000] {logging_mixin.py:151} INFO - [2026-02-01T03:06:49.142+0000] {dag.py:3722} INFO - Setting next_dagrun for financial_full_pipeline to 2026-02-01T00:00:00+00:00, run_after=2026-02-02T00:00:00+00:00
[2026-02-01T03:06:49.187+0000] {processor.py:179} INFO - Processing /opt/airflow/dags/financial_DWH.py took 0.289 seconds
[2026-02-01T03:07:19.379+0000] {processor.py:157} INFO - Started process (PID=515) to work on /opt/airflow/dags/financial_DWH.py
[2026-02-01T03:07:19.381+0000] {processor.py:829} INFO - Processing file /opt/airflow/dags/financial_DWH.py for tasks to queue
[2026-02-01T03:07:19.383+0000] {logging_mixin.py:151} INFO - [2026-02-01T03:07:19.382+0000] {dagbag.py:536} INFO - Filling up the DagBag from /opt/airflow/dags/financial_DWH.py
[2026-02-01T03:07:19.410+0000] {processor.py:839} INFO - DAG(s) dict_keys(['financial_full_pipeline']) retrieved from /opt/airflow/dags/financial_DWH.py
[2026-02-01T03:07:19.453+0000] {logging_mixin.py:151} INFO - [2026-02-01T03:07:19.453+0000] {dag.py:2941} INFO - Sync 1 DAGs
[2026-02-01T03:07:19.505+0000] {logging_mixin.py:151} INFO - [2026-02-01T03:07:19.505+0000] {dag.py:3722} INFO - Setting next_dagrun for financial_full_pipeline to 2026-02-01T00:00:00+00:00, run_after=2026-02-02T00:00:00+00:00
[2026-02-01T03:07:19.541+0000] {processor.py:179} INFO - Processing /opt/airflow/dags/financial_DWH.py took 0.168 seconds
[2026-02-01T03:07:49.753+0000] {processor.py:157} INFO - Started process (PID=520) to work on /opt/airflow/dags/financial_DWH.py
[2026-02-01T03:07:49.756+0000] {processor.py:829} INFO - Processing file /opt/airflow/dags/financial_DWH.py for tasks to queue
[2026-02-01T03:07:49.758+0000] {logging_mixin.py:151} INFO - [2026-02-01T03:07:49.757+0000] {dagbag.py:536} INFO - Filling up the DagBag from /opt/airflow/dags/financial_DWH.py
[2026-02-01T03:07:49.795+0000] {processor.py:839} INFO - DAG(s) dict_keys(['financial_full_pipeline']) retrieved from /opt/airflow/dags/financial_DWH.py
[2026-02-01T03:07:49.863+0000] {logging_mixin.py:151} INFO - [2026-02-01T03:07:49.863+0000] {dag.py:2941} INFO - Sync 1 DAGs
[2026-02-01T03:07:49.945+0000] {logging_mixin.py:151} INFO - [2026-02-01T03:07:49.944+0000] {dag.py:3722} INFO - Setting next_dagrun for financial_full_pipeline to 2026-02-01T00:00:00+00:00, run_after=2026-02-02T00:00:00+00:00
[2026-02-01T03:07:50.000+0000] {processor.py:179} INFO - Processing /opt/airflow/dags/financial_DWH.py took 0.256 seconds
[2026-02-01T03:08:20.256+0000] {processor.py:157} INFO - Started process (PID=525) to work on /opt/airflow/dags/financial_DWH.py
[2026-02-01T03:08:20.267+0000] {processor.py:829} INFO - Processing file /opt/airflow/dags/financial_DWH.py for tasks to queue
[2026-02-01T03:08:20.271+0000] {logging_mixin.py:151} INFO - [2026-02-01T03:08:20.269+0000] {dagbag.py:536} INFO - Filling up the DagBag from /opt/airflow/dags/financial_DWH.py
[2026-02-01T03:08:20.338+0000] {processor.py:839} INFO - DAG(s) dict_keys(['financial_full_pipeline']) retrieved from /opt/airflow/dags/financial_DWH.py
[2026-02-01T03:08:20.475+0000] {logging_mixin.py:151} INFO - [2026-02-01T03:08:20.475+0000] {dag.py:2941} INFO - Sync 1 DAGs
[2026-02-01T03:08:20.578+0000] {logging_mixin.py:151} INFO - [2026-02-01T03:08:20.578+0000] {dag.py:3722} INFO - Setting next_dagrun for financial_full_pipeline to 2026-02-01T00:00:00+00:00, run_after=2026-02-02T00:00:00+00:00
[2026-02-01T03:08:20.634+0000] {processor.py:179} INFO - Processing /opt/airflow/dags/financial_DWH.py took 0.402 seconds
[2026-02-01T03:08:50.788+0000] {processor.py:157} INFO - Started process (PID=530) to work on /opt/airflow/dags/financial_DWH.py
[2026-02-01T03:08:50.800+0000] {processor.py:829} INFO - Processing file /opt/airflow/dags/financial_DWH.py for tasks to queue
[2026-02-01T03:08:50.808+0000] {logging_mixin.py:151} INFO - [2026-02-01T03:08:50.804+0000] {dagbag.py:536} INFO - Filling up the DagBag from /opt/airflow/dags/financial_DWH.py
[2026-02-01T03:08:50.928+0000] {processor.py:839} INFO - DAG(s) dict_keys(['financial_full_pipeline']) retrieved from /opt/airflow/dags/financial_DWH.py
[2026-02-01T03:08:51.101+0000] {logging_mixin.py:151} INFO - [2026-02-01T03:08:51.100+0000] {dag.py:2941} INFO - Sync 1 DAGs
[2026-02-01T03:08:51.212+0000] {logging_mixin.py:151} INFO - [2026-02-01T03:08:51.212+0000] {dag.py:3722} INFO - Setting next_dagrun for financial_full_pipeline to 2026-02-01T00:00:00+00:00, run_after=2026-02-02T00:00:00+00:00
[2026-02-01T03:08:51.269+0000] {processor.py:179} INFO - Processing /opt/airflow/dags/financial_DWH.py took 0.534 seconds
[2026-02-01T03:09:21.997+0000] {processor.py:157} INFO - Started process (PID=535) to work on /opt/airflow/dags/financial_DWH.py
[2026-02-01T03:09:21.999+0000] {processor.py:829} INFO - Processing file /opt/airflow/dags/financial_DWH.py for tasks to queue
[2026-02-01T03:09:22.001+0000] {logging_mixin.py:151} INFO - [2026-02-01T03:09:22.001+0000] {dagbag.py:536} INFO - Filling up the DagBag from /opt/airflow/dags/financial_DWH.py
[2026-02-01T03:09:22.084+0000] {processor.py:839} INFO - DAG(s) dict_keys(['financial_full_pipeline']) retrieved from /opt/airflow/dags/financial_DWH.py
[2026-02-01T03:09:22.218+0000] {logging_mixin.py:151} INFO - [2026-02-01T03:09:22.218+0000] {dag.py:2941} INFO - Sync 1 DAGs
[2026-02-01T03:09:22.289+0000] {logging_mixin.py:151} INFO - [2026-02-01T03:09:22.289+0000] {dag.py:3722} INFO - Setting next_dagrun for financial_full_pipeline to 2026-02-01T00:00:00+00:00, run_after=2026-02-02T00:00:00+00:00
[2026-02-01T03:09:22.331+0000] {processor.py:179} INFO - Processing /opt/airflow/dags/financial_DWH.py took 0.352 seconds
[2026-02-01T03:09:53.461+0000] {processor.py:157} INFO - Started process (PID=540) to work on /opt/airflow/dags/financial_DWH.py
[2026-02-01T03:09:53.478+0000] {processor.py:829} INFO - Processing file /opt/airflow/dags/financial_DWH.py for tasks to queue
[2026-02-01T03:09:53.487+0000] {logging_mixin.py:151} INFO - [2026-02-01T03:09:53.486+0000] {dagbag.py:536} INFO - Filling up the DagBag from /opt/airflow/dags/financial_DWH.py
[2026-02-01T03:09:53.551+0000] {processor.py:839} INFO - DAG(s) dict_keys(['financial_full_pipeline']) retrieved from /opt/airflow/dags/financial_DWH.py
[2026-02-01T03:09:53.698+0000] {logging_mixin.py:151} INFO - [2026-02-01T03:09:53.698+0000] {dag.py:2941} INFO - Sync 1 DAGs
[2026-02-01T03:09:53.957+0000] {logging_mixin.py:151} INFO - [2026-02-01T03:09:53.957+0000] {dag.py:3722} INFO - Setting next_dagrun for financial_full_pipeline to 2026-02-01T00:00:00+00:00, run_after=2026-02-02T00:00:00+00:00
[2026-02-01T03:09:54.046+0000] {processor.py:179} INFO - Processing /opt/airflow/dags/financial_DWH.py took 0.654 seconds
[2026-02-01T03:10:33.355+0000] {processor.py:157} INFO - Started process (PID=545) to work on /opt/airflow/dags/financial_DWH.py
[2026-02-01T03:10:33.395+0000] {processor.py:829} INFO - Processing file /opt/airflow/dags/financial_DWH.py for tasks to queue
[2026-02-01T03:10:33.398+0000] {logging_mixin.py:151} INFO - [2026-02-01T03:10:33.396+0000] {dagbag.py:536} INFO - Filling up the DagBag from /opt/airflow/dags/financial_DWH.py
[2026-02-01T03:10:33.562+0000] {processor.py:839} INFO - DAG(s) dict_keys(['financial_full_pipeline']) retrieved from /opt/airflow/dags/financial_DWH.py
[2026-02-01T03:10:33.693+0000] {logging_mixin.py:151} INFO - [2026-02-01T03:10:33.692+0000] {dag.py:2941} INFO - Sync 1 DAGs
[2026-02-01T03:10:33.790+0000] {logging_mixin.py:151} INFO - [2026-02-01T03:10:33.789+0000] {dag.py:3722} INFO - Setting next_dagrun for financial_full_pipeline to 2026-02-01T00:00:00+00:00, run_after=2026-02-02T00:00:00+00:00
[2026-02-01T03:10:33.842+0000] {processor.py:179} INFO - Processing /opt/airflow/dags/financial_DWH.py took 0.581 seconds
[2026-02-01T03:11:08.648+0000] {processor.py:157} INFO - Started process (PID=550) to work on /opt/airflow/dags/financial_DWH.py
[2026-02-01T03:11:08.654+0000] {processor.py:829} INFO - Processing file /opt/airflow/dags/financial_DWH.py for tasks to queue
[2026-02-01T03:11:08.660+0000] {logging_mixin.py:151} INFO - [2026-02-01T03:11:08.656+0000] {dagbag.py:536} INFO - Filling up the DagBag from /opt/airflow/dags/financial_DWH.py
[2026-02-01T03:11:08.888+0000] {processor.py:839} INFO - DAG(s) dict_keys(['financial_full_pipeline']) retrieved from /opt/airflow/dags/financial_DWH.py
[2026-02-01T03:11:09.078+0000] {logging_mixin.py:151} INFO - [2026-02-01T03:11:09.077+0000] {dag.py:2941} INFO - Sync 1 DAGs
[2026-02-01T03:11:09.211+0000] {logging_mixin.py:151} INFO - [2026-02-01T03:11:09.210+0000] {dag.py:3722} INFO - Setting next_dagrun for financial_full_pipeline to 2026-02-01T00:00:00+00:00, run_after=2026-02-02T00:00:00+00:00
[2026-02-01T03:11:09.877+0000] {processor.py:179} INFO - Processing /opt/airflow/dags/financial_DWH.py took 1.288 seconds
[2026-02-01T03:13:20.466+0000] {processor.py:157} INFO - Started process (PID=571) to work on /opt/airflow/dags/financial_DWH.py
[2026-02-01T03:13:20.468+0000] {processor.py:829} INFO - Processing file /opt/airflow/dags/financial_DWH.py for tasks to queue
[2026-02-01T03:13:20.469+0000] {logging_mixin.py:151} INFO - [2026-02-01T03:13:20.469+0000] {dagbag.py:536} INFO - Filling up the DagBag from /opt/airflow/dags/financial_DWH.py
[2026-02-01T03:13:20.485+0000] {processor.py:839} INFO - DAG(s) dict_keys(['financial_full_pipeline']) retrieved from /opt/airflow/dags/financial_DWH.py
[2026-02-01T03:13:20.537+0000] {logging_mixin.py:151} INFO - [2026-02-01T03:13:20.537+0000] {dag.py:2941} INFO - Sync 1 DAGs
[2026-02-01T03:13:20.585+0000] {logging_mixin.py:151} INFO - [2026-02-01T03:13:20.585+0000] {dag.py:3722} INFO - Setting next_dagrun for financial_full_pipeline to 2026-02-01T00:00:00+00:00, run_after=2026-02-02T00:00:00+00:00
[2026-02-01T03:13:20.624+0000] {processor.py:179} INFO - Processing /opt/airflow/dags/financial_DWH.py took 0.166 seconds
[2026-02-01T03:13:50.687+0000] {processor.py:157} INFO - Started process (PID=576) to work on /opt/airflow/dags/financial_DWH.py
[2026-02-01T03:13:50.690+0000] {processor.py:829} INFO - Processing file /opt/airflow/dags/financial_DWH.py for tasks to queue
[2026-02-01T03:13:50.692+0000] {logging_mixin.py:151} INFO - [2026-02-01T03:13:50.691+0000] {dagbag.py:536} INFO - Filling up the DagBag from /opt/airflow/dags/financial_DWH.py
[2026-02-01T03:13:50.710+0000] {processor.py:839} INFO - DAG(s) dict_keys(['financial_full_pipeline']) retrieved from /opt/airflow/dags/financial_DWH.py
[2026-02-01T03:13:50.784+0000] {logging_mixin.py:151} INFO - [2026-02-01T03:13:50.784+0000] {dag.py:2941} INFO - Sync 1 DAGs
[2026-02-01T03:13:50.844+0000] {logging_mixin.py:151} INFO - [2026-02-01T03:13:50.843+0000] {dag.py:3722} INFO - Setting next_dagrun for financial_full_pipeline to 2026-02-01T00:00:00+00:00, run_after=2026-02-02T00:00:00+00:00
[2026-02-01T03:13:50.883+0000] {processor.py:179} INFO - Processing /opt/airflow/dags/financial_DWH.py took 0.207 seconds
[2026-02-01T03:14:21.029+0000] {processor.py:157} INFO - Started process (PID=581) to work on /opt/airflow/dags/financial_DWH.py
[2026-02-01T03:14:21.031+0000] {processor.py:829} INFO - Processing file /opt/airflow/dags/financial_DWH.py for tasks to queue
[2026-02-01T03:14:21.033+0000] {logging_mixin.py:151} INFO - [2026-02-01T03:14:21.033+0000] {dagbag.py:536} INFO - Filling up the DagBag from /opt/airflow/dags/financial_DWH.py
[2026-02-01T03:14:21.051+0000] {processor.py:839} INFO - DAG(s) dict_keys(['financial_full_pipeline']) retrieved from /opt/airflow/dags/financial_DWH.py
[2026-02-01T03:14:21.109+0000] {logging_mixin.py:151} INFO - [2026-02-01T03:14:21.109+0000] {dag.py:2941} INFO - Sync 1 DAGs
[2026-02-01T03:14:21.154+0000] {logging_mixin.py:151} INFO - [2026-02-01T03:14:21.154+0000] {dag.py:3722} INFO - Setting next_dagrun for financial_full_pipeline to 2026-02-01T00:00:00+00:00, run_after=2026-02-02T00:00:00+00:00
[2026-02-01T03:14:21.193+0000] {processor.py:179} INFO - Processing /opt/airflow/dags/financial_DWH.py took 0.171 seconds
[2026-02-01T03:14:51.267+0000] {processor.py:157} INFO - Started process (PID=586) to work on /opt/airflow/dags/financial_DWH.py
[2026-02-01T03:14:51.268+0000] {processor.py:829} INFO - Processing file /opt/airflow/dags/financial_DWH.py for tasks to queue
[2026-02-01T03:14:51.270+0000] {logging_mixin.py:151} INFO - [2026-02-01T03:14:51.269+0000] {dagbag.py:536} INFO - Filling up the DagBag from /opt/airflow/dags/financial_DWH.py
[2026-02-01T03:14:51.288+0000] {processor.py:839} INFO - DAG(s) dict_keys(['financial_full_pipeline']) retrieved from /opt/airflow/dags/financial_DWH.py
[2026-02-01T03:14:51.348+0000] {logging_mixin.py:151} INFO - [2026-02-01T03:14:51.347+0000] {dag.py:2941} INFO - Sync 1 DAGs
[2026-02-01T03:14:51.385+0000] {logging_mixin.py:151} INFO - [2026-02-01T03:14:51.385+0000] {dag.py:3722} INFO - Setting next_dagrun for financial_full_pipeline to 2026-02-01T00:00:00+00:00, run_after=2026-02-02T00:00:00+00:00
[2026-02-01T03:14:51.414+0000] {processor.py:179} INFO - Processing /opt/airflow/dags/financial_DWH.py took 0.156 seconds
[2026-02-01T03:15:21.573+0000] {processor.py:157} INFO - Started process (PID=591) to work on /opt/airflow/dags/financial_DWH.py
[2026-02-01T03:15:21.577+0000] {processor.py:829} INFO - Processing file /opt/airflow/dags/financial_DWH.py for tasks to queue
[2026-02-01T03:15:21.578+0000] {logging_mixin.py:151} INFO - [2026-02-01T03:15:21.578+0000] {dagbag.py:536} INFO - Filling up the DagBag from /opt/airflow/dags/financial_DWH.py
[2026-02-01T03:15:21.591+0000] {processor.py:839} INFO - DAG(s) dict_keys(['financial_full_pipeline']) retrieved from /opt/airflow/dags/financial_DWH.py
[2026-02-01T03:15:21.639+0000] {logging_mixin.py:151} INFO - [2026-02-01T03:15:21.639+0000] {dag.py:2941} INFO - Sync 1 DAGs
[2026-02-01T03:15:21.677+0000] {logging_mixin.py:151} INFO - [2026-02-01T03:15:21.677+0000] {dag.py:3722} INFO - Setting next_dagrun for financial_full_pipeline to 2026-02-01T00:00:00+00:00, run_after=2026-02-02T00:00:00+00:00
[2026-02-01T03:15:21.711+0000] {processor.py:179} INFO - Processing /opt/airflow/dags/financial_DWH.py took 0.143 seconds
[2026-02-01T03:15:51.771+0000] {processor.py:157} INFO - Started process (PID=596) to work on /opt/airflow/dags/financial_DWH.py
[2026-02-01T03:15:51.772+0000] {processor.py:829} INFO - Processing file /opt/airflow/dags/financial_DWH.py for tasks to queue
[2026-02-01T03:15:51.774+0000] {logging_mixin.py:151} INFO - [2026-02-01T03:15:51.773+0000] {dagbag.py:536} INFO - Filling up the DagBag from /opt/airflow/dags/financial_DWH.py
[2026-02-01T03:15:51.793+0000] {processor.py:839} INFO - DAG(s) dict_keys(['financial_full_pipeline']) retrieved from /opt/airflow/dags/financial_DWH.py
[2026-02-01T03:15:51.850+0000] {logging_mixin.py:151} INFO - [2026-02-01T03:15:51.850+0000] {dag.py:2941} INFO - Sync 1 DAGs
[2026-02-01T03:15:51.893+0000] {logging_mixin.py:151} INFO - [2026-02-01T03:15:51.891+0000] {dag.py:3722} INFO - Setting next_dagrun for financial_full_pipeline to 2026-02-01T00:00:00+00:00, run_after=2026-02-02T00:00:00+00:00
[2026-02-01T03:15:51.937+0000] {processor.py:179} INFO - Processing /opt/airflow/dags/financial_DWH.py took 0.173 seconds
[2026-02-01T03:16:22.113+0000] {processor.py:157} INFO - Started process (PID=601) to work on /opt/airflow/dags/financial_DWH.py
[2026-02-01T03:16:22.115+0000] {processor.py:829} INFO - Processing file /opt/airflow/dags/financial_DWH.py for tasks to queue
[2026-02-01T03:16:22.118+0000] {logging_mixin.py:151} INFO - [2026-02-01T03:16:22.117+0000] {dagbag.py:536} INFO - Filling up the DagBag from /opt/airflow/dags/financial_DWH.py
[2026-02-01T03:16:22.135+0000] {processor.py:839} INFO - DAG(s) dict_keys(['financial_full_pipeline']) retrieved from /opt/airflow/dags/financial_DWH.py
[2026-02-01T03:16:22.196+0000] {logging_mixin.py:151} INFO - [2026-02-01T03:16:22.195+0000] {dag.py:2941} INFO - Sync 1 DAGs
[2026-02-01T03:16:22.231+0000] {logging_mixin.py:151} INFO - [2026-02-01T03:16:22.230+0000] {dag.py:3722} INFO - Setting next_dagrun for financial_full_pipeline to 2026-02-01T00:00:00+00:00, run_after=2026-02-02T00:00:00+00:00
[2026-02-01T03:16:22.267+0000] {processor.py:179} INFO - Processing /opt/airflow/dags/financial_DWH.py took 0.164 seconds
[2026-02-01T03:16:52.352+0000] {processor.py:157} INFO - Started process (PID=606) to work on /opt/airflow/dags/financial_DWH.py
[2026-02-01T03:16:52.354+0000] {processor.py:829} INFO - Processing file /opt/airflow/dags/financial_DWH.py for tasks to queue
[2026-02-01T03:16:52.361+0000] {logging_mixin.py:151} INFO - [2026-02-01T03:16:52.360+0000] {dagbag.py:536} INFO - Filling up the DagBag from /opt/airflow/dags/financial_DWH.py
[2026-02-01T03:16:52.399+0000] {processor.py:839} INFO - DAG(s) dict_keys(['financial_full_pipeline']) retrieved from /opt/airflow/dags/financial_DWH.py
[2026-02-01T03:16:52.513+0000] {logging_mixin.py:151} INFO - [2026-02-01T03:16:52.513+0000] {dag.py:2941} INFO - Sync 1 DAGs
[2026-02-01T03:16:52.573+0000] {logging_mixin.py:151} INFO - [2026-02-01T03:16:52.573+0000] {dag.py:3722} INFO - Setting next_dagrun for financial_full_pipeline to 2026-02-01T00:00:00+00:00, run_after=2026-02-02T00:00:00+00:00
[2026-02-01T03:16:52.613+0000] {processor.py:179} INFO - Processing /opt/airflow/dags/financial_DWH.py took 0.270 seconds
[2026-02-01T03:17:22.694+0000] {processor.py:157} INFO - Started process (PID=650) to work on /opt/airflow/dags/financial_DWH.py
[2026-02-01T03:17:22.696+0000] {processor.py:829} INFO - Processing file /opt/airflow/dags/financial_DWH.py for tasks to queue
[2026-02-01T03:17:22.698+0000] {logging_mixin.py:151} INFO - [2026-02-01T03:17:22.697+0000] {dagbag.py:536} INFO - Filling up the DagBag from /opt/airflow/dags/financial_DWH.py
[2026-02-01T03:17:22.711+0000] {processor.py:839} INFO - DAG(s) dict_keys(['financial_full_pipeline']) retrieved from /opt/airflow/dags/financial_DWH.py
[2026-02-01T03:17:22.770+0000] {logging_mixin.py:151} INFO - [2026-02-01T03:17:22.770+0000] {dag.py:2941} INFO - Sync 1 DAGs
[2026-02-01T03:17:22.813+0000] {logging_mixin.py:151} INFO - [2026-02-01T03:17:22.813+0000] {dag.py:3722} INFO - Setting next_dagrun for financial_full_pipeline to 2026-02-01T00:00:00+00:00, run_after=2026-02-02T00:00:00+00:00
[2026-02-01T03:17:22.845+0000] {processor.py:179} INFO - Processing /opt/airflow/dags/financial_DWH.py took 0.164 seconds
[2026-02-01T03:17:40.949+0000] {processor.py:157} INFO - Started process (PID=655) to work on /opt/airflow/dags/financial_DWH.py
[2026-02-01T03:17:40.966+0000] {processor.py:829} INFO - Processing file /opt/airflow/dags/financial_DWH.py for tasks to queue
[2026-02-01T03:17:40.968+0000] {logging_mixin.py:151} INFO - [2026-02-01T03:17:40.967+0000] {dagbag.py:536} INFO - Filling up the DagBag from /opt/airflow/dags/financial_DWH.py
[2026-02-01T03:17:41.022+0000] {processor.py:839} INFO - DAG(s) dict_keys(['financial_full_pipeline']) retrieved from /opt/airflow/dags/financial_DWH.py
[2026-02-01T03:17:41.466+0000] {logging_mixin.py:151} INFO - [2026-02-01T03:17:41.465+0000] {dag.py:2941} INFO - Sync 1 DAGs
[2026-02-01T03:17:41.584+0000] {logging_mixin.py:151} INFO - [2026-02-01T03:17:41.584+0000] {dag.py:3722} INFO - Setting next_dagrun for financial_full_pipeline to 2026-02-01T00:00:00+00:00, run_after=2026-02-02T00:00:00+00:00
[2026-02-01T03:17:41.662+0000] {processor.py:179} INFO - Processing /opt/airflow/dags/financial_DWH.py took 0.731 seconds
[2026-02-01T03:18:11.895+0000] {processor.py:157} INFO - Started process (PID=660) to work on /opt/airflow/dags/financial_DWH.py
[2026-02-01T03:18:11.896+0000] {processor.py:829} INFO - Processing file /opt/airflow/dags/financial_DWH.py for tasks to queue
[2026-02-01T03:18:11.898+0000] {logging_mixin.py:151} INFO - [2026-02-01T03:18:11.897+0000] {dagbag.py:536} INFO - Filling up the DagBag from /opt/airflow/dags/financial_DWH.py
[2026-02-01T03:18:11.913+0000] {processor.py:839} INFO - DAG(s) dict_keys(['financial_full_pipeline']) retrieved from /opt/airflow/dags/financial_DWH.py
[2026-02-01T03:18:11.992+0000] {logging_mixin.py:151} INFO - [2026-02-01T03:18:11.992+0000] {dag.py:2941} INFO - Sync 1 DAGs
[2026-02-01T03:18:12.047+0000] {logging_mixin.py:151} INFO - [2026-02-01T03:18:12.047+0000] {dag.py:3722} INFO - Setting next_dagrun for financial_full_pipeline to 2026-02-01T00:00:00+00:00, run_after=2026-02-02T00:00:00+00:00
[2026-02-01T03:18:12.078+0000] {processor.py:179} INFO - Processing /opt/airflow/dags/financial_DWH.py took 0.191 seconds
[2026-02-01T03:18:32.082+0000] {processor.py:157} INFO - Started process (PID=665) to work on /opt/airflow/dags/financial_DWH.py
[2026-02-01T03:18:32.090+0000] {processor.py:829} INFO - Processing file /opt/airflow/dags/financial_DWH.py for tasks to queue
[2026-02-01T03:18:32.092+0000] {logging_mixin.py:151} INFO - [2026-02-01T03:18:32.091+0000] {dagbag.py:536} INFO - Filling up the DagBag from /opt/airflow/dags/financial_DWH.py
[2026-02-01T03:18:32.102+0000] {logging_mixin.py:151} INFO - [2026-02-01T03:18:32.098+0000] {dagbag.py:346} ERROR - Failed to import: /opt/airflow/dags/financial_DWH.py
Traceback (most recent call last):
  File "/home/airflow/.local/lib/python3.8/site-packages/airflow/models/dagbag.py", line 342, in parse
    loader.exec_module(new_module)
  File "<frozen importlib._bootstrap_external>", line 839, in exec_module
  File "<frozen importlib._bootstrap_external>", line 976, in get_code
  File "<frozen importlib._bootstrap_external>", line 906, in source_to_code
  File "<frozen importlib._bootstrap>", line 219, in _call_with_frames_removed
  File "/opt/airflow/dags/financial_DWH.py", line 9
    base_path = "base_path = "/mnt/c/Users/dell/Desktop/DWH/finacel trasncation data/"
                                                                    ^
SyntaxError: invalid syntax
[2026-02-01T03:18:32.104+0000] {processor.py:841} WARNING - No viable dags retrieved from /opt/airflow/dags/financial_DWH.py
[2026-02-01T03:18:32.163+0000] {processor.py:179} INFO - Processing /opt/airflow/dags/financial_DWH.py took 0.090 seconds
[2026-02-01T03:18:33.098+0000] {processor.py:157} INFO - Started process (PID=670) to work on /opt/airflow/dags/financial_DWH.py
[2026-02-01T03:18:33.099+0000] {processor.py:829} INFO - Processing file /opt/airflow/dags/financial_DWH.py for tasks to queue
[2026-02-01T03:18:33.101+0000] {logging_mixin.py:151} INFO - [2026-02-01T03:18:33.100+0000] {dagbag.py:536} INFO - Filling up the DagBag from /opt/airflow/dags/financial_DWH.py
[2026-02-01T03:18:33.121+0000] {processor.py:839} INFO - DAG(s) dict_keys(['financial_full_pipeline']) retrieved from /opt/airflow/dags/financial_DWH.py
[2026-02-01T03:18:33.166+0000] {logging_mixin.py:151} INFO - [2026-02-01T03:18:33.166+0000] {dag.py:2941} INFO - Sync 1 DAGs
[2026-02-01T03:18:33.202+0000] {logging_mixin.py:151} INFO - [2026-02-01T03:18:33.202+0000] {dag.py:3722} INFO - Setting next_dagrun for financial_full_pipeline to 2026-02-01T00:00:00+00:00, run_after=2026-02-02T00:00:00+00:00
[2026-02-01T03:18:33.242+0000] {processor.py:179} INFO - Processing /opt/airflow/dags/financial_DWH.py took 0.151 seconds
[2026-02-01T03:18:35.283+0000] {processor.py:157} INFO - Started process (PID=675) to work on /opt/airflow/dags/financial_DWH.py
[2026-02-01T03:18:35.287+0000] {processor.py:829} INFO - Processing file /opt/airflow/dags/financial_DWH.py for tasks to queue
[2026-02-01T03:18:35.289+0000] {logging_mixin.py:151} INFO - [2026-02-01T03:18:35.289+0000] {dagbag.py:536} INFO - Filling up the DagBag from /opt/airflow/dags/financial_DWH.py
[2026-02-01T03:18:35.294+0000] {logging_mixin.py:151} INFO - [2026-02-01T03:18:35.293+0000] {dagbag.py:346} ERROR - Failed to import: /opt/airflow/dags/financial_DWH.py
Traceback (most recent call last):
  File "/home/airflow/.local/lib/python3.8/site-packages/airflow/models/dagbag.py", line 342, in parse
    loader.exec_module(new_module)
  File "<frozen importlib._bootstrap_external>", line 839, in exec_module
  File "<frozen importlib._bootstrap_external>", line 976, in get_code
  File "<frozen importlib._bootstrap_external>", line 906, in source_to_code
  File "<frozen importlib._bootstrap>", line 219, in _call_with_frames_removed
  File "/opt/airflow/dags/financial_DWH.py", line 9
    base_path = "base_path = "/mnt/c/Users/dell/Desktop/DWH/finacel trasncation data/"
                                                                    ^
SyntaxError: invalid syntax
[2026-02-01T03:18:35.295+0000] {processor.py:841} WARNING - No viable dags retrieved from /opt/airflow/dags/financial_DWH.py
[2026-02-01T03:18:35.378+0000] {processor.py:179} INFO - Processing /opt/airflow/dags/financial_DWH.py took 0.102 seconds
[2026-02-01T03:18:37.328+0000] {processor.py:157} INFO - Started process (PID=680) to work on /opt/airflow/dags/financial_DWH.py
[2026-02-01T03:18:37.329+0000] {processor.py:829} INFO - Processing file /opt/airflow/dags/financial_DWH.py for tasks to queue
[2026-02-01T03:18:37.331+0000] {logging_mixin.py:151} INFO - [2026-02-01T03:18:37.330+0000] {dagbag.py:536} INFO - Filling up the DagBag from /opt/airflow/dags/financial_DWH.py
[2026-02-01T03:18:37.348+0000] {processor.py:839} INFO - DAG(s) dict_keys(['financial_full_pipeline']) retrieved from /opt/airflow/dags/financial_DWH.py
[2026-02-01T03:18:37.395+0000] {logging_mixin.py:151} INFO - [2026-02-01T03:18:37.394+0000] {dag.py:2941} INFO - Sync 1 DAGs
[2026-02-01T03:18:37.441+0000] {logging_mixin.py:151} INFO - [2026-02-01T03:18:37.441+0000] {dag.py:3722} INFO - Setting next_dagrun for financial_full_pipeline to 2026-02-01T00:00:00+00:00, run_after=2026-02-02T00:00:00+00:00
[2026-02-01T03:18:37.495+0000] {processor.py:179} INFO - Processing /opt/airflow/dags/financial_DWH.py took 0.175 seconds
[2026-02-01T03:18:43.471+0000] {processor.py:157} INFO - Started process (PID=685) to work on /opt/airflow/dags/financial_DWH.py
[2026-02-01T03:18:43.473+0000] {processor.py:829} INFO - Processing file /opt/airflow/dags/financial_DWH.py for tasks to queue
[2026-02-01T03:18:43.474+0000] {logging_mixin.py:151} INFO - [2026-02-01T03:18:43.474+0000] {dagbag.py:536} INFO - Filling up the DagBag from /opt/airflow/dags/financial_DWH.py
[2026-02-01T03:18:43.490+0000] {processor.py:839} INFO - DAG(s) dict_keys(['financial_full_pipeline']) retrieved from /opt/airflow/dags/financial_DWH.py
[2026-02-01T03:18:43.534+0000] {logging_mixin.py:151} INFO - [2026-02-01T03:18:43.534+0000] {dag.py:2941} INFO - Sync 1 DAGs
[2026-02-01T03:18:43.569+0000] {logging_mixin.py:151} INFO - [2026-02-01T03:18:43.569+0000] {dag.py:3722} INFO - Setting next_dagrun for financial_full_pipeline to 2026-02-01T00:00:00+00:00, run_after=2026-02-02T00:00:00+00:00
[2026-02-01T03:18:43.604+0000] {processor.py:179} INFO - Processing /opt/airflow/dags/financial_DWH.py took 0.142 seconds
[2026-02-01T03:19:05.743+0000] {processor.py:157} INFO - Started process (PID=690) to work on /opt/airflow/dags/financial_DWH.py
[2026-02-01T03:19:05.745+0000] {processor.py:829} INFO - Processing file /opt/airflow/dags/financial_DWH.py for tasks to queue
[2026-02-01T03:19:05.747+0000] {logging_mixin.py:151} INFO - [2026-02-01T03:19:05.746+0000] {dagbag.py:536} INFO - Filling up the DagBag from /opt/airflow/dags/financial_DWH.py
[2026-02-01T03:19:05.750+0000] {logging_mixin.py:151} INFO - [2026-02-01T03:19:05.749+0000] {dagbag.py:323} INFO - File /opt/airflow/dags/financial_DWH.py assumed to contain no DAGs. Skipping.
[2026-02-01T03:19:05.750+0000] {processor.py:841} WARNING - No viable dags retrieved from /opt/airflow/dags/financial_DWH.py
[2026-02-01T03:19:05.778+0000] {processor.py:179} INFO - Processing /opt/airflow/dags/financial_DWH.py took 0.044 seconds
[2026-02-01T03:19:14.825+0000] {processor.py:157} INFO - Started process (PID=695) to work on /opt/airflow/dags/financial_DWH.py
[2026-02-01T03:19:14.827+0000] {processor.py:829} INFO - Processing file /opt/airflow/dags/financial_DWH.py for tasks to queue
[2026-02-01T03:19:14.829+0000] {logging_mixin.py:151} INFO - [2026-02-01T03:19:14.828+0000] {dagbag.py:536} INFO - Filling up the DagBag from /opt/airflow/dags/financial_DWH.py
[2026-02-01T03:19:14.849+0000] {processor.py:839} INFO - DAG(s) dict_keys(['financial_full_pipeline']) retrieved from /opt/airflow/dags/financial_DWH.py
[2026-02-01T03:19:14.907+0000] {logging_mixin.py:151} INFO - [2026-02-01T03:19:14.907+0000] {dag.py:2941} INFO - Sync 1 DAGs
[2026-02-01T03:19:14.951+0000] {logging_mixin.py:151} INFO - [2026-02-01T03:19:14.950+0000] {dag.py:3722} INFO - Setting next_dagrun for financial_full_pipeline to 2026-02-01T00:00:00+00:00, run_after=2026-02-02T00:00:00+00:00
[2026-02-01T03:19:15.000+0000] {processor.py:179} INFO - Processing /opt/airflow/dags/financial_DWH.py took 0.182 seconds
[2026-02-01T03:19:19.917+0000] {processor.py:157} INFO - Started process (PID=700) to work on /opt/airflow/dags/financial_DWH.py
[2026-02-01T03:19:19.918+0000] {processor.py:829} INFO - Processing file /opt/airflow/dags/financial_DWH.py for tasks to queue
[2026-02-01T03:19:19.919+0000] {logging_mixin.py:151} INFO - [2026-02-01T03:19:19.919+0000] {dagbag.py:536} INFO - Filling up the DagBag from /opt/airflow/dags/financial_DWH.py
[2026-02-01T03:19:19.939+0000] {processor.py:839} INFO - DAG(s) dict_keys(['financial_full_pipeline']) retrieved from /opt/airflow/dags/financial_DWH.py
[2026-02-01T03:19:20.003+0000] {logging_mixin.py:151} INFO - [2026-02-01T03:19:20.003+0000] {dag.py:2941} INFO - Sync 1 DAGs
[2026-02-01T03:19:20.057+0000] {logging_mixin.py:151} INFO - [2026-02-01T03:19:20.056+0000] {dag.py:3722} INFO - Setting next_dagrun for financial_full_pipeline to 2026-02-01T00:00:00+00:00, run_after=2026-02-02T00:00:00+00:00
[2026-02-01T03:19:20.107+0000] {processor.py:179} INFO - Processing /opt/airflow/dags/financial_DWH.py took 0.198 seconds
[2026-02-01T03:19:47.256+0000] {processor.py:157} INFO - Started process (PID=705) to work on /opt/airflow/dags/financial_DWH.py
[2026-02-01T03:19:47.259+0000] {processor.py:829} INFO - Processing file /opt/airflow/dags/financial_DWH.py for tasks to queue
[2026-02-01T03:19:47.261+0000] {logging_mixin.py:151} INFO - [2026-02-01T03:19:47.260+0000] {dagbag.py:536} INFO - Filling up the DagBag from /opt/airflow/dags/financial_DWH.py
[2026-02-01T03:19:47.278+0000] {processor.py:839} INFO - DAG(s) dict_keys(['financial_full_pipeline']) retrieved from /opt/airflow/dags/financial_DWH.py
[2026-02-01T03:19:47.353+0000] {logging_mixin.py:151} INFO - [2026-02-01T03:19:47.352+0000] {dag.py:2941} INFO - Sync 1 DAGs
[2026-02-01T03:19:47.394+0000] {logging_mixin.py:151} INFO - [2026-02-01T03:19:47.394+0000] {dag.py:3722} INFO - Setting next_dagrun for financial_full_pipeline to 2026-02-01T00:00:00+00:00, run_after=2026-02-02T00:00:00+00:00
[2026-02-01T03:19:47.423+0000] {processor.py:179} INFO - Processing /opt/airflow/dags/financial_DWH.py took 0.177 seconds
[2026-02-01T03:20:17.481+0000] {processor.py:157} INFO - Started process (PID=749) to work on /opt/airflow/dags/financial_DWH.py
[2026-02-01T03:20:17.483+0000] {processor.py:829} INFO - Processing file /opt/airflow/dags/financial_DWH.py for tasks to queue
[2026-02-01T03:20:17.485+0000] {logging_mixin.py:151} INFO - [2026-02-01T03:20:17.484+0000] {dagbag.py:536} INFO - Filling up the DagBag from /opt/airflow/dags/financial_DWH.py
[2026-02-01T03:20:17.499+0000] {processor.py:839} INFO - DAG(s) dict_keys(['financial_full_pipeline']) retrieved from /opt/airflow/dags/financial_DWH.py
[2026-02-01T03:20:17.559+0000] {logging_mixin.py:151} INFO - [2026-02-01T03:20:17.559+0000] {dag.py:2941} INFO - Sync 1 DAGs
[2026-02-01T03:20:17.597+0000] {logging_mixin.py:151} INFO - [2026-02-01T03:20:17.597+0000] {dag.py:3722} INFO - Setting next_dagrun for financial_full_pipeline to 2026-02-01T00:00:00+00:00, run_after=2026-02-02T00:00:00+00:00
[2026-02-01T03:20:17.627+0000] {processor.py:179} INFO - Processing /opt/airflow/dags/financial_DWH.py took 0.154 seconds
[2026-02-01T03:20:47.816+0000] {processor.py:157} INFO - Started process (PID=754) to work on /opt/airflow/dags/financial_DWH.py
[2026-02-01T03:20:47.818+0000] {processor.py:829} INFO - Processing file /opt/airflow/dags/financial_DWH.py for tasks to queue
[2026-02-01T03:20:47.819+0000] {logging_mixin.py:151} INFO - [2026-02-01T03:20:47.819+0000] {dagbag.py:536} INFO - Filling up the DagBag from /opt/airflow/dags/financial_DWH.py
[2026-02-01T03:20:47.834+0000] {processor.py:839} INFO - DAG(s) dict_keys(['financial_full_pipeline']) retrieved from /opt/airflow/dags/financial_DWH.py
[2026-02-01T03:20:47.892+0000] {logging_mixin.py:151} INFO - [2026-02-01T03:20:47.891+0000] {dag.py:2941} INFO - Sync 1 DAGs
[2026-02-01T03:20:47.940+0000] {logging_mixin.py:151} INFO - [2026-02-01T03:20:47.939+0000] {dag.py:3722} INFO - Setting next_dagrun for financial_full_pipeline to 2026-02-01T00:00:00+00:00, run_after=2026-02-02T00:00:00+00:00
[2026-02-01T03:20:47.977+0000] {processor.py:179} INFO - Processing /opt/airflow/dags/financial_DWH.py took 0.171 seconds
[2026-02-01T03:21:18.204+0000] {processor.py:157} INFO - Started process (PID=759) to work on /opt/airflow/dags/financial_DWH.py
[2026-02-01T03:21:18.206+0000] {processor.py:829} INFO - Processing file /opt/airflow/dags/financial_DWH.py for tasks to queue
[2026-02-01T03:21:18.211+0000] {logging_mixin.py:151} INFO - [2026-02-01T03:21:18.209+0000] {dagbag.py:536} INFO - Filling up the DagBag from /opt/airflow/dags/financial_DWH.py
[2026-02-01T03:21:18.228+0000] {processor.py:839} INFO - DAG(s) dict_keys(['financial_full_pipeline']) retrieved from /opt/airflow/dags/financial_DWH.py
[2026-02-01T03:21:18.287+0000] {logging_mixin.py:151} INFO - [2026-02-01T03:21:18.287+0000] {dag.py:2941} INFO - Sync 1 DAGs
[2026-02-01T03:21:18.370+0000] {logging_mixin.py:151} INFO - [2026-02-01T03:21:18.370+0000] {dag.py:3722} INFO - Setting next_dagrun for financial_full_pipeline to 2026-02-01T00:00:00+00:00, run_after=2026-02-02T00:00:00+00:00
[2026-02-01T03:21:18.398+0000] {processor.py:179} INFO - Processing /opt/airflow/dags/financial_DWH.py took 0.202 seconds
[2026-02-01T03:21:26.252+0000] {processor.py:157} INFO - Started process (PID=764) to work on /opt/airflow/dags/financial_DWH.py
[2026-02-01T03:21:26.254+0000] {processor.py:829} INFO - Processing file /opt/airflow/dags/financial_DWH.py for tasks to queue
[2026-02-01T03:21:26.255+0000] {logging_mixin.py:151} INFO - [2026-02-01T03:21:26.255+0000] {dagbag.py:536} INFO - Filling up the DagBag from /opt/airflow/dags/financial_DWH.py
[2026-02-01T03:21:26.272+0000] {processor.py:839} INFO - DAG(s) dict_keys(['financial_full_pipeline']) retrieved from /opt/airflow/dags/financial_DWH.py
[2026-02-01T03:21:26.322+0000] {logging_mixin.py:151} INFO - [2026-02-01T03:21:26.322+0000] {dag.py:2941} INFO - Sync 1 DAGs
[2026-02-01T03:21:26.361+0000] {logging_mixin.py:151} INFO - [2026-02-01T03:21:26.361+0000] {dag.py:3722} INFO - Setting next_dagrun for financial_full_pipeline to 2026-02-01T00:00:00+00:00, run_after=2026-02-02T00:00:00+00:00
[2026-02-01T03:21:26.403+0000] {processor.py:179} INFO - Processing /opt/airflow/dags/financial_DWH.py took 0.157 seconds
[2026-02-01T03:21:56.485+0000] {processor.py:157} INFO - Started process (PID=811) to work on /opt/airflow/dags/financial_DWH.py
[2026-02-01T03:21:56.488+0000] {processor.py:829} INFO - Processing file /opt/airflow/dags/financial_DWH.py for tasks to queue
[2026-02-01T03:21:56.491+0000] {logging_mixin.py:151} INFO - [2026-02-01T03:21:56.490+0000] {dagbag.py:536} INFO - Filling up the DagBag from /opt/airflow/dags/financial_DWH.py
[2026-02-01T03:21:56.515+0000] {processor.py:839} INFO - DAG(s) dict_keys(['financial_full_pipeline']) retrieved from /opt/airflow/dags/financial_DWH.py
[2026-02-01T03:21:56.583+0000] {logging_mixin.py:151} INFO - [2026-02-01T03:21:56.582+0000] {dag.py:2941} INFO - Sync 1 DAGs
[2026-02-01T03:21:56.634+0000] {logging_mixin.py:151} INFO - [2026-02-01T03:21:56.633+0000] {dag.py:3722} INFO - Setting next_dagrun for financial_full_pipeline to 2026-02-01T00:00:00+00:00, run_after=2026-02-02T00:00:00+00:00
[2026-02-01T03:21:56.670+0000] {processor.py:179} INFO - Processing /opt/airflow/dags/financial_DWH.py took 0.197 seconds
[2026-02-01T03:22:26.847+0000] {processor.py:157} INFO - Started process (PID=858) to work on /opt/airflow/dags/financial_DWH.py
[2026-02-01T03:22:26.849+0000] {processor.py:829} INFO - Processing file /opt/airflow/dags/financial_DWH.py for tasks to queue
[2026-02-01T03:22:26.851+0000] {logging_mixin.py:151} INFO - [2026-02-01T03:22:26.850+0000] {dagbag.py:536} INFO - Filling up the DagBag from /opt/airflow/dags/financial_DWH.py
[2026-02-01T03:22:26.870+0000] {processor.py:839} INFO - DAG(s) dict_keys(['financial_full_pipeline']) retrieved from /opt/airflow/dags/financial_DWH.py
[2026-02-01T03:22:26.923+0000] {logging_mixin.py:151} INFO - [2026-02-01T03:22:26.922+0000] {dag.py:2941} INFO - Sync 1 DAGs
[2026-02-01T03:22:26.962+0000] {logging_mixin.py:151} INFO - [2026-02-01T03:22:26.961+0000] {dag.py:3722} INFO - Setting next_dagrun for financial_full_pipeline to 2026-02-01T00:00:00+00:00, run_after=2026-02-02T00:00:00+00:00
[2026-02-01T03:22:26.994+0000] {processor.py:179} INFO - Processing /opt/airflow/dags/financial_DWH.py took 0.154 seconds
[2026-02-01T03:22:57.075+0000] {processor.py:157} INFO - Started process (PID=863) to work on /opt/airflow/dags/financial_DWH.py
[2026-02-01T03:22:57.078+0000] {processor.py:829} INFO - Processing file /opt/airflow/dags/financial_DWH.py for tasks to queue
[2026-02-01T03:22:57.079+0000] {logging_mixin.py:151} INFO - [2026-02-01T03:22:57.079+0000] {dagbag.py:536} INFO - Filling up the DagBag from /opt/airflow/dags/financial_DWH.py
[2026-02-01T03:22:57.100+0000] {processor.py:839} INFO - DAG(s) dict_keys(['financial_full_pipeline']) retrieved from /opt/airflow/dags/financial_DWH.py
[2026-02-01T03:22:57.182+0000] {logging_mixin.py:151} INFO - [2026-02-01T03:22:57.182+0000] {dag.py:2941} INFO - Sync 1 DAGs
[2026-02-01T03:22:57.232+0000] {logging_mixin.py:151} INFO - [2026-02-01T03:22:57.232+0000] {dag.py:3722} INFO - Setting next_dagrun for financial_full_pipeline to 2026-02-01T00:00:00+00:00, run_after=2026-02-02T00:00:00+00:00
[2026-02-01T03:22:57.265+0000] {processor.py:179} INFO - Processing /opt/airflow/dags/financial_DWH.py took 0.197 seconds
[2026-02-01T03:23:27.512+0000] {processor.py:157} INFO - Started process (PID=952) to work on /opt/airflow/dags/financial_DWH.py
[2026-02-01T03:23:27.527+0000] {processor.py:829} INFO - Processing file /opt/airflow/dags/financial_DWH.py for tasks to queue
[2026-02-01T03:23:27.529+0000] {logging_mixin.py:151} INFO - [2026-02-01T03:23:27.528+0000] {dagbag.py:536} INFO - Filling up the DagBag from /opt/airflow/dags/financial_DWH.py
[2026-02-01T03:23:27.577+0000] {processor.py:839} INFO - DAG(s) dict_keys(['financial_full_pipeline']) retrieved from /opt/airflow/dags/financial_DWH.py
[2026-02-01T03:23:27.670+0000] {logging_mixin.py:151} INFO - [2026-02-01T03:23:27.669+0000] {dag.py:2941} INFO - Sync 1 DAGs
[2026-02-01T03:23:27.747+0000] {logging_mixin.py:151} INFO - [2026-02-01T03:23:27.747+0000] {dag.py:3722} INFO - Setting next_dagrun for financial_full_pipeline to 2026-02-01T00:00:00+00:00, run_after=2026-02-02T00:00:00+00:00
[2026-02-01T03:23:27.800+0000] {processor.py:179} INFO - Processing /opt/airflow/dags/financial_DWH.py took 0.317 seconds
[2026-02-01T03:23:58.012+0000] {processor.py:157} INFO - Started process (PID=957) to work on /opt/airflow/dags/financial_DWH.py
[2026-02-01T03:23:58.014+0000] {processor.py:829} INFO - Processing file /opt/airflow/dags/financial_DWH.py for tasks to queue
[2026-02-01T03:23:58.015+0000] {logging_mixin.py:151} INFO - [2026-02-01T03:23:58.015+0000] {dagbag.py:536} INFO - Filling up the DagBag from /opt/airflow/dags/financial_DWH.py
[2026-02-01T03:23:58.028+0000] {processor.py:839} INFO - DAG(s) dict_keys(['financial_full_pipeline']) retrieved from /opt/airflow/dags/financial_DWH.py
[2026-02-01T03:23:58.073+0000] {logging_mixin.py:151} INFO - [2026-02-01T03:23:58.073+0000] {dag.py:2941} INFO - Sync 1 DAGs
[2026-02-01T03:23:58.113+0000] {logging_mixin.py:151} INFO - [2026-02-01T03:23:58.112+0000] {dag.py:3722} INFO - Setting next_dagrun for financial_full_pipeline to 2026-02-01T00:00:00+00:00, run_after=2026-02-02T00:00:00+00:00
[2026-02-01T03:23:58.145+0000] {processor.py:179} INFO - Processing /opt/airflow/dags/financial_DWH.py took 0.140 seconds
[2026-02-01T03:24:28.365+0000] {processor.py:157} INFO - Started process (PID=962) to work on /opt/airflow/dags/financial_DWH.py
[2026-02-01T03:24:28.369+0000] {processor.py:829} INFO - Processing file /opt/airflow/dags/financial_DWH.py for tasks to queue
[2026-02-01T03:24:28.370+0000] {logging_mixin.py:151} INFO - [2026-02-01T03:24:28.370+0000] {dagbag.py:536} INFO - Filling up the DagBag from /opt/airflow/dags/financial_DWH.py
[2026-02-01T03:24:28.385+0000] {processor.py:839} INFO - DAG(s) dict_keys(['financial_full_pipeline']) retrieved from /opt/airflow/dags/financial_DWH.py
[2026-02-01T03:24:28.437+0000] {logging_mixin.py:151} INFO - [2026-02-01T03:24:28.437+0000] {dag.py:2941} INFO - Sync 1 DAGs
[2026-02-01T03:24:28.474+0000] {logging_mixin.py:151} INFO - [2026-02-01T03:24:28.474+0000] {dag.py:3722} INFO - Setting next_dagrun for financial_full_pipeline to 2026-02-01T00:00:00+00:00, run_after=2026-02-02T00:00:00+00:00
[2026-02-01T03:24:28.514+0000] {processor.py:179} INFO - Processing /opt/airflow/dags/financial_DWH.py took 0.156 seconds
[2026-02-01T03:24:42.487+0000] {processor.py:157} INFO - Started process (PID=967) to work on /opt/airflow/dags/financial_DWH.py
[2026-02-01T03:24:42.489+0000] {processor.py:829} INFO - Processing file /opt/airflow/dags/financial_DWH.py for tasks to queue
[2026-02-01T03:24:42.491+0000] {logging_mixin.py:151} INFO - [2026-02-01T03:24:42.490+0000] {dagbag.py:536} INFO - Filling up the DagBag from /opt/airflow/dags/financial_DWH.py
[2026-02-01T03:24:42.500+0000] {logging_mixin.py:151} INFO - [2026-02-01T03:24:42.495+0000] {dagbag.py:346} ERROR - Failed to import: /opt/airflow/dags/financial_DWH.py
Traceback (most recent call last):
  File "/home/airflow/.local/lib/python3.8/site-packages/airflow/models/dagbag.py", line 342, in parse
    loader.exec_module(new_module)
  File "<frozen importlib._bootstrap_external>", line 839, in exec_module
  File "<frozen importlib._bootstrap_external>", line 976, in get_code
  File "<frozen importlib._bootstrap_external>", line 906, in source_to_code
  File "<frozen importlib._bootstrap>", line 219, in _call_with_frames_removed
  File "/opt/airflow/dags/financial_DWH.py", line 49
    try:
       ^
IndentationError: unexpected unindent
[2026-02-01T03:24:42.501+0000] {processor.py:841} WARNING - No viable dags retrieved from /opt/airflow/dags/financial_DWH.py
[2026-02-01T03:24:42.556+0000] {processor.py:179} INFO - Processing /opt/airflow/dags/financial_DWH.py took 0.082 seconds
[2026-02-01T03:24:48.799+0000] {processor.py:157} INFO - Started process (PID=972) to work on /opt/airflow/dags/financial_DWH.py
[2026-02-01T03:24:48.801+0000] {processor.py:829} INFO - Processing file /opt/airflow/dags/financial_DWH.py for tasks to queue
[2026-02-01T03:24:48.821+0000] {logging_mixin.py:151} INFO - [2026-02-01T03:24:48.804+0000] {dagbag.py:536} INFO - Filling up the DagBag from /opt/airflow/dags/financial_DWH.py
[2026-02-01T03:24:48.900+0000] {processor.py:839} INFO - DAG(s) dict_keys(['financial_full_pipeline']) retrieved from /opt/airflow/dags/financial_DWH.py
[2026-02-01T03:24:49.085+0000] {logging_mixin.py:151} INFO - [2026-02-01T03:24:49.083+0000] {dag.py:2941} INFO - Sync 1 DAGs
[2026-02-01T03:24:49.186+0000] {logging_mixin.py:151} INFO - [2026-02-01T03:24:49.186+0000] {dag.py:3722} INFO - Setting next_dagrun for financial_full_pipeline to 2026-02-01T00:00:00+00:00, run_after=2026-02-02T00:00:00+00:00
[2026-02-01T03:24:49.351+0000] {processor.py:179} INFO - Processing /opt/airflow/dags/financial_DWH.py took 0.585 seconds
[2026-02-01T03:24:54.471+0000] {processor.py:157} INFO - Started process (PID=977) to work on /opt/airflow/dags/financial_DWH.py
[2026-02-01T03:24:54.473+0000] {processor.py:829} INFO - Processing file /opt/airflow/dags/financial_DWH.py for tasks to queue
[2026-02-01T03:24:54.476+0000] {logging_mixin.py:151} INFO - [2026-02-01T03:24:54.476+0000] {dagbag.py:536} INFO - Filling up the DagBag from /opt/airflow/dags/financial_DWH.py
[2026-02-01T03:24:54.503+0000] {processor.py:839} INFO - DAG(s) dict_keys(['financial_full_pipeline']) retrieved from /opt/airflow/dags/financial_DWH.py
[2026-02-01T03:24:54.564+0000] {logging_mixin.py:151} INFO - [2026-02-01T03:24:54.564+0000] {dag.py:2941} INFO - Sync 1 DAGs
[2026-02-01T03:24:54.605+0000] {logging_mixin.py:151} INFO - [2026-02-01T03:24:54.605+0000] {dag.py:3722} INFO - Setting next_dagrun for financial_full_pipeline to 2026-02-01T00:00:00+00:00, run_after=2026-02-02T00:00:00+00:00
[2026-02-01T03:24:54.665+0000] {processor.py:179} INFO - Processing /opt/airflow/dags/financial_DWH.py took 0.204 seconds
[2026-02-01T03:24:59.769+0000] {processor.py:157} INFO - Started process (PID=982) to work on /opt/airflow/dags/financial_DWH.py
[2026-02-01T03:24:59.772+0000] {processor.py:829} INFO - Processing file /opt/airflow/dags/financial_DWH.py for tasks to queue
[2026-02-01T03:24:59.775+0000] {logging_mixin.py:151} INFO - [2026-02-01T03:24:59.773+0000] {dagbag.py:536} INFO - Filling up the DagBag from /opt/airflow/dags/financial_DWH.py
[2026-02-01T03:24:59.799+0000] {processor.py:839} INFO - DAG(s) dict_keys(['financial_full_pipeline']) retrieved from /opt/airflow/dags/financial_DWH.py
[2026-02-01T03:24:59.859+0000] {logging_mixin.py:151} INFO - [2026-02-01T03:24:59.859+0000] {dag.py:2941} INFO - Sync 1 DAGs
[2026-02-01T03:24:59.892+0000] {logging_mixin.py:151} INFO - [2026-02-01T03:24:59.891+0000] {dag.py:3722} INFO - Setting next_dagrun for financial_full_pipeline to 2026-02-01T00:00:00+00:00, run_after=2026-02-02T00:00:00+00:00
[2026-02-01T03:24:59.921+0000] {processor.py:179} INFO - Processing /opt/airflow/dags/financial_DWH.py took 0.161 seconds
[2026-02-01T03:25:02.014+0000] {processor.py:157} INFO - Started process (PID=987) to work on /opt/airflow/dags/financial_DWH.py
[2026-02-01T03:25:02.016+0000] {processor.py:829} INFO - Processing file /opt/airflow/dags/financial_DWH.py for tasks to queue
[2026-02-01T03:25:02.018+0000] {logging_mixin.py:151} INFO - [2026-02-01T03:25:02.017+0000] {dagbag.py:536} INFO - Filling up the DagBag from /opt/airflow/dags/financial_DWH.py
[2026-02-01T03:25:02.046+0000] {processor.py:839} INFO - DAG(s) dict_keys(['financial_full_pipeline']) retrieved from /opt/airflow/dags/financial_DWH.py
[2026-02-01T03:25:02.187+0000] {logging_mixin.py:151} INFO - [2026-02-01T03:25:02.186+0000] {dag.py:2941} INFO - Sync 1 DAGs
[2026-02-01T03:25:02.318+0000] {logging_mixin.py:151} INFO - [2026-02-01T03:25:02.308+0000] {dag.py:3722} INFO - Setting next_dagrun for financial_full_pipeline to 2026-02-01T00:00:00+00:00, run_after=2026-02-02T00:00:00+00:00
[2026-02-01T03:25:02.426+0000] {processor.py:179} INFO - Processing /opt/airflow/dags/financial_DWH.py took 0.426 seconds
[2026-02-01T03:25:32.694+0000] {processor.py:157} INFO - Started process (PID=1076) to work on /opt/airflow/dags/financial_DWH.py
[2026-02-01T03:25:32.698+0000] {processor.py:829} INFO - Processing file /opt/airflow/dags/financial_DWH.py for tasks to queue
[2026-02-01T03:25:32.699+0000] {logging_mixin.py:151} INFO - [2026-02-01T03:25:32.699+0000] {dagbag.py:536} INFO - Filling up the DagBag from /opt/airflow/dags/financial_DWH.py
[2026-02-01T03:25:32.713+0000] {processor.py:839} INFO - DAG(s) dict_keys(['financial_full_pipeline']) retrieved from /opt/airflow/dags/financial_DWH.py
[2026-02-01T03:25:32.768+0000] {logging_mixin.py:151} INFO - [2026-02-01T03:25:32.768+0000] {dag.py:2941} INFO - Sync 1 DAGs
[2026-02-01T03:25:32.814+0000] {logging_mixin.py:151} INFO - [2026-02-01T03:25:32.814+0000] {dag.py:3722} INFO - Setting next_dagrun for financial_full_pipeline to 2026-02-01T00:00:00+00:00, run_after=2026-02-02T00:00:00+00:00
[2026-02-01T03:25:32.894+0000] {processor.py:179} INFO - Processing /opt/airflow/dags/financial_DWH.py took 0.209 seconds
[2026-02-01T03:26:03.146+0000] {processor.py:157} INFO - Started process (PID=1081) to work on /opt/airflow/dags/financial_DWH.py
[2026-02-01T03:26:03.148+0000] {processor.py:829} INFO - Processing file /opt/airflow/dags/financial_DWH.py for tasks to queue
[2026-02-01T03:26:03.150+0000] {logging_mixin.py:151} INFO - [2026-02-01T03:26:03.149+0000] {dagbag.py:536} INFO - Filling up the DagBag from /opt/airflow/dags/financial_DWH.py
[2026-02-01T03:26:03.170+0000] {processor.py:839} INFO - DAG(s) dict_keys(['financial_full_pipeline']) retrieved from /opt/airflow/dags/financial_DWH.py
[2026-02-01T03:26:03.241+0000] {logging_mixin.py:151} INFO - [2026-02-01T03:26:03.241+0000] {dag.py:2941} INFO - Sync 1 DAGs
[2026-02-01T03:26:03.275+0000] {logging_mixin.py:151} INFO - [2026-02-01T03:26:03.275+0000] {dag.py:3722} INFO - Setting next_dagrun for financial_full_pipeline to 2026-02-01T00:00:00+00:00, run_after=2026-02-02T00:00:00+00:00
[2026-02-01T03:26:03.305+0000] {processor.py:179} INFO - Processing /opt/airflow/dags/financial_DWH.py took 0.167 seconds
[2026-02-01T03:26:33.502+0000] {processor.py:157} INFO - Started process (PID=1086) to work on /opt/airflow/dags/financial_DWH.py
[2026-02-01T03:26:33.504+0000] {processor.py:829} INFO - Processing file /opt/airflow/dags/financial_DWH.py for tasks to queue
[2026-02-01T03:26:33.507+0000] {logging_mixin.py:151} INFO - [2026-02-01T03:26:33.506+0000] {dagbag.py:536} INFO - Filling up the DagBag from /opt/airflow/dags/financial_DWH.py
[2026-02-01T03:26:33.519+0000] {processor.py:839} INFO - DAG(s) dict_keys(['financial_full_pipeline']) retrieved from /opt/airflow/dags/financial_DWH.py
[2026-02-01T03:26:33.566+0000] {logging_mixin.py:151} INFO - [2026-02-01T03:26:33.565+0000] {dag.py:2941} INFO - Sync 1 DAGs
[2026-02-01T03:26:33.601+0000] {logging_mixin.py:151} INFO - [2026-02-01T03:26:33.601+0000] {dag.py:3722} INFO - Setting next_dagrun for financial_full_pipeline to 2026-02-01T00:00:00+00:00, run_after=2026-02-02T00:00:00+00:00
[2026-02-01T03:26:33.635+0000] {processor.py:179} INFO - Processing /opt/airflow/dags/financial_DWH.py took 0.139 seconds
[2026-02-01T03:27:03.857+0000] {processor.py:157} INFO - Started process (PID=1094) to work on /opt/airflow/dags/financial_DWH.py
[2026-02-01T03:27:03.859+0000] {processor.py:829} INFO - Processing file /opt/airflow/dags/financial_DWH.py for tasks to queue
[2026-02-01T03:27:03.861+0000] {logging_mixin.py:151} INFO - [2026-02-01T03:27:03.861+0000] {dagbag.py:536} INFO - Filling up the DagBag from /opt/airflow/dags/financial_DWH.py
[2026-02-01T03:27:03.888+0000] {processor.py:839} INFO - DAG(s) dict_keys(['financial_full_pipeline']) retrieved from /opt/airflow/dags/financial_DWH.py
[2026-02-01T03:27:04.004+0000] {logging_mixin.py:151} INFO - [2026-02-01T03:27:04.004+0000] {dag.py:2941} INFO - Sync 1 DAGs
[2026-02-01T03:27:04.056+0000] {logging_mixin.py:151} INFO - [2026-02-01T03:27:04.055+0000] {dag.py:3722} INFO - Setting next_dagrun for financial_full_pipeline to 2026-02-01T00:00:00+00:00, run_after=2026-02-02T00:00:00+00:00
[2026-02-01T03:27:04.090+0000] {processor.py:179} INFO - Processing /opt/airflow/dags/financial_DWH.py took 0.244 seconds
[2026-02-01T03:27:22.250+0000] {processor.py:157} INFO - Started process (PID=1102) to work on /opt/airflow/dags/financial_DWH.py
[2026-02-01T03:27:22.253+0000] {processor.py:829} INFO - Processing file /opt/airflow/dags/financial_DWH.py for tasks to queue
[2026-02-01T03:27:22.254+0000] {logging_mixin.py:151} INFO - [2026-02-01T03:27:22.254+0000] {dagbag.py:536} INFO - Filling up the DagBag from /opt/airflow/dags/financial_DWH.py
[2026-02-01T03:27:22.262+0000] {logging_mixin.py:151} INFO - [2026-02-01T03:27:22.260+0000] {dagbag.py:346} ERROR - Failed to import: /opt/airflow/dags/financial_DWH.py
Traceback (most recent call last):
  File "/home/airflow/.local/lib/python3.8/site-packages/airflow/models/dagbag.py", line 342, in parse
    loader.exec_module(new_module)
  File "<frozen importlib._bootstrap_external>", line 839, in exec_module
  File "<frozen importlib._bootstrap_external>", line 976, in get_code
  File "<frozen importlib._bootstrap_external>", line 906, in source_to_code
  File "<frozen importlib._bootstrap>", line 219, in _call_with_frames_removed
  File "/opt/airflow/dags/financial_DWH.py", line 9
    base_path = "/mnt/c/Users/dell/Desktop/DWH/finacel trasncation data/C:\Users\dell\Desktop\DWH\finacel trasncation data"
                ^
SyntaxError: (unicode error) 'unicodeescape' codec can't decode bytes in position 57-58: truncated \UXXXXXXXX escape
[2026-02-01T03:27:22.262+0000] {processor.py:841} WARNING - No viable dags retrieved from /opt/airflow/dags/financial_DWH.py
[2026-02-01T03:27:22.302+0000] {processor.py:179} INFO - Processing /opt/airflow/dags/financial_DWH.py took 0.064 seconds
[2026-02-01T03:27:24.265+0000] {processor.py:157} INFO - Started process (PID=1107) to work on /opt/airflow/dags/financial_DWH.py
[2026-02-01T03:27:24.267+0000] {processor.py:829} INFO - Processing file /opt/airflow/dags/financial_DWH.py for tasks to queue
[2026-02-01T03:27:24.269+0000] {logging_mixin.py:151} INFO - [2026-02-01T03:27:24.269+0000] {dagbag.py:536} INFO - Filling up the DagBag from /opt/airflow/dags/financial_DWH.py
[2026-02-01T03:27:24.287+0000] {processor.py:839} INFO - DAG(s) dict_keys(['financial_full_pipeline']) retrieved from /opt/airflow/dags/financial_DWH.py
[2026-02-01T03:27:24.333+0000] {logging_mixin.py:151} INFO - [2026-02-01T03:27:24.333+0000] {dag.py:2941} INFO - Sync 1 DAGs
[2026-02-01T03:27:24.373+0000] {logging_mixin.py:151} INFO - [2026-02-01T03:27:24.372+0000] {dag.py:3722} INFO - Setting next_dagrun for financial_full_pipeline to 2026-02-01T00:00:00+00:00, run_after=2026-02-02T00:00:00+00:00
[2026-02-01T03:27:24.416+0000] {processor.py:179} INFO - Processing /opt/airflow/dags/financial_DWH.py took 0.158 seconds
[2026-02-01T03:27:27.403+0000] {processor.py:157} INFO - Started process (PID=1112) to work on /opt/airflow/dags/financial_DWH.py
[2026-02-01T03:27:27.405+0000] {processor.py:829} INFO - Processing file /opt/airflow/dags/financial_DWH.py for tasks to queue
[2026-02-01T03:27:27.407+0000] {logging_mixin.py:151} INFO - [2026-02-01T03:27:27.406+0000] {dagbag.py:536} INFO - Filling up the DagBag from /opt/airflow/dags/financial_DWH.py
[2026-02-01T03:27:27.447+0000] {processor.py:839} INFO - DAG(s) dict_keys(['financial_full_pipeline']) retrieved from /opt/airflow/dags/financial_DWH.py
[2026-02-01T03:27:27.508+0000] {logging_mixin.py:151} INFO - [2026-02-01T03:27:27.507+0000] {dag.py:2941} INFO - Sync 1 DAGs
[2026-02-01T03:27:27.546+0000] {logging_mixin.py:151} INFO - [2026-02-01T03:27:27.545+0000] {dag.py:3722} INFO - Setting next_dagrun for financial_full_pipeline to 2026-02-01T00:00:00+00:00, run_after=2026-02-02T00:00:00+00:00
[2026-02-01T03:27:27.584+0000] {processor.py:179} INFO - Processing /opt/airflow/dags/financial_DWH.py took 0.190 seconds
[2026-02-01T03:27:37.562+0000] {processor.py:157} INFO - Started process (PID=1117) to work on /opt/airflow/dags/financial_DWH.py
[2026-02-01T03:27:37.565+0000] {processor.py:829} INFO - Processing file /opt/airflow/dags/financial_DWH.py for tasks to queue
[2026-02-01T03:27:37.566+0000] {logging_mixin.py:151} INFO - [2026-02-01T03:27:37.565+0000] {dagbag.py:536} INFO - Filling up the DagBag from /opt/airflow/dags/financial_DWH.py
[2026-02-01T03:27:37.596+0000] {processor.py:839} INFO - DAG(s) dict_keys(['financial_full_pipeline']) retrieved from /opt/airflow/dags/financial_DWH.py
[2026-02-01T03:27:37.717+0000] {logging_mixin.py:151} INFO - [2026-02-01T03:27:37.716+0000] {dag.py:2941} INFO - Sync 1 DAGs
[2026-02-01T03:27:37.820+0000] {logging_mixin.py:151} INFO - [2026-02-01T03:27:37.820+0000] {dag.py:3722} INFO - Setting next_dagrun for financial_full_pipeline to 2026-02-01T00:00:00+00:00, run_after=2026-02-02T00:00:00+00:00
[2026-02-01T03:27:37.893+0000] {processor.py:179} INFO - Processing /opt/airflow/dags/financial_DWH.py took 0.340 seconds
[2026-02-01T03:28:08.116+0000] {processor.py:157} INFO - Started process (PID=1164) to work on /opt/airflow/dags/financial_DWH.py
[2026-02-01T03:28:08.117+0000] {processor.py:829} INFO - Processing file /opt/airflow/dags/financial_DWH.py for tasks to queue
[2026-02-01T03:28:08.119+0000] {logging_mixin.py:151} INFO - [2026-02-01T03:28:08.118+0000] {dagbag.py:536} INFO - Filling up the DagBag from /opt/airflow/dags/financial_DWH.py
[2026-02-01T03:28:08.132+0000] {processor.py:839} INFO - DAG(s) dict_keys(['financial_full_pipeline']) retrieved from /opt/airflow/dags/financial_DWH.py
[2026-02-01T03:28:08.186+0000] {logging_mixin.py:151} INFO - [2026-02-01T03:28:08.186+0000] {dag.py:2941} INFO - Sync 1 DAGs
[2026-02-01T03:28:08.225+0000] {logging_mixin.py:151} INFO - [2026-02-01T03:28:08.225+0000] {dag.py:3722} INFO - Setting next_dagrun for financial_full_pipeline to 2026-02-01T00:00:00+00:00, run_after=2026-02-02T00:00:00+00:00
[2026-02-01T03:28:08.261+0000] {processor.py:179} INFO - Processing /opt/airflow/dags/financial_DWH.py took 0.151 seconds
[2026-02-01T03:28:38.322+0000] {processor.py:157} INFO - Started process (PID=1175) to work on /opt/airflow/dags/financial_DWH.py
[2026-02-01T03:28:38.324+0000] {processor.py:829} INFO - Processing file /opt/airflow/dags/financial_DWH.py for tasks to queue
[2026-02-01T03:28:38.325+0000] {logging_mixin.py:151} INFO - [2026-02-01T03:28:38.325+0000] {dagbag.py:536} INFO - Filling up the DagBag from /opt/airflow/dags/financial_DWH.py
[2026-02-01T03:28:38.339+0000] {processor.py:839} INFO - DAG(s) dict_keys(['financial_full_pipeline']) retrieved from /opt/airflow/dags/financial_DWH.py
[2026-02-01T03:28:38.385+0000] {logging_mixin.py:151} INFO - [2026-02-01T03:28:38.385+0000] {dag.py:2941} INFO - Sync 1 DAGs
[2026-02-01T03:28:38.427+0000] {logging_mixin.py:151} INFO - [2026-02-01T03:28:38.426+0000] {dag.py:3722} INFO - Setting next_dagrun for financial_full_pipeline to 2026-02-01T00:00:00+00:00, run_after=2026-02-02T00:00:00+00:00
[2026-02-01T03:28:38.459+0000] {processor.py:179} INFO - Processing /opt/airflow/dags/financial_DWH.py took 0.145 seconds
[2026-02-01T03:29:09.149+0000] {processor.py:157} INFO - Started process (PID=1222) to work on /opt/airflow/dags/financial_DWH.py
[2026-02-01T03:29:09.150+0000] {processor.py:829} INFO - Processing file /opt/airflow/dags/financial_DWH.py for tasks to queue
[2026-02-01T03:29:09.152+0000] {logging_mixin.py:151} INFO - [2026-02-01T03:29:09.151+0000] {dagbag.py:536} INFO - Filling up the DagBag from /opt/airflow/dags/financial_DWH.py
[2026-02-01T03:29:09.181+0000] {processor.py:839} INFO - DAG(s) dict_keys(['financial_full_pipeline']) retrieved from /opt/airflow/dags/financial_DWH.py
[2026-02-01T03:29:09.249+0000] {logging_mixin.py:151} INFO - [2026-02-01T03:29:09.249+0000] {dag.py:2941} INFO - Sync 1 DAGs
[2026-02-01T03:29:09.307+0000] {logging_mixin.py:151} INFO - [2026-02-01T03:29:09.306+0000] {dag.py:3722} INFO - Setting next_dagrun for financial_full_pipeline to 2026-02-01T00:00:00+00:00, run_after=2026-02-02T00:00:00+00:00
[2026-02-01T03:29:09.365+0000] {processor.py:179} INFO - Processing /opt/airflow/dags/financial_DWH.py took 0.225 seconds
[2026-02-01T03:29:39.601+0000] {processor.py:157} INFO - Started process (PID=1227) to work on /opt/airflow/dags/financial_DWH.py
[2026-02-01T03:29:39.607+0000] {processor.py:829} INFO - Processing file /opt/airflow/dags/financial_DWH.py for tasks to queue
[2026-02-01T03:29:39.609+0000] {logging_mixin.py:151} INFO - [2026-02-01T03:29:39.608+0000] {dagbag.py:536} INFO - Filling up the DagBag from /opt/airflow/dags/financial_DWH.py
[2026-02-01T03:29:39.623+0000] {processor.py:839} INFO - DAG(s) dict_keys(['financial_full_pipeline']) retrieved from /opt/airflow/dags/financial_DWH.py
[2026-02-01T03:29:39.677+0000] {logging_mixin.py:151} INFO - [2026-02-01T03:29:39.676+0000] {dag.py:2941} INFO - Sync 1 DAGs
[2026-02-01T03:29:39.718+0000] {logging_mixin.py:151} INFO - [2026-02-01T03:29:39.718+0000] {dag.py:3722} INFO - Setting next_dagrun for financial_full_pipeline to 2026-02-01T00:00:00+00:00, run_after=2026-02-02T00:00:00+00:00
[2026-02-01T03:29:39.753+0000] {processor.py:179} INFO - Processing /opt/airflow/dags/financial_DWH.py took 0.158 seconds
[2026-02-01T03:30:09.986+0000] {processor.py:157} INFO - Started process (PID=1232) to work on /opt/airflow/dags/financial_DWH.py
[2026-02-01T03:30:09.989+0000] {processor.py:829} INFO - Processing file /opt/airflow/dags/financial_DWH.py for tasks to queue
[2026-02-01T03:30:09.991+0000] {logging_mixin.py:151} INFO - [2026-02-01T03:30:09.991+0000] {dagbag.py:536} INFO - Filling up the DagBag from /opt/airflow/dags/financial_DWH.py
[2026-02-01T03:30:10.030+0000] {processor.py:839} INFO - DAG(s) dict_keys(['financial_full_pipeline']) retrieved from /opt/airflow/dags/financial_DWH.py
[2026-02-01T03:30:10.134+0000] {logging_mixin.py:151} INFO - [2026-02-01T03:30:10.134+0000] {dag.py:2941} INFO - Sync 1 DAGs
[2026-02-01T03:30:10.247+0000] {logging_mixin.py:151} INFO - [2026-02-01T03:30:10.247+0000] {dag.py:3722} INFO - Setting next_dagrun for financial_full_pipeline to 2026-02-01T00:00:00+00:00, run_after=2026-02-02T00:00:00+00:00
[2026-02-01T03:30:10.397+0000] {processor.py:179} INFO - Processing /opt/airflow/dags/financial_DWH.py took 0.424 seconds
[2026-02-01T03:30:40.662+0000] {processor.py:157} INFO - Started process (PID=1240) to work on /opt/airflow/dags/financial_DWH.py
[2026-02-01T03:30:40.665+0000] {processor.py:829} INFO - Processing file /opt/airflow/dags/financial_DWH.py for tasks to queue
[2026-02-01T03:30:40.666+0000] {logging_mixin.py:151} INFO - [2026-02-01T03:30:40.665+0000] {dagbag.py:536} INFO - Filling up the DagBag from /opt/airflow/dags/financial_DWH.py
[2026-02-01T03:30:40.680+0000] {processor.py:839} INFO - DAG(s) dict_keys(['financial_full_pipeline']) retrieved from /opt/airflow/dags/financial_DWH.py
[2026-02-01T03:30:40.731+0000] {logging_mixin.py:151} INFO - [2026-02-01T03:30:40.730+0000] {dag.py:2941} INFO - Sync 1 DAGs
[2026-02-01T03:30:40.776+0000] {logging_mixin.py:151} INFO - [2026-02-01T03:30:40.776+0000] {dag.py:3722} INFO - Setting next_dagrun for financial_full_pipeline to 2026-02-01T00:00:00+00:00, run_after=2026-02-02T00:00:00+00:00
[2026-02-01T03:30:40.811+0000] {processor.py:179} INFO - Processing /opt/airflow/dags/financial_DWH.py took 0.158 seconds
[2026-02-01T03:31:11.012+0000] {processor.py:157} INFO - Started process (PID=1245) to work on /opt/airflow/dags/financial_DWH.py
[2026-02-01T03:31:11.014+0000] {processor.py:829} INFO - Processing file /opt/airflow/dags/financial_DWH.py for tasks to queue
[2026-02-01T03:31:11.015+0000] {logging_mixin.py:151} INFO - [2026-02-01T03:31:11.015+0000] {dagbag.py:536} INFO - Filling up the DagBag from /opt/airflow/dags/financial_DWH.py
[2026-02-01T03:31:11.027+0000] {processor.py:839} INFO - DAG(s) dict_keys(['financial_full_pipeline']) retrieved from /opt/airflow/dags/financial_DWH.py
[2026-02-01T03:31:11.071+0000] {logging_mixin.py:151} INFO - [2026-02-01T03:31:11.070+0000] {dag.py:2941} INFO - Sync 1 DAGs
[2026-02-01T03:31:11.106+0000] {logging_mixin.py:151} INFO - [2026-02-01T03:31:11.106+0000] {dag.py:3722} INFO - Setting next_dagrun for financial_full_pipeline to 2026-02-01T00:00:00+00:00, run_after=2026-02-02T00:00:00+00:00
[2026-02-01T03:31:11.136+0000] {processor.py:179} INFO - Processing /opt/airflow/dags/financial_DWH.py took 0.130 seconds
[2026-02-01T03:31:41.199+0000] {processor.py:157} INFO - Started process (PID=1250) to work on /opt/airflow/dags/financial_DWH.py
[2026-02-01T03:31:41.203+0000] {processor.py:829} INFO - Processing file /opt/airflow/dags/financial_DWH.py for tasks to queue
[2026-02-01T03:31:41.204+0000] {logging_mixin.py:151} INFO - [2026-02-01T03:31:41.204+0000] {dagbag.py:536} INFO - Filling up the DagBag from /opt/airflow/dags/financial_DWH.py
[2026-02-01T03:31:41.225+0000] {processor.py:839} INFO - DAG(s) dict_keys(['financial_full_pipeline']) retrieved from /opt/airflow/dags/financial_DWH.py
[2026-02-01T03:31:41.288+0000] {logging_mixin.py:151} INFO - [2026-02-01T03:31:41.287+0000] {dag.py:2941} INFO - Sync 1 DAGs
[2026-02-01T03:31:41.330+0000] {logging_mixin.py:151} INFO - [2026-02-01T03:31:41.330+0000] {dag.py:3722} INFO - Setting next_dagrun for financial_full_pipeline to 2026-02-01T00:00:00+00:00, run_after=2026-02-02T00:00:00+00:00
[2026-02-01T03:31:41.370+0000] {processor.py:179} INFO - Processing /opt/airflow/dags/financial_DWH.py took 0.178 seconds
[2026-02-01T03:32:11.600+0000] {processor.py:157} INFO - Started process (PID=1255) to work on /opt/airflow/dags/financial_DWH.py
[2026-02-01T03:32:11.602+0000] {processor.py:829} INFO - Processing file /opt/airflow/dags/financial_DWH.py for tasks to queue
[2026-02-01T03:32:11.605+0000] {logging_mixin.py:151} INFO - [2026-02-01T03:32:11.604+0000] {dagbag.py:536} INFO - Filling up the DagBag from /opt/airflow/dags/financial_DWH.py
[2026-02-01T03:32:11.647+0000] {processor.py:839} INFO - DAG(s) dict_keys(['financial_full_pipeline']) retrieved from /opt/airflow/dags/financial_DWH.py
[2026-02-01T03:32:11.729+0000] {logging_mixin.py:151} INFO - [2026-02-01T03:32:11.729+0000] {dag.py:2941} INFO - Sync 1 DAGs
[2026-02-01T03:32:11.771+0000] {logging_mixin.py:151} INFO - [2026-02-01T03:32:11.771+0000] {dag.py:3722} INFO - Setting next_dagrun for financial_full_pipeline to 2026-02-01T00:00:00+00:00, run_after=2026-02-02T00:00:00+00:00
[2026-02-01T03:32:11.815+0000] {processor.py:179} INFO - Processing /opt/airflow/dags/financial_DWH.py took 0.244 seconds
[2026-02-01T03:32:42.090+0000] {processor.py:157} INFO - Started process (PID=1344) to work on /opt/airflow/dags/financial_DWH.py
[2026-02-01T03:32:42.092+0000] {processor.py:829} INFO - Processing file /opt/airflow/dags/financial_DWH.py for tasks to queue
[2026-02-01T03:32:42.094+0000] {logging_mixin.py:151} INFO - [2026-02-01T03:32:42.093+0000] {dagbag.py:536} INFO - Filling up the DagBag from /opt/airflow/dags/financial_DWH.py
[2026-02-01T03:32:42.110+0000] {processor.py:839} INFO - DAG(s) dict_keys(['financial_full_pipeline']) retrieved from /opt/airflow/dags/financial_DWH.py
[2026-02-01T03:32:42.161+0000] {logging_mixin.py:151} INFO - [2026-02-01T03:32:42.161+0000] {dag.py:2941} INFO - Sync 1 DAGs
[2026-02-01T03:32:42.200+0000] {logging_mixin.py:151} INFO - [2026-02-01T03:32:42.200+0000] {dag.py:3722} INFO - Setting next_dagrun for financial_full_pipeline to 2026-02-01T00:00:00+00:00, run_after=2026-02-02T00:00:00+00:00
[2026-02-01T03:32:42.233+0000] {processor.py:179} INFO - Processing /opt/airflow/dags/financial_DWH.py took 0.150 seconds
[2026-02-01T03:33:12.290+0000] {processor.py:157} INFO - Started process (PID=1352) to work on /opt/airflow/dags/financial_DWH.py
[2026-02-01T03:33:12.293+0000] {processor.py:829} INFO - Processing file /opt/airflow/dags/financial_DWH.py for tasks to queue
[2026-02-01T03:33:12.295+0000] {logging_mixin.py:151} INFO - [2026-02-01T03:33:12.294+0000] {dagbag.py:536} INFO - Filling up the DagBag from /opt/airflow/dags/financial_DWH.py
[2026-02-01T03:33:12.313+0000] {processor.py:839} INFO - DAG(s) dict_keys(['financial_full_pipeline']) retrieved from /opt/airflow/dags/financial_DWH.py
[2026-02-01T03:33:12.379+0000] {logging_mixin.py:151} INFO - [2026-02-01T03:33:12.379+0000] {dag.py:2941} INFO - Sync 1 DAGs
[2026-02-01T03:33:12.440+0000] {logging_mixin.py:151} INFO - [2026-02-01T03:33:12.440+0000] {dag.py:3722} INFO - Setting next_dagrun for financial_full_pipeline to 2026-02-01T00:00:00+00:00, run_after=2026-02-02T00:00:00+00:00
[2026-02-01T03:33:12.476+0000] {processor.py:179} INFO - Processing /opt/airflow/dags/financial_DWH.py took 0.194 seconds
[2026-02-01T03:33:42.659+0000] {processor.py:157} INFO - Started process (PID=1357) to work on /opt/airflow/dags/financial_DWH.py
[2026-02-01T03:33:42.661+0000] {processor.py:829} INFO - Processing file /opt/airflow/dags/financial_DWH.py for tasks to queue
[2026-02-01T03:33:42.663+0000] {logging_mixin.py:151} INFO - [2026-02-01T03:33:42.663+0000] {dagbag.py:536} INFO - Filling up the DagBag from /opt/airflow/dags/financial_DWH.py
[2026-02-01T03:33:42.680+0000] {processor.py:839} INFO - DAG(s) dict_keys(['financial_full_pipeline']) retrieved from /opt/airflow/dags/financial_DWH.py
[2026-02-01T03:33:42.750+0000] {logging_mixin.py:151} INFO - [2026-02-01T03:33:42.749+0000] {dag.py:2941} INFO - Sync 1 DAGs
[2026-02-01T03:33:42.799+0000] {logging_mixin.py:151} INFO - [2026-02-01T03:33:42.798+0000] {dag.py:3722} INFO - Setting next_dagrun for financial_full_pipeline to 2026-02-01T00:00:00+00:00, run_after=2026-02-02T00:00:00+00:00
[2026-02-01T03:33:42.847+0000] {processor.py:179} INFO - Processing /opt/airflow/dags/financial_DWH.py took 0.198 seconds
[2026-02-01T03:34:13.043+0000] {processor.py:157} INFO - Started process (PID=1362) to work on /opt/airflow/dags/financial_DWH.py
[2026-02-01T03:34:13.045+0000] {processor.py:829} INFO - Processing file /opt/airflow/dags/financial_DWH.py for tasks to queue
[2026-02-01T03:34:13.046+0000] {logging_mixin.py:151} INFO - [2026-02-01T03:34:13.046+0000] {dagbag.py:536} INFO - Filling up the DagBag from /opt/airflow/dags/financial_DWH.py
[2026-02-01T03:34:13.061+0000] {processor.py:839} INFO - DAG(s) dict_keys(['financial_full_pipeline']) retrieved from /opt/airflow/dags/financial_DWH.py
[2026-02-01T03:34:13.111+0000] {logging_mixin.py:151} INFO - [2026-02-01T03:34:13.111+0000] {dag.py:2941} INFO - Sync 1 DAGs
[2026-02-01T03:34:13.158+0000] {logging_mixin.py:151} INFO - [2026-02-01T03:34:13.158+0000] {dag.py:3722} INFO - Setting next_dagrun for financial_full_pipeline to 2026-02-01T00:00:00+00:00, run_after=2026-02-02T00:00:00+00:00
[2026-02-01T03:34:13.203+0000] {processor.py:179} INFO - Processing /opt/airflow/dags/financial_DWH.py took 0.166 seconds
[2026-02-01T03:34:39.242+0000] {processor.py:157} INFO - Started process (PID=1367) to work on /opt/airflow/dags/financial_DWH.py
[2026-02-01T03:34:39.244+0000] {processor.py:829} INFO - Processing file /opt/airflow/dags/financial_DWH.py for tasks to queue
[2026-02-01T03:34:39.245+0000] {logging_mixin.py:151} INFO - [2026-02-01T03:34:39.245+0000] {dagbag.py:536} INFO - Filling up the DagBag from /opt/airflow/dags/financial_DWH.py
[2026-02-01T03:34:39.263+0000] {processor.py:839} INFO - DAG(s) dict_keys(['financial_full_pipeline']) retrieved from /opt/airflow/dags/financial_DWH.py
[2026-02-01T03:34:39.316+0000] {logging_mixin.py:151} INFO - [2026-02-01T03:34:39.316+0000] {dag.py:2941} INFO - Sync 1 DAGs
[2026-02-01T03:34:39.359+0000] {logging_mixin.py:151} INFO - [2026-02-01T03:34:39.359+0000] {dag.py:3722} INFO - Setting next_dagrun for financial_full_pipeline to 2026-02-01T00:00:00+00:00, run_after=2026-02-02T00:00:00+00:00
[2026-02-01T03:34:39.394+0000] {processor.py:179} INFO - Processing /opt/airflow/dags/financial_DWH.py took 0.159 seconds
[2026-02-01T03:34:44.445+0000] {processor.py:157} INFO - Started process (PID=1372) to work on /opt/airflow/dags/financial_DWH.py
[2026-02-01T03:34:44.448+0000] {processor.py:829} INFO - Processing file /opt/airflow/dags/financial_DWH.py for tasks to queue
[2026-02-01T03:34:44.449+0000] {logging_mixin.py:151} INFO - [2026-02-01T03:34:44.449+0000] {dagbag.py:536} INFO - Filling up the DagBag from /opt/airflow/dags/financial_DWH.py
[2026-02-01T03:34:44.464+0000] {processor.py:839} INFO - DAG(s) dict_keys(['financial_full_pipeline']) retrieved from /opt/airflow/dags/financial_DWH.py
[2026-02-01T03:34:44.509+0000] {logging_mixin.py:151} INFO - [2026-02-01T03:34:44.509+0000] {dag.py:2941} INFO - Sync 1 DAGs
[2026-02-01T03:34:44.544+0000] {logging_mixin.py:151} INFO - [2026-02-01T03:34:44.543+0000] {dag.py:3722} INFO - Setting next_dagrun for financial_full_pipeline to 2026-02-01T00:00:00+00:00, run_after=2026-02-02T00:00:00+00:00
[2026-02-01T03:34:44.578+0000] {processor.py:179} INFO - Processing /opt/airflow/dags/financial_DWH.py took 0.141 seconds
[2026-02-01T03:34:46.487+0000] {processor.py:157} INFO - Started process (PID=1377) to work on /opt/airflow/dags/financial_DWH.py
[2026-02-01T03:34:46.489+0000] {processor.py:829} INFO - Processing file /opt/airflow/dags/financial_DWH.py for tasks to queue
[2026-02-01T03:34:46.490+0000] {logging_mixin.py:151} INFO - [2026-02-01T03:34:46.490+0000] {dagbag.py:536} INFO - Filling up the DagBag from /opt/airflow/dags/financial_DWH.py
[2026-02-01T03:34:46.507+0000] {processor.py:839} INFO - DAG(s) dict_keys(['financial_full_pipeline']) retrieved from /opt/airflow/dags/financial_DWH.py
[2026-02-01T03:34:46.556+0000] {logging_mixin.py:151} INFO - [2026-02-01T03:34:46.556+0000] {dag.py:2941} INFO - Sync 1 DAGs
[2026-02-01T03:34:46.593+0000] {logging_mixin.py:151} INFO - [2026-02-01T03:34:46.592+0000] {dag.py:3722} INFO - Setting next_dagrun for financial_full_pipeline to 2026-02-01T00:00:00+00:00, run_after=2026-02-02T00:00:00+00:00
[2026-02-01T03:34:46.632+0000] {processor.py:179} INFO - Processing /opt/airflow/dags/financial_DWH.py took 0.151 seconds
[2026-02-01T03:35:08.779+0000] {processor.py:157} INFO - Started process (PID=1382) to work on /opt/airflow/dags/financial_DWH.py
[2026-02-01T03:35:08.781+0000] {processor.py:829} INFO - Processing file /opt/airflow/dags/financial_DWH.py for tasks to queue
[2026-02-01T03:35:08.783+0000] {logging_mixin.py:151} INFO - [2026-02-01T03:35:08.782+0000] {dagbag.py:536} INFO - Filling up the DagBag from /opt/airflow/dags/financial_DWH.py
[2026-02-01T03:35:08.801+0000] {processor.py:839} INFO - DAG(s) dict_keys(['financial_full_pipeline']) retrieved from /opt/airflow/dags/financial_DWH.py
[2026-02-01T03:35:08.850+0000] {logging_mixin.py:151} INFO - [2026-02-01T03:35:08.850+0000] {dag.py:2941} INFO - Sync 1 DAGs
[2026-02-01T03:35:08.887+0000] {logging_mixin.py:151} INFO - [2026-02-01T03:35:08.887+0000] {dag.py:3722} INFO - Setting next_dagrun for financial_full_pipeline to 2026-02-01T00:00:00+00:00, run_after=2026-02-02T00:00:00+00:00
[2026-02-01T03:35:08.935+0000] {processor.py:179} INFO - Processing /opt/airflow/dags/financial_DWH.py took 0.164 seconds
[2026-02-01T03:35:20.048+0000] {processor.py:157} INFO - Started process (PID=1387) to work on /opt/airflow/dags/financial_DWH.py
[2026-02-01T03:35:20.052+0000] {processor.py:829} INFO - Processing file /opt/airflow/dags/financial_DWH.py for tasks to queue
[2026-02-01T03:35:20.054+0000] {logging_mixin.py:151} INFO - [2026-02-01T03:35:20.053+0000] {dagbag.py:536} INFO - Filling up the DagBag from /opt/airflow/dags/financial_DWH.py
[2026-02-01T03:35:20.070+0000] {processor.py:839} INFO - DAG(s) dict_keys(['financial_full_pipeline']) retrieved from /opt/airflow/dags/financial_DWH.py
[2026-02-01T03:35:20.122+0000] {logging_mixin.py:151} INFO - [2026-02-01T03:35:20.121+0000] {dag.py:2941} INFO - Sync 1 DAGs
[2026-02-01T03:35:20.162+0000] {logging_mixin.py:151} INFO - [2026-02-01T03:35:20.162+0000] {dag.py:3722} INFO - Setting next_dagrun for financial_full_pipeline to 2026-02-01T00:00:00+00:00, run_after=2026-02-02T00:00:00+00:00
[2026-02-01T03:35:20.199+0000] {processor.py:179} INFO - Processing /opt/airflow/dags/financial_DWH.py took 0.157 seconds
[2026-02-01T03:35:50.283+0000] {processor.py:157} INFO - Started process (PID=1431) to work on /opt/airflow/dags/financial_DWH.py
[2026-02-01T03:35:50.286+0000] {processor.py:829} INFO - Processing file /opt/airflow/dags/financial_DWH.py for tasks to queue
[2026-02-01T03:35:50.287+0000] {logging_mixin.py:151} INFO - [2026-02-01T03:35:50.287+0000] {dagbag.py:536} INFO - Filling up the DagBag from /opt/airflow/dags/financial_DWH.py
[2026-02-01T03:35:50.300+0000] {processor.py:839} INFO - DAG(s) dict_keys(['financial_full_pipeline']) retrieved from /opt/airflow/dags/financial_DWH.py
[2026-02-01T03:35:50.350+0000] {logging_mixin.py:151} INFO - [2026-02-01T03:35:50.350+0000] {dag.py:2941} INFO - Sync 1 DAGs
[2026-02-01T03:35:50.429+0000] {logging_mixin.py:151} INFO - [2026-02-01T03:35:50.428+0000] {dag.py:3722} INFO - Setting next_dagrun for financial_full_pipeline to 2026-02-01T00:00:00+00:00, run_after=2026-02-02T00:00:00+00:00
[2026-02-01T03:35:50.481+0000] {processor.py:179} INFO - Processing /opt/airflow/dags/financial_DWH.py took 0.205 seconds
[2026-02-01T03:36:20.714+0000] {processor.py:157} INFO - Started process (PID=1475) to work on /opt/airflow/dags/financial_DWH.py
[2026-02-01T03:36:20.716+0000] {processor.py:829} INFO - Processing file /opt/airflow/dags/financial_DWH.py for tasks to queue
[2026-02-01T03:36:20.718+0000] {logging_mixin.py:151} INFO - [2026-02-01T03:36:20.717+0000] {dagbag.py:536} INFO - Filling up the DagBag from /opt/airflow/dags/financial_DWH.py
[2026-02-01T03:36:20.732+0000] {processor.py:839} INFO - DAG(s) dict_keys(['financial_full_pipeline']) retrieved from /opt/airflow/dags/financial_DWH.py
[2026-02-01T03:36:20.793+0000] {logging_mixin.py:151} INFO - [2026-02-01T03:36:20.791+0000] {dag.py:2941} INFO - Sync 1 DAGs
[2026-02-01T03:36:20.867+0000] {logging_mixin.py:151} INFO - [2026-02-01T03:36:20.866+0000] {dag.py:3722} INFO - Setting next_dagrun for financial_full_pipeline to 2026-02-01T00:00:00+00:00, run_after=2026-02-02T00:00:00+00:00
[2026-02-01T03:36:20.906+0000] {processor.py:179} INFO - Processing /opt/airflow/dags/financial_DWH.py took 0.198 seconds
[2026-02-01T03:36:51.166+0000] {processor.py:157} INFO - Started process (PID=1519) to work on /opt/airflow/dags/financial_DWH.py
[2026-02-01T03:36:51.172+0000] {processor.py:829} INFO - Processing file /opt/airflow/dags/financial_DWH.py for tasks to queue
[2026-02-01T03:36:51.177+0000] {logging_mixin.py:151} INFO - [2026-02-01T03:36:51.173+0000] {dagbag.py:536} INFO - Filling up the DagBag from /opt/airflow/dags/financial_DWH.py
[2026-02-01T03:36:51.220+0000] {processor.py:839} INFO - DAG(s) dict_keys(['financial_full_pipeline']) retrieved from /opt/airflow/dags/financial_DWH.py
[2026-02-01T03:36:51.362+0000] {logging_mixin.py:151} INFO - [2026-02-01T03:36:51.361+0000] {dag.py:2941} INFO - Sync 1 DAGs
[2026-02-01T03:36:51.516+0000] {logging_mixin.py:151} INFO - [2026-02-01T03:36:51.505+0000] {dag.py:3722} INFO - Setting next_dagrun for financial_full_pipeline to 2026-02-01T00:00:00+00:00, run_after=2026-02-02T00:00:00+00:00
[2026-02-01T03:36:51.593+0000] {processor.py:179} INFO - Processing /opt/airflow/dags/financial_DWH.py took 0.444 seconds
[2026-02-01T03:37:15.816+0000] {processor.py:157} INFO - Started process (PID=1524) to work on /opt/airflow/dags/financial_DWH.py
[2026-02-01T03:37:15.819+0000] {processor.py:829} INFO - Processing file /opt/airflow/dags/financial_DWH.py for tasks to queue
[2026-02-01T03:37:15.820+0000] {logging_mixin.py:151} INFO - [2026-02-01T03:37:15.820+0000] {dagbag.py:536} INFO - Filling up the DagBag from /opt/airflow/dags/financial_DWH.py
[2026-02-01T03:37:15.839+0000] {processor.py:839} INFO - DAG(s) dict_keys(['financial_full_pipeline']) retrieved from /opt/airflow/dags/financial_DWH.py
[2026-02-01T03:37:15.895+0000] {logging_mixin.py:151} INFO - [2026-02-01T03:37:15.895+0000] {dag.py:2941} INFO - Sync 1 DAGs
[2026-02-01T03:37:15.958+0000] {logging_mixin.py:151} INFO - [2026-02-01T03:37:15.957+0000] {dag.py:3722} INFO - Setting next_dagrun for financial_full_pipeline to 2026-02-01T00:00:00+00:00, run_after=2026-02-02T00:00:00+00:00
[2026-02-01T03:37:16.043+0000] {processor.py:179} INFO - Processing /opt/airflow/dags/financial_DWH.py took 0.234 seconds
[2026-02-01T03:37:17.862+0000] {processor.py:157} INFO - Started process (PID=1529) to work on /opt/airflow/dags/financial_DWH.py
[2026-02-01T03:37:17.864+0000] {processor.py:829} INFO - Processing file /opt/airflow/dags/financial_DWH.py for tasks to queue
[2026-02-01T03:37:17.865+0000] {logging_mixin.py:151} INFO - [2026-02-01T03:37:17.864+0000] {dagbag.py:536} INFO - Filling up the DagBag from /opt/airflow/dags/financial_DWH.py
[2026-02-01T03:37:17.882+0000] {processor.py:839} INFO - DAG(s) dict_keys(['financial_full_pipeline']) retrieved from /opt/airflow/dags/financial_DWH.py
[2026-02-01T03:37:17.932+0000] {logging_mixin.py:151} INFO - [2026-02-01T03:37:17.931+0000] {dag.py:2941} INFO - Sync 1 DAGs
[2026-02-01T03:37:17.966+0000] {logging_mixin.py:151} INFO - [2026-02-01T03:37:17.966+0000] {dag.py:3722} INFO - Setting next_dagrun for financial_full_pipeline to 2026-02-01T00:00:00+00:00, run_after=2026-02-02T00:00:00+00:00
[2026-02-01T03:37:18.003+0000] {processor.py:179} INFO - Processing /opt/airflow/dags/financial_DWH.py took 0.151 seconds
[2026-02-01T03:37:21.926+0000] {processor.py:157} INFO - Started process (PID=1534) to work on /opt/airflow/dags/financial_DWH.py
[2026-02-01T03:37:21.928+0000] {processor.py:829} INFO - Processing file /opt/airflow/dags/financial_DWH.py for tasks to queue
[2026-02-01T03:37:21.929+0000] {logging_mixin.py:151} INFO - [2026-02-01T03:37:21.929+0000] {dagbag.py:536} INFO - Filling up the DagBag from /opt/airflow/dags/financial_DWH.py
[2026-02-01T03:37:21.939+0000] {logging_mixin.py:151} INFO - [2026-02-01T03:37:21.937+0000] {dagbag.py:346} ERROR - Failed to import: /opt/airflow/dags/financial_DWH.py
Traceback (most recent call last):
  File "/home/airflow/.local/lib/python3.8/site-packages/airflow/models/dagbag.py", line 342, in parse
    loader.exec_module(new_module)
  File "<frozen importlib._bootstrap_external>", line 843, in exec_module
  File "<frozen importlib._bootstrap>", line 219, in _call_with_frames_removed
  File "/opt/airflow/dags/financial_DWH.py", line 10, in <module>
    base
NameError: name 'base' is not defined
[2026-02-01T03:37:21.939+0000] {processor.py:841} WARNING - No viable dags retrieved from /opt/airflow/dags/financial_DWH.py
[2026-02-01T03:37:21.977+0000] {processor.py:179} INFO - Processing /opt/airflow/dags/financial_DWH.py took 0.056 seconds
[2026-02-01T03:37:24.007+0000] {processor.py:157} INFO - Started process (PID=1539) to work on /opt/airflow/dags/financial_DWH.py
[2026-02-01T03:37:24.009+0000] {processor.py:829} INFO - Processing file /opt/airflow/dags/financial_DWH.py for tasks to queue
[2026-02-01T03:37:24.010+0000] {logging_mixin.py:151} INFO - [2026-02-01T03:37:24.009+0000] {dagbag.py:536} INFO - Filling up the DagBag from /opt/airflow/dags/financial_DWH.py
[2026-02-01T03:37:24.032+0000] {processor.py:839} INFO - DAG(s) dict_keys(['financial_full_pipeline']) retrieved from /opt/airflow/dags/financial_DWH.py
[2026-02-01T03:37:24.086+0000] {logging_mixin.py:151} INFO - [2026-02-01T03:37:24.086+0000] {dag.py:2941} INFO - Sync 1 DAGs
[2026-02-01T03:37:24.130+0000] {logging_mixin.py:151} INFO - [2026-02-01T03:37:24.130+0000] {dag.py:3722} INFO - Setting next_dagrun for financial_full_pipeline to 2026-02-01T00:00:00+00:00, run_after=2026-02-02T00:00:00+00:00
[2026-02-01T03:37:24.203+0000] {processor.py:179} INFO - Processing /opt/airflow/dags/financial_DWH.py took 0.206 seconds
[2026-02-01T03:37:27.116+0000] {processor.py:157} INFO - Started process (PID=1547) to work on /opt/airflow/dags/financial_DWH.py
[2026-02-01T03:37:27.118+0000] {processor.py:829} INFO - Processing file /opt/airflow/dags/financial_DWH.py for tasks to queue
[2026-02-01T03:37:27.120+0000] {logging_mixin.py:151} INFO - [2026-02-01T03:37:27.120+0000] {dagbag.py:536} INFO - Filling up the DagBag from /opt/airflow/dags/financial_DWH.py
[2026-02-01T03:37:27.140+0000] {processor.py:839} INFO - DAG(s) dict_keys(['financial_full_pipeline']) retrieved from /opt/airflow/dags/financial_DWH.py
[2026-02-01T03:37:27.212+0000] {logging_mixin.py:151} INFO - [2026-02-01T03:37:27.212+0000] {dag.py:2941} INFO - Sync 1 DAGs
[2026-02-01T03:37:27.292+0000] {logging_mixin.py:151} INFO - [2026-02-01T03:37:27.292+0000] {dag.py:3722} INFO - Setting next_dagrun for financial_full_pipeline to 2026-02-01T00:00:00+00:00, run_after=2026-02-02T00:00:00+00:00
[2026-02-01T03:37:27.340+0000] {processor.py:179} INFO - Processing /opt/airflow/dags/financial_DWH.py took 0.236 seconds
[2026-02-01T03:37:57.505+0000] {processor.py:157} INFO - Started process (PID=1552) to work on /opt/airflow/dags/financial_DWH.py
[2026-02-01T03:37:57.519+0000] {processor.py:829} INFO - Processing file /opt/airflow/dags/financial_DWH.py for tasks to queue
[2026-02-01T03:37:57.521+0000] {logging_mixin.py:151} INFO - [2026-02-01T03:37:57.520+0000] {dagbag.py:536} INFO - Filling up the DagBag from /opt/airflow/dags/financial_DWH.py
[2026-02-01T03:37:57.542+0000] {processor.py:839} INFO - DAG(s) dict_keys(['financial_full_pipeline']) retrieved from /opt/airflow/dags/financial_DWH.py
[2026-02-01T03:37:57.667+0000] {logging_mixin.py:151} INFO - [2026-02-01T03:37:57.666+0000] {dag.py:2941} INFO - Sync 1 DAGs
[2026-02-01T03:37:57.749+0000] {logging_mixin.py:151} INFO - [2026-02-01T03:37:57.748+0000] {dag.py:3722} INFO - Setting next_dagrun for financial_full_pipeline to 2026-02-01T00:00:00+00:00, run_after=2026-02-02T00:00:00+00:00
[2026-02-01T03:37:57.817+0000] {processor.py:179} INFO - Processing /opt/airflow/dags/financial_DWH.py took 0.320 seconds
[2026-02-01T03:38:28.035+0000] {processor.py:157} INFO - Started process (PID=1557) to work on /opt/airflow/dags/financial_DWH.py
[2026-02-01T03:38:28.037+0000] {processor.py:829} INFO - Processing file /opt/airflow/dags/financial_DWH.py for tasks to queue
[2026-02-01T03:38:28.038+0000] {logging_mixin.py:151} INFO - [2026-02-01T03:38:28.038+0000] {dagbag.py:536} INFO - Filling up the DagBag from /opt/airflow/dags/financial_DWH.py
[2026-02-01T03:38:28.050+0000] {processor.py:839} INFO - DAG(s) dict_keys(['financial_full_pipeline']) retrieved from /opt/airflow/dags/financial_DWH.py
[2026-02-01T03:38:28.094+0000] {logging_mixin.py:151} INFO - [2026-02-01T03:38:28.094+0000] {dag.py:2941} INFO - Sync 1 DAGs
[2026-02-01T03:38:28.130+0000] {logging_mixin.py:151} INFO - [2026-02-01T03:38:28.130+0000] {dag.py:3722} INFO - Setting next_dagrun for financial_full_pipeline to 2026-02-01T00:00:00+00:00, run_after=2026-02-02T00:00:00+00:00
[2026-02-01T03:38:28.159+0000] {processor.py:179} INFO - Processing /opt/airflow/dags/financial_DWH.py took 0.131 seconds
[2026-02-01T03:38:58.213+0000] {processor.py:157} INFO - Started process (PID=1562) to work on /opt/airflow/dags/financial_DWH.py
[2026-02-01T03:38:58.216+0000] {processor.py:829} INFO - Processing file /opt/airflow/dags/financial_DWH.py for tasks to queue
[2026-02-01T03:38:58.217+0000] {logging_mixin.py:151} INFO - [2026-02-01T03:38:58.217+0000] {dagbag.py:536} INFO - Filling up the DagBag from /opt/airflow/dags/financial_DWH.py
[2026-02-01T03:38:58.229+0000] {processor.py:839} INFO - DAG(s) dict_keys(['financial_full_pipeline']) retrieved from /opt/airflow/dags/financial_DWH.py
[2026-02-01T03:38:58.273+0000] {logging_mixin.py:151} INFO - [2026-02-01T03:38:58.273+0000] {dag.py:2941} INFO - Sync 1 DAGs
[2026-02-01T03:38:58.309+0000] {logging_mixin.py:151} INFO - [2026-02-01T03:38:58.309+0000] {dag.py:3722} INFO - Setting next_dagrun for financial_full_pipeline to 2026-02-01T00:00:00+00:00, run_after=2026-02-02T00:00:00+00:00
[2026-02-01T03:38:58.338+0000] {processor.py:179} INFO - Processing /opt/airflow/dags/financial_DWH.py took 0.130 seconds
[2026-02-01T03:39:15.465+0000] {processor.py:157} INFO - Started process (PID=1567) to work on /opt/airflow/dags/financial_DWH.py
[2026-02-01T03:39:15.467+0000] {processor.py:829} INFO - Processing file /opt/airflow/dags/financial_DWH.py for tasks to queue
[2026-02-01T03:39:15.469+0000] {logging_mixin.py:151} INFO - [2026-02-01T03:39:15.469+0000] {dagbag.py:536} INFO - Filling up the DagBag from /opt/airflow/dags/financial_DWH.py
[2026-02-01T03:39:15.487+0000] {processor.py:839} INFO - DAG(s) dict_keys(['financial_full_pipeline']) retrieved from /opt/airflow/dags/financial_DWH.py
[2026-02-01T03:39:15.537+0000] {logging_mixin.py:151} INFO - [2026-02-01T03:39:15.537+0000] {dag.py:2941} INFO - Sync 1 DAGs
[2026-02-01T03:39:15.600+0000] {logging_mixin.py:151} INFO - [2026-02-01T03:39:15.599+0000] {dag.py:3722} INFO - Setting next_dagrun for financial_full_pipeline to 2026-02-01T00:00:00+00:00, run_after=2026-02-02T00:00:00+00:00
[2026-02-01T03:39:15.655+0000] {processor.py:179} INFO - Processing /opt/airflow/dags/financial_DWH.py took 0.200 seconds
[2026-02-01T03:39:16.494+0000] {processor.py:157} INFO - Started process (PID=1572) to work on /opt/airflow/dags/financial_DWH.py
[2026-02-01T03:39:16.496+0000] {processor.py:829} INFO - Processing file /opt/airflow/dags/financial_DWH.py for tasks to queue
[2026-02-01T03:39:16.497+0000] {logging_mixin.py:151} INFO - [2026-02-01T03:39:16.497+0000] {dagbag.py:536} INFO - Filling up the DagBag from /opt/airflow/dags/financial_DWH.py
[2026-02-01T03:39:16.513+0000] {processor.py:839} INFO - DAG(s) dict_keys(['financial_full_pipeline']) retrieved from /opt/airflow/dags/financial_DWH.py
[2026-02-01T03:39:16.565+0000] {logging_mixin.py:151} INFO - [2026-02-01T03:39:16.565+0000] {dag.py:2941} INFO - Sync 1 DAGs
[2026-02-01T03:39:16.628+0000] {logging_mixin.py:151} INFO - [2026-02-01T03:39:16.628+0000] {dag.py:3722} INFO - Setting next_dagrun for financial_full_pipeline to 2026-02-01T00:00:00+00:00, run_after=2026-02-02T00:00:00+00:00
[2026-02-01T03:39:16.713+0000] {processor.py:179} INFO - Processing /opt/airflow/dags/financial_DWH.py took 0.226 seconds
[2026-02-01T03:39:21.787+0000] {processor.py:157} INFO - Started process (PID=1577) to work on /opt/airflow/dags/financial_DWH.py
[2026-02-01T03:39:21.794+0000] {processor.py:829} INFO - Processing file /opt/airflow/dags/financial_DWH.py for tasks to queue
[2026-02-01T03:39:21.799+0000] {logging_mixin.py:151} INFO - [2026-02-01T03:39:21.799+0000] {dagbag.py:536} INFO - Filling up the DagBag from /opt/airflow/dags/financial_DWH.py
[2026-02-01T03:39:21.833+0000] {processor.py:839} INFO - DAG(s) dict_keys(['financial_full_pipeline']) retrieved from /opt/airflow/dags/financial_DWH.py
[2026-02-01T03:39:21.925+0000] {logging_mixin.py:151} INFO - [2026-02-01T03:39:21.925+0000] {dag.py:2941} INFO - Sync 1 DAGs
[2026-02-01T03:39:21.972+0000] {logging_mixin.py:151} INFO - [2026-02-01T03:39:21.972+0000] {dag.py:3722} INFO - Setting next_dagrun for financial_full_pipeline to 2026-02-01T00:00:00+00:00, run_after=2026-02-02T00:00:00+00:00
[2026-02-01T03:39:22.006+0000] {processor.py:179} INFO - Processing /opt/airflow/dags/financial_DWH.py took 0.237 seconds
[2026-02-01T03:39:52.237+0000] {processor.py:157} INFO - Started process (PID=1582) to work on /opt/airflow/dags/financial_DWH.py
[2026-02-01T03:39:52.240+0000] {processor.py:829} INFO - Processing file /opt/airflow/dags/financial_DWH.py for tasks to queue
[2026-02-01T03:39:52.242+0000] {logging_mixin.py:151} INFO - [2026-02-01T03:39:52.242+0000] {dagbag.py:536} INFO - Filling up the DagBag from /opt/airflow/dags/financial_DWH.py
[2026-02-01T03:39:52.269+0000] {processor.py:839} INFO - DAG(s) dict_keys(['financial_full_pipeline']) retrieved from /opt/airflow/dags/financial_DWH.py
[2026-02-01T03:39:52.339+0000] {logging_mixin.py:151} INFO - [2026-02-01T03:39:52.338+0000] {dag.py:2941} INFO - Sync 1 DAGs
[2026-02-01T03:39:52.384+0000] {logging_mixin.py:151} INFO - [2026-02-01T03:39:52.383+0000] {dag.py:3722} INFO - Setting next_dagrun for financial_full_pipeline to 2026-02-01T00:00:00+00:00, run_after=2026-02-02T00:00:00+00:00
[2026-02-01T03:39:52.427+0000] {processor.py:179} INFO - Processing /opt/airflow/dags/financial_DWH.py took 0.199 seconds
[2026-02-01T03:40:22.655+0000] {processor.py:157} INFO - Started process (PID=1704) to work on /opt/airflow/dags/financial_DWH.py
[2026-02-01T03:40:22.657+0000] {processor.py:829} INFO - Processing file /opt/airflow/dags/financial_DWH.py for tasks to queue
[2026-02-01T03:40:22.660+0000] {logging_mixin.py:151} INFO - [2026-02-01T03:40:22.659+0000] {dagbag.py:536} INFO - Filling up the DagBag from /opt/airflow/dags/financial_DWH.py
[2026-02-01T03:40:22.686+0000] {processor.py:839} INFO - DAG(s) dict_keys(['financial_full_pipeline']) retrieved from /opt/airflow/dags/financial_DWH.py
[2026-02-01T03:40:22.747+0000] {logging_mixin.py:151} INFO - [2026-02-01T03:40:22.746+0000] {dag.py:2941} INFO - Sync 1 DAGs
[2026-02-01T03:40:22.782+0000] {logging_mixin.py:151} INFO - [2026-02-01T03:40:22.782+0000] {dag.py:3722} INFO - Setting next_dagrun for financial_full_pipeline to 2026-02-01T00:00:00+00:00, run_after=2026-02-02T00:00:00+00:00
[2026-02-01T03:40:22.811+0000] {processor.py:179} INFO - Processing /opt/airflow/dags/financial_DWH.py took 0.167 seconds
[2026-02-01T03:40:53.002+0000] {processor.py:157} INFO - Started process (PID=1709) to work on /opt/airflow/dags/financial_DWH.py
[2026-02-01T03:40:53.005+0000] {processor.py:829} INFO - Processing file /opt/airflow/dags/financial_DWH.py for tasks to queue
[2026-02-01T03:40:53.006+0000] {logging_mixin.py:151} INFO - [2026-02-01T03:40:53.006+0000] {dagbag.py:536} INFO - Filling up the DagBag from /opt/airflow/dags/financial_DWH.py
[2026-02-01T03:40:53.019+0000] {processor.py:839} INFO - DAG(s) dict_keys(['financial_full_pipeline']) retrieved from /opt/airflow/dags/financial_DWH.py
[2026-02-01T03:40:53.067+0000] {logging_mixin.py:151} INFO - [2026-02-01T03:40:53.067+0000] {dag.py:2941} INFO - Sync 1 DAGs
[2026-02-01T03:40:53.102+0000] {logging_mixin.py:151} INFO - [2026-02-01T03:40:53.102+0000] {dag.py:3722} INFO - Setting next_dagrun for financial_full_pipeline to 2026-02-01T00:00:00+00:00, run_after=2026-02-02T00:00:00+00:00
[2026-02-01T03:40:53.134+0000] {processor.py:179} INFO - Processing /opt/airflow/dags/financial_DWH.py took 0.137 seconds
[2026-02-01T03:41:23.206+0000] {processor.py:157} INFO - Started process (PID=1753) to work on /opt/airflow/dags/financial_DWH.py
[2026-02-01T03:41:23.208+0000] {processor.py:829} INFO - Processing file /opt/airflow/dags/financial_DWH.py for tasks to queue
[2026-02-01T03:41:23.209+0000] {logging_mixin.py:151} INFO - [2026-02-01T03:41:23.209+0000] {dagbag.py:536} INFO - Filling up the DagBag from /opt/airflow/dags/financial_DWH.py
[2026-02-01T03:41:23.226+0000] {processor.py:839} INFO - DAG(s) dict_keys(['financial_full_pipeline']) retrieved from /opt/airflow/dags/financial_DWH.py
[2026-02-01T03:41:23.319+0000] {logging_mixin.py:151} INFO - [2026-02-01T03:41:23.319+0000] {dag.py:2941} INFO - Sync 1 DAGs
[2026-02-01T03:41:23.374+0000] {logging_mixin.py:151} INFO - [2026-02-01T03:41:23.374+0000] {dag.py:3722} INFO - Setting next_dagrun for financial_full_pipeline to 2026-02-01T00:00:00+00:00, run_after=2026-02-02T00:00:00+00:00
[2026-02-01T03:41:23.440+0000] {processor.py:179} INFO - Processing /opt/airflow/dags/financial_DWH.py took 0.243 seconds
[2026-02-01T03:41:53.585+0000] {processor.py:157} INFO - Started process (PID=1797) to work on /opt/airflow/dags/financial_DWH.py
[2026-02-01T03:41:53.587+0000] {processor.py:829} INFO - Processing file /opt/airflow/dags/financial_DWH.py for tasks to queue
[2026-02-01T03:41:53.589+0000] {logging_mixin.py:151} INFO - [2026-02-01T03:41:53.588+0000] {dagbag.py:536} INFO - Filling up the DagBag from /opt/airflow/dags/financial_DWH.py
[2026-02-01T03:41:53.608+0000] {processor.py:839} INFO - DAG(s) dict_keys(['financial_full_pipeline']) retrieved from /opt/airflow/dags/financial_DWH.py
[2026-02-01T03:41:53.659+0000] {logging_mixin.py:151} INFO - [2026-02-01T03:41:53.658+0000] {dag.py:2941} INFO - Sync 1 DAGs
[2026-02-01T03:41:53.699+0000] {logging_mixin.py:151} INFO - [2026-02-01T03:41:53.699+0000] {dag.py:3722} INFO - Setting next_dagrun for financial_full_pipeline to 2026-02-01T00:00:00+00:00, run_after=2026-02-02T00:00:00+00:00
[2026-02-01T03:41:53.739+0000] {processor.py:179} INFO - Processing /opt/airflow/dags/financial_DWH.py took 0.161 seconds
[2026-02-01T03:42:23.830+0000] {processor.py:157} INFO - Started process (PID=1802) to work on /opt/airflow/dags/financial_DWH.py
[2026-02-01T03:42:23.833+0000] {processor.py:829} INFO - Processing file /opt/airflow/dags/financial_DWH.py for tasks to queue
[2026-02-01T03:42:23.835+0000] {logging_mixin.py:151} INFO - [2026-02-01T03:42:23.834+0000] {dagbag.py:536} INFO - Filling up the DagBag from /opt/airflow/dags/financial_DWH.py
[2026-02-01T03:42:23.852+0000] {processor.py:839} INFO - DAG(s) dict_keys(['financial_full_pipeline']) retrieved from /opt/airflow/dags/financial_DWH.py
[2026-02-01T03:42:23.901+0000] {logging_mixin.py:151} INFO - [2026-02-01T03:42:23.900+0000] {dag.py:2941} INFO - Sync 1 DAGs
[2026-02-01T03:42:23.936+0000] {logging_mixin.py:151} INFO - [2026-02-01T03:42:23.936+0000] {dag.py:3722} INFO - Setting next_dagrun for financial_full_pipeline to 2026-02-01T00:00:00+00:00, run_after=2026-02-02T00:00:00+00:00
[2026-02-01T03:42:23.974+0000] {processor.py:179} INFO - Processing /opt/airflow/dags/financial_DWH.py took 0.150 seconds
[2026-02-01T03:42:54.154+0000] {processor.py:157} INFO - Started process (PID=1807) to work on /opt/airflow/dags/financial_DWH.py
[2026-02-01T03:42:54.157+0000] {processor.py:829} INFO - Processing file /opt/airflow/dags/financial_DWH.py for tasks to queue
[2026-02-01T03:42:54.159+0000] {logging_mixin.py:151} INFO - [2026-02-01T03:42:54.159+0000] {dagbag.py:536} INFO - Filling up the DagBag from /opt/airflow/dags/financial_DWH.py
[2026-02-01T03:42:54.172+0000] {processor.py:839} INFO - DAG(s) dict_keys(['financial_full_pipeline']) retrieved from /opt/airflow/dags/financial_DWH.py
[2026-02-01T03:42:54.235+0000] {logging_mixin.py:151} INFO - [2026-02-01T03:42:54.235+0000] {dag.py:2941} INFO - Sync 1 DAGs
[2026-02-01T03:42:54.295+0000] {logging_mixin.py:151} INFO - [2026-02-01T03:42:54.295+0000] {dag.py:3722} INFO - Setting next_dagrun for financial_full_pipeline to 2026-02-01T00:00:00+00:00, run_after=2026-02-02T00:00:00+00:00
[2026-02-01T03:42:54.332+0000] {processor.py:179} INFO - Processing /opt/airflow/dags/financial_DWH.py took 0.184 seconds
[2026-02-01T03:43:21.381+0000] {processor.py:157} INFO - Started process (PID=1812) to work on /opt/airflow/dags/financial_DWH.py
[2026-02-01T03:43:21.384+0000] {processor.py:829} INFO - Processing file /opt/airflow/dags/financial_DWH.py for tasks to queue
[2026-02-01T03:43:21.387+0000] {logging_mixin.py:151} INFO - [2026-02-01T03:43:21.385+0000] {dagbag.py:536} INFO - Filling up the DagBag from /opt/airflow/dags/financial_DWH.py
[2026-02-01T03:43:21.408+0000] {processor.py:839} INFO - DAG(s) dict_keys(['financial_full_pipeline']) retrieved from /opt/airflow/dags/financial_DWH.py
[2026-02-01T03:43:21.533+0000] {logging_mixin.py:151} INFO - [2026-02-01T03:43:21.523+0000] {dag.py:2941} INFO - Sync 1 DAGs
[2026-02-01T03:43:21.589+0000] {logging_mixin.py:151} INFO - [2026-02-01T03:43:21.589+0000] {dag.py:3722} INFO - Setting next_dagrun for financial_full_pipeline to 2026-02-01T00:00:00+00:00, run_after=2026-02-02T00:00:00+00:00
[2026-02-01T03:43:21.622+0000] {processor.py:179} INFO - Processing /opt/airflow/dags/financial_DWH.py took 0.249 seconds
[2026-02-01T03:43:51.895+0000] {processor.py:157} INFO - Started process (PID=1895) to work on /opt/airflow/dags/financial_DWH.py
[2026-02-01T03:43:51.896+0000] {processor.py:829} INFO - Processing file /opt/airflow/dags/financial_DWH.py for tasks to queue
[2026-02-01T03:43:51.910+0000] {logging_mixin.py:151} INFO - [2026-02-01T03:43:51.909+0000] {dagbag.py:536} INFO - Filling up the DagBag from /opt/airflow/dags/financial_DWH.py
[2026-02-01T03:43:51.944+0000] {processor.py:839} INFO - DAG(s) dict_keys(['financial_full_pipeline']) retrieved from /opt/airflow/dags/financial_DWH.py
[2026-02-01T03:43:52.064+0000] {logging_mixin.py:151} INFO - [2026-02-01T03:43:52.063+0000] {dag.py:2941} INFO - Sync 1 DAGs
[2026-02-01T03:43:52.145+0000] {logging_mixin.py:151} INFO - [2026-02-01T03:43:52.144+0000] {dag.py:3722} INFO - Setting next_dagrun for financial_full_pipeline to 2026-02-01T00:00:00+00:00, run_after=2026-02-02T00:00:00+00:00
[2026-02-01T03:43:52.242+0000] {processor.py:179} INFO - Processing /opt/airflow/dags/financial_DWH.py took 0.362 seconds
[2026-02-01T03:44:22.474+0000] {processor.py:157} INFO - Started process (PID=1900) to work on /opt/airflow/dags/financial_DWH.py
[2026-02-01T03:44:22.475+0000] {processor.py:829} INFO - Processing file /opt/airflow/dags/financial_DWH.py for tasks to queue
[2026-02-01T03:44:22.477+0000] {logging_mixin.py:151} INFO - [2026-02-01T03:44:22.476+0000] {dagbag.py:536} INFO - Filling up the DagBag from /opt/airflow/dags/financial_DWH.py
[2026-02-01T03:44:22.490+0000] {processor.py:839} INFO - DAG(s) dict_keys(['financial_full_pipeline']) retrieved from /opt/airflow/dags/financial_DWH.py
[2026-02-01T03:44:22.548+0000] {logging_mixin.py:151} INFO - [2026-02-01T03:44:22.548+0000] {dag.py:2941} INFO - Sync 1 DAGs
[2026-02-01T03:44:24.489+0000] {logging_mixin.py:151} INFO - [2026-02-01T03:44:24.488+0000] {dag.py:3722} INFO - Setting next_dagrun for financial_full_pipeline to 2026-02-01T00:00:00+00:00, run_after=2026-02-02T00:00:00+00:00
[2026-02-01T03:44:31.825+0000] {processor.py:179} INFO - Processing /opt/airflow/dags/financial_DWH.py took 9.357 seconds
[2026-02-01T03:45:02.494+0000] {processor.py:157} INFO - Started process (PID=1905) to work on /opt/airflow/dags/financial_DWH.py
[2026-02-01T03:45:02.501+0000] {processor.py:829} INFO - Processing file /opt/airflow/dags/financial_DWH.py for tasks to queue
[2026-02-01T03:45:02.509+0000] {logging_mixin.py:151} INFO - [2026-02-01T03:45:02.508+0000] {dagbag.py:536} INFO - Filling up the DagBag from /opt/airflow/dags/financial_DWH.py
[2026-02-01T03:45:02.572+0000] {processor.py:839} INFO - DAG(s) dict_keys(['financial_full_pipeline']) retrieved from /opt/airflow/dags/financial_DWH.py
[2026-02-01T03:45:02.744+0000] {logging_mixin.py:151} INFO - [2026-02-01T03:45:02.743+0000] {dag.py:2941} INFO - Sync 1 DAGs
[2026-02-01T03:45:02.867+0000] {logging_mixin.py:151} INFO - [2026-02-01T03:45:02.866+0000] {dag.py:3722} INFO - Setting next_dagrun for financial_full_pipeline to 2026-02-01T00:00:00+00:00, run_after=2026-02-02T00:00:00+00:00
[2026-02-01T03:45:02.938+0000] {processor.py:179} INFO - Processing /opt/airflow/dags/financial_DWH.py took 0.475 seconds
[2026-02-01T03:45:33.197+0000] {processor.py:157} INFO - Started process (PID=1949) to work on /opt/airflow/dags/financial_DWH.py
[2026-02-01T03:45:33.199+0000] {processor.py:829} INFO - Processing file /opt/airflow/dags/financial_DWH.py for tasks to queue
[2026-02-01T03:45:33.200+0000] {logging_mixin.py:151} INFO - [2026-02-01T03:45:33.200+0000] {dagbag.py:536} INFO - Filling up the DagBag from /opt/airflow/dags/financial_DWH.py
[2026-02-01T03:45:33.215+0000] {processor.py:839} INFO - DAG(s) dict_keys(['financial_full_pipeline']) retrieved from /opt/airflow/dags/financial_DWH.py
[2026-02-01T03:45:33.269+0000] {logging_mixin.py:151} INFO - [2026-02-01T03:45:33.269+0000] {dag.py:2941} INFO - Sync 1 DAGs
[2026-02-01T03:45:40.149+0000] {logging_mixin.py:151} INFO - [2026-02-01T03:45:40.148+0000] {dag.py:3722} INFO - Setting next_dagrun for financial_full_pipeline to 2026-02-01T00:00:00+00:00, run_after=2026-02-02T00:00:00+00:00
[2026-02-01T03:45:41.455+0000] {processor.py:179} INFO - Processing /opt/airflow/dags/financial_DWH.py took 8.266 seconds
[2026-02-01T03:46:12.337+0000] {processor.py:157} INFO - Started process (PID=1954) to work on /opt/airflow/dags/financial_DWH.py
[2026-02-01T03:46:12.375+0000] {processor.py:829} INFO - Processing file /opt/airflow/dags/financial_DWH.py for tasks to queue
[2026-02-01T03:46:12.378+0000] {logging_mixin.py:151} INFO - [2026-02-01T03:46:12.377+0000] {dagbag.py:536} INFO - Filling up the DagBag from /opt/airflow/dags/financial_DWH.py
[2026-02-01T03:46:12.456+0000] {processor.py:839} INFO - DAG(s) dict_keys(['financial_full_pipeline']) retrieved from /opt/airflow/dags/financial_DWH.py
[2026-02-01T03:46:12.677+0000] {logging_mixin.py:151} INFO - [2026-02-01T03:46:12.677+0000] {dag.py:2941} INFO - Sync 1 DAGs
[2026-02-01T03:46:12.739+0000] {logging_mixin.py:151} INFO - [2026-02-01T03:46:12.739+0000] {dag.py:3722} INFO - Setting next_dagrun for financial_full_pipeline to 2026-02-01T00:00:00+00:00, run_after=2026-02-02T00:00:00+00:00
[2026-02-01T03:46:12.828+0000] {processor.py:179} INFO - Processing /opt/airflow/dags/financial_DWH.py took 0.537 seconds
[2026-02-01T03:46:43.081+0000] {processor.py:157} INFO - Started process (PID=1959) to work on /opt/airflow/dags/financial_DWH.py
[2026-02-01T03:46:43.083+0000] {processor.py:829} INFO - Processing file /opt/airflow/dags/financial_DWH.py for tasks to queue
[2026-02-01T03:46:43.084+0000] {logging_mixin.py:151} INFO - [2026-02-01T03:46:43.083+0000] {dagbag.py:536} INFO - Filling up the DagBag from /opt/airflow/dags/financial_DWH.py
[2026-02-01T03:46:43.097+0000] {processor.py:839} INFO - DAG(s) dict_keys(['financial_full_pipeline']) retrieved from /opt/airflow/dags/financial_DWH.py
[2026-02-01T03:46:43.152+0000] {logging_mixin.py:151} INFO - [2026-02-01T03:46:43.151+0000] {dag.py:2941} INFO - Sync 1 DAGs
[2026-02-01T03:46:43.210+0000] {logging_mixin.py:151} INFO - [2026-02-01T03:46:43.210+0000] {dag.py:3722} INFO - Setting next_dagrun for financial_full_pipeline to 2026-02-01T00:00:00+00:00, run_after=2026-02-02T00:00:00+00:00
[2026-02-01T03:46:44.691+0000] {processor.py:179} INFO - Processing /opt/airflow/dags/financial_DWH.py took 1.616 seconds
[2026-02-01T03:47:15.506+0000] {processor.py:157} INFO - Started process (PID=1964) to work on /opt/airflow/dags/financial_DWH.py
[2026-02-01T03:47:16.410+0000] {processor.py:829} INFO - Processing file /opt/airflow/dags/financial_DWH.py for tasks to queue
[2026-02-01T03:47:16.422+0000] {logging_mixin.py:151} INFO - [2026-02-01T03:47:16.412+0000] {dagbag.py:536} INFO - Filling up the DagBag from /opt/airflow/dags/financial_DWH.py
[2026-02-01T03:47:16.513+0000] {processor.py:839} INFO - DAG(s) dict_keys(['financial_full_pipeline']) retrieved from /opt/airflow/dags/financial_DWH.py
[2026-02-01T03:47:16.654+0000] {logging_mixin.py:151} INFO - [2026-02-01T03:47:16.643+0000] {dag.py:2941} INFO - Sync 1 DAGs
[2026-02-01T03:47:16.775+0000] {logging_mixin.py:151} INFO - [2026-02-01T03:47:16.774+0000] {dag.py:3722} INFO - Setting next_dagrun for financial_full_pipeline to 2026-02-01T00:00:00+00:00, run_after=2026-02-02T00:00:00+00:00
[2026-02-01T03:47:16.896+0000] {processor.py:179} INFO - Processing /opt/airflow/dags/financial_DWH.py took 1.399 seconds
[2026-02-01T03:47:47.853+0000] {processor.py:157} INFO - Started process (PID=1969) to work on /opt/airflow/dags/financial_DWH.py
[2026-02-01T03:47:47.856+0000] {processor.py:829} INFO - Processing file /opt/airflow/dags/financial_DWH.py for tasks to queue
[2026-02-01T03:47:47.859+0000] {logging_mixin.py:151} INFO - [2026-02-01T03:47:47.858+0000] {dagbag.py:536} INFO - Filling up the DagBag from /opt/airflow/dags/financial_DWH.py
[2026-02-01T03:47:47.993+0000] {processor.py:839} INFO - DAG(s) dict_keys(['financial_full_pipeline']) retrieved from /opt/airflow/dags/financial_DWH.py
[2026-02-01T03:47:48.320+0000] {logging_mixin.py:151} INFO - [2026-02-01T03:47:48.319+0000] {dag.py:2941} INFO - Sync 1 DAGs
[2026-02-01T03:47:48.425+0000] {logging_mixin.py:151} INFO - [2026-02-01T03:47:48.424+0000] {dag.py:3722} INFO - Setting next_dagrun for financial_full_pipeline to 2026-02-01T00:00:00+00:00, run_after=2026-02-02T00:00:00+00:00
[2026-02-01T03:47:48.525+0000] {processor.py:179} INFO - Processing /opt/airflow/dags/financial_DWH.py took 0.737 seconds
[2026-02-01T03:48:19.958+0000] {processor.py:157} INFO - Started process (PID=1974) to work on /opt/airflow/dags/financial_DWH.py
[2026-02-01T03:48:30.687+0000] {processor.py:829} INFO - Processing file /opt/airflow/dags/financial_DWH.py for tasks to queue
[2026-02-01T03:48:30.693+0000] {logging_mixin.py:151} INFO - [2026-02-01T03:48:30.692+0000] {dagbag.py:536} INFO - Filling up the DagBag from /opt/airflow/dags/financial_DWH.py
[2026-02-01T03:48:30.759+0000] {processor.py:839} INFO - DAG(s) dict_keys(['financial_full_pipeline']) retrieved from /opt/airflow/dags/financial_DWH.py
[2026-02-01T03:48:31.059+0000] {logging_mixin.py:151} INFO - [2026-02-01T03:48:31.059+0000] {dag.py:2941} INFO - Sync 1 DAGs
[2026-02-01T03:48:31.093+0000] {logging_mixin.py:151} INFO - [2026-02-01T03:48:31.093+0000] {dag.py:3722} INFO - Setting next_dagrun for financial_full_pipeline to 2026-02-01T00:00:00+00:00, run_after=2026-02-02T00:00:00+00:00
[2026-02-01T03:48:31.693+0000] {processor.py:179} INFO - Processing /opt/airflow/dags/financial_DWH.py took 11.744 seconds
[2026-02-01T03:49:01.943+0000] {processor.py:157} INFO - Started process (PID=1979) to work on /opt/airflow/dags/financial_DWH.py
[2026-02-01T03:49:02.237+0000] {processor.py:829} INFO - Processing file /opt/airflow/dags/financial_DWH.py for tasks to queue
[2026-02-01T03:49:02.239+0000] {logging_mixin.py:151} INFO - [2026-02-01T03:49:02.238+0000] {dagbag.py:536} INFO - Filling up the DagBag from /opt/airflow/dags/financial_DWH.py
[2026-02-01T03:49:02.291+0000] {processor.py:839} INFO - DAG(s) dict_keys(['financial_full_pipeline']) retrieved from /opt/airflow/dags/financial_DWH.py
[2026-02-01T03:49:02.397+0000] {logging_mixin.py:151} INFO - [2026-02-01T03:49:02.397+0000] {dag.py:2941} INFO - Sync 1 DAGs
[2026-02-01T03:49:02.463+0000] {logging_mixin.py:151} INFO - [2026-02-01T03:49:02.463+0000] {dag.py:3722} INFO - Setting next_dagrun for financial_full_pipeline to 2026-02-01T00:00:00+00:00, run_after=2026-02-02T00:00:00+00:00
[2026-02-01T03:49:02.591+0000] {processor.py:179} INFO - Processing /opt/airflow/dags/financial_DWH.py took 0.654 seconds
[2026-02-01T03:49:35.563+0000] {processor.py:157} INFO - Started process (PID=2023) to work on /opt/airflow/dags/financial_DWH.py
[2026-02-01T03:49:35.578+0000] {processor.py:829} INFO - Processing file /opt/airflow/dags/financial_DWH.py for tasks to queue
[2026-02-01T03:49:35.588+0000] {logging_mixin.py:151} INFO - [2026-02-01T03:49:35.584+0000] {dagbag.py:536} INFO - Filling up the DagBag from /opt/airflow/dags/financial_DWH.py
[2026-02-01T03:49:35.640+0000] {processor.py:839} INFO - DAG(s) dict_keys(['financial_full_pipeline']) retrieved from /opt/airflow/dags/financial_DWH.py
[2026-02-01T03:49:35.780+0000] {logging_mixin.py:151} INFO - [2026-02-01T03:49:35.779+0000] {dag.py:2941} INFO - Sync 1 DAGs
[2026-02-01T03:49:35.898+0000] {logging_mixin.py:151} INFO - [2026-02-01T03:49:35.897+0000] {dag.py:3722} INFO - Setting next_dagrun for financial_full_pipeline to 2026-02-01T00:00:00+00:00, run_after=2026-02-02T00:00:00+00:00
[2026-02-01T03:49:35.961+0000] {processor.py:179} INFO - Processing /opt/airflow/dags/financial_DWH.py took 0.471 seconds
[2026-02-01T03:50:06.898+0000] {processor.py:157} INFO - Started process (PID=2028) to work on /opt/airflow/dags/financial_DWH.py
[2026-02-01T03:50:06.900+0000] {processor.py:829} INFO - Processing file /opt/airflow/dags/financial_DWH.py for tasks to queue
[2026-02-01T03:50:06.902+0000] {logging_mixin.py:151} INFO - [2026-02-01T03:50:06.901+0000] {dagbag.py:536} INFO - Filling up the DagBag from /opt/airflow/dags/financial_DWH.py
[2026-02-01T03:50:06.922+0000] {processor.py:839} INFO - DAG(s) dict_keys(['financial_full_pipeline']) retrieved from /opt/airflow/dags/financial_DWH.py
[2026-02-01T03:50:06.997+0000] {logging_mixin.py:151} INFO - [2026-02-01T03:50:06.996+0000] {dag.py:2941} INFO - Sync 1 DAGs
[2026-02-01T03:50:07.062+0000] {logging_mixin.py:151} INFO - [2026-02-01T03:50:07.061+0000] {dag.py:3722} INFO - Setting next_dagrun for financial_full_pipeline to 2026-02-01T00:00:00+00:00, run_after=2026-02-02T00:00:00+00:00
[2026-02-01T03:50:07.113+0000] {processor.py:179} INFO - Processing /opt/airflow/dags/financial_DWH.py took 0.225 seconds
[2026-02-01T03:50:37.703+0000] {processor.py:157} INFO - Started process (PID=2033) to work on /opt/airflow/dags/financial_DWH.py
[2026-02-01T03:50:37.705+0000] {processor.py:829} INFO - Processing file /opt/airflow/dags/financial_DWH.py for tasks to queue
[2026-02-01T03:50:37.706+0000] {logging_mixin.py:151} INFO - [2026-02-01T03:50:37.706+0000] {dagbag.py:536} INFO - Filling up the DagBag from /opt/airflow/dags/financial_DWH.py
[2026-02-01T03:50:37.719+0000] {processor.py:839} INFO - DAG(s) dict_keys(['financial_full_pipeline']) retrieved from /opt/airflow/dags/financial_DWH.py
[2026-02-01T03:50:37.832+0000] {logging_mixin.py:151} INFO - [2026-02-01T03:50:37.832+0000] {dag.py:2941} INFO - Sync 1 DAGs
[2026-02-01T03:50:37.895+0000] {logging_mixin.py:151} INFO - [2026-02-01T03:50:37.894+0000] {dag.py:3722} INFO - Setting next_dagrun for financial_full_pipeline to 2026-02-01T00:00:00+00:00, run_after=2026-02-02T00:00:00+00:00
[2026-02-01T03:50:37.954+0000] {processor.py:179} INFO - Processing /opt/airflow/dags/financial_DWH.py took 0.266 seconds
[2026-02-01T03:51:08.458+0000] {processor.py:157} INFO - Started process (PID=2038) to work on /opt/airflow/dags/financial_DWH.py
[2026-02-01T03:51:08.460+0000] {processor.py:829} INFO - Processing file /opt/airflow/dags/financial_DWH.py for tasks to queue
[2026-02-01T03:51:08.462+0000] {logging_mixin.py:151} INFO - [2026-02-01T03:51:08.461+0000] {dagbag.py:536} INFO - Filling up the DagBag from /opt/airflow/dags/financial_DWH.py
[2026-02-01T03:51:08.501+0000] {processor.py:839} INFO - DAG(s) dict_keys(['financial_full_pipeline']) retrieved from /opt/airflow/dags/financial_DWH.py
[2026-02-01T03:51:08.665+0000] {logging_mixin.py:151} INFO - [2026-02-01T03:51:08.664+0000] {dag.py:2941} INFO - Sync 1 DAGs
[2026-02-01T03:51:08.785+0000] {logging_mixin.py:151} INFO - [2026-02-01T03:51:08.784+0000] {dag.py:3722} INFO - Setting next_dagrun for financial_full_pipeline to 2026-02-01T00:00:00+00:00, run_after=2026-02-02T00:00:00+00:00
[2026-02-01T03:51:08.880+0000] {processor.py:179} INFO - Processing /opt/airflow/dags/financial_DWH.py took 0.444 seconds
[2026-02-01T03:51:40.942+0000] {processor.py:157} INFO - Started process (PID=2043) to work on /opt/airflow/dags/financial_DWH.py
[2026-02-01T03:51:40.960+0000] {processor.py:829} INFO - Processing file /opt/airflow/dags/financial_DWH.py for tasks to queue
[2026-02-01T03:51:40.962+0000] {logging_mixin.py:151} INFO - [2026-02-01T03:51:40.962+0000] {dagbag.py:536} INFO - Filling up the DagBag from /opt/airflow/dags/financial_DWH.py
[2026-02-01T03:51:41.026+0000] {processor.py:839} INFO - DAG(s) dict_keys(['financial_full_pipeline']) retrieved from /opt/airflow/dags/financial_DWH.py
[2026-02-01T03:51:41.314+0000] {logging_mixin.py:151} INFO - [2026-02-01T03:51:41.314+0000] {dag.py:2941} INFO - Sync 1 DAGs
[2026-02-01T03:51:41.502+0000] {logging_mixin.py:151} INFO - [2026-02-01T03:51:41.502+0000] {dag.py:3722} INFO - Setting next_dagrun for financial_full_pipeline to 2026-02-01T00:00:00+00:00, run_after=2026-02-02T00:00:00+00:00
[2026-02-01T03:51:41.643+0000] {processor.py:179} INFO - Processing /opt/airflow/dags/financial_DWH.py took 0.749 seconds
[2026-02-01T03:52:12.307+0000] {processor.py:157} INFO - Started process (PID=2051) to work on /opt/airflow/dags/financial_DWH.py
[2026-02-01T03:52:12.309+0000] {processor.py:829} INFO - Processing file /opt/airflow/dags/financial_DWH.py for tasks to queue
[2026-02-01T03:52:12.322+0000] {logging_mixin.py:151} INFO - [2026-02-01T03:52:12.310+0000] {dagbag.py:536} INFO - Filling up the DagBag from /opt/airflow/dags/financial_DWH.py
[2026-02-01T03:52:12.371+0000] {processor.py:839} INFO - DAG(s) dict_keys(['financial_full_pipeline']) retrieved from /opt/airflow/dags/financial_DWH.py
[2026-02-01T03:52:12.553+0000] {logging_mixin.py:151} INFO - [2026-02-01T03:52:12.552+0000] {dag.py:2941} INFO - Sync 1 DAGs
[2026-02-01T03:52:12.837+0000] {logging_mixin.py:151} INFO - [2026-02-01T03:52:12.826+0000] {dag.py:3722} INFO - Setting next_dagrun for financial_full_pipeline to 2026-02-01T00:00:00+00:00, run_after=2026-02-02T00:00:00+00:00
[2026-02-01T03:52:12.951+0000] {processor.py:179} INFO - Processing /opt/airflow/dags/financial_DWH.py took 0.676 seconds
[2026-02-01T03:52:45.374+0000] {processor.py:157} INFO - Started process (PID=2056) to work on /opt/airflow/dags/financial_DWH.py
[2026-02-01T03:52:45.410+0000] {processor.py:829} INFO - Processing file /opt/airflow/dags/financial_DWH.py for tasks to queue
[2026-02-01T03:52:45.536+0000] {logging_mixin.py:151} INFO - [2026-02-01T03:52:45.535+0000] {dagbag.py:536} INFO - Filling up the DagBag from /opt/airflow/dags/financial_DWH.py
[2026-02-01T03:52:45.743+0000] {processor.py:839} INFO - DAG(s) dict_keys(['financial_full_pipeline']) retrieved from /opt/airflow/dags/financial_DWH.py
[2026-02-01T03:52:46.184+0000] {logging_mixin.py:151} INFO - [2026-02-01T03:52:46.184+0000] {dag.py:2941} INFO - Sync 1 DAGs
[2026-02-01T03:52:46.299+0000] {logging_mixin.py:151} INFO - [2026-02-01T03:52:46.299+0000] {dag.py:3722} INFO - Setting next_dagrun for financial_full_pipeline to 2026-02-01T00:00:00+00:00, run_after=2026-02-02T00:00:00+00:00
[2026-02-01T03:52:46.405+0000] {processor.py:179} INFO - Processing /opt/airflow/dags/financial_DWH.py took 1.082 seconds
[2026-02-01T03:53:20.704+0000] {processor.py:157} INFO - Started process (PID=2061) to work on /opt/airflow/dags/financial_DWH.py
[2026-02-01T03:53:20.714+0000] {processor.py:829} INFO - Processing file /opt/airflow/dags/financial_DWH.py for tasks to queue
[2026-02-01T03:53:20.717+0000] {logging_mixin.py:151} INFO - [2026-02-01T03:53:20.717+0000] {dagbag.py:536} INFO - Filling up the DagBag from /opt/airflow/dags/financial_DWH.py
[2026-02-01T03:53:20.737+0000] {processor.py:839} INFO - DAG(s) dict_keys(['financial_full_pipeline']) retrieved from /opt/airflow/dags/financial_DWH.py
[2026-02-01T03:53:20.818+0000] {logging_mixin.py:151} INFO - [2026-02-01T03:53:20.818+0000] {dag.py:2941} INFO - Sync 1 DAGs
[2026-02-01T03:53:20.923+0000] {logging_mixin.py:151} INFO - [2026-02-01T03:53:20.923+0000] {dag.py:3722} INFO - Setting next_dagrun for financial_full_pipeline to 2026-02-01T00:00:00+00:00, run_after=2026-02-02T00:00:00+00:00
[2026-02-01T03:53:20.981+0000] {processor.py:179} INFO - Processing /opt/airflow/dags/financial_DWH.py took 0.292 seconds
[2026-02-01T03:53:51.263+0000] {processor.py:157} INFO - Started process (PID=2066) to work on /opt/airflow/dags/financial_DWH.py
[2026-02-01T03:53:51.268+0000] {processor.py:829} INFO - Processing file /opt/airflow/dags/financial_DWH.py for tasks to queue
[2026-02-01T03:53:51.270+0000] {logging_mixin.py:151} INFO - [2026-02-01T03:53:51.269+0000] {dagbag.py:536} INFO - Filling up the DagBag from /opt/airflow/dags/financial_DWH.py
[2026-02-01T03:53:51.312+0000] {processor.py:839} INFO - DAG(s) dict_keys(['financial_full_pipeline']) retrieved from /opt/airflow/dags/financial_DWH.py
[2026-02-01T03:53:51.722+0000] {logging_mixin.py:151} INFO - [2026-02-01T03:53:51.722+0000] {dag.py:2941} INFO - Sync 1 DAGs
[2026-02-01T03:53:51.816+0000] {logging_mixin.py:151} INFO - [2026-02-01T03:53:51.816+0000] {dag.py:3722} INFO - Setting next_dagrun for financial_full_pipeline to 2026-02-01T00:00:00+00:00, run_after=2026-02-02T00:00:00+00:00
[2026-02-01T03:53:51.904+0000] {processor.py:179} INFO - Processing /opt/airflow/dags/financial_DWH.py took 0.657 seconds
[2026-02-01T03:54:29.267+0000] {processor.py:157} INFO - Started process (PID=2071) to work on /opt/airflow/dags/financial_DWH.py
[2026-02-01T03:54:29.277+0000] {processor.py:829} INFO - Processing file /opt/airflow/dags/financial_DWH.py for tasks to queue
[2026-02-01T03:54:29.289+0000] {logging_mixin.py:151} INFO - [2026-02-01T03:54:29.283+0000] {dagbag.py:536} INFO - Filling up the DagBag from /opt/airflow/dags/financial_DWH.py
[2026-02-01T03:54:29.348+0000] {processor.py:839} INFO - DAG(s) dict_keys(['financial_full_pipeline']) retrieved from /opt/airflow/dags/financial_DWH.py
[2026-02-01T03:54:29.587+0000] {logging_mixin.py:151} INFO - [2026-02-01T03:54:29.587+0000] {dag.py:2941} INFO - Sync 1 DAGs
[2026-02-01T03:54:29.763+0000] {logging_mixin.py:151} INFO - [2026-02-01T03:54:29.763+0000] {dag.py:3722} INFO - Setting next_dagrun for financial_full_pipeline to 2026-02-01T00:00:00+00:00, run_after=2026-02-02T00:00:00+00:00
[2026-02-01T03:54:29.890+0000] {processor.py:179} INFO - Processing /opt/airflow/dags/financial_DWH.py took 0.664 seconds
[2026-02-01T03:55:00.451+0000] {processor.py:157} INFO - Started process (PID=2076) to work on /opt/airflow/dags/financial_DWH.py
[2026-02-01T03:55:00.454+0000] {processor.py:829} INFO - Processing file /opt/airflow/dags/financial_DWH.py for tasks to queue
[2026-02-01T03:55:00.456+0000] {logging_mixin.py:151} INFO - [2026-02-01T03:55:00.456+0000] {dagbag.py:536} INFO - Filling up the DagBag from /opt/airflow/dags/financial_DWH.py
[2026-02-01T03:55:00.483+0000] {processor.py:839} INFO - DAG(s) dict_keys(['financial_full_pipeline']) retrieved from /opt/airflow/dags/financial_DWH.py
[2026-02-01T03:55:00.584+0000] {logging_mixin.py:151} INFO - [2026-02-01T03:55:00.584+0000] {dag.py:2941} INFO - Sync 1 DAGs
[2026-02-01T03:55:00.644+0000] {logging_mixin.py:151} INFO - [2026-02-01T03:55:00.644+0000] {dag.py:3722} INFO - Setting next_dagrun for financial_full_pipeline to 2026-02-01T00:00:00+00:00, run_after=2026-02-02T00:00:00+00:00
[2026-02-01T03:55:00.703+0000] {processor.py:179} INFO - Processing /opt/airflow/dags/financial_DWH.py took 0.262 seconds
[2026-02-01T03:55:31.463+0000] {processor.py:157} INFO - Started process (PID=2081) to work on /opt/airflow/dags/financial_DWH.py
[2026-02-01T03:55:34.600+0000] {processor.py:829} INFO - Processing file /opt/airflow/dags/financial_DWH.py for tasks to queue
[2026-02-01T03:55:34.603+0000] {logging_mixin.py:151} INFO - [2026-02-01T03:55:34.602+0000] {dagbag.py:536} INFO - Filling up the DagBag from /opt/airflow/dags/financial_DWH.py
[2026-02-01T03:55:34.625+0000] {processor.py:839} INFO - DAG(s) dict_keys(['financial_full_pipeline']) retrieved from /opt/airflow/dags/financial_DWH.py
[2026-02-01T03:55:34.725+0000] {logging_mixin.py:151} INFO - [2026-02-01T03:55:34.725+0000] {dag.py:2941} INFO - Sync 1 DAGs
[2026-02-01T03:55:34.911+0000] {logging_mixin.py:151} INFO - [2026-02-01T03:55:34.910+0000] {dag.py:3722} INFO - Setting next_dagrun for financial_full_pipeline to 2026-02-01T00:00:00+00:00, run_after=2026-02-02T00:00:00+00:00
[2026-02-01T03:55:35.002+0000] {processor.py:179} INFO - Processing /opt/airflow/dags/financial_DWH.py took 3.545 seconds
[2026-02-01T03:56:07.374+0000] {processor.py:157} INFO - Started process (PID=2086) to work on /opt/airflow/dags/financial_DWH.py
[2026-02-01T03:56:07.604+0000] {processor.py:829} INFO - Processing file /opt/airflow/dags/financial_DWH.py for tasks to queue
[2026-02-01T03:56:07.607+0000] {logging_mixin.py:151} INFO - [2026-02-01T03:56:07.605+0000] {dagbag.py:536} INFO - Filling up the DagBag from /opt/airflow/dags/financial_DWH.py
[2026-02-01T03:56:07.644+0000] {processor.py:839} INFO - DAG(s) dict_keys(['financial_full_pipeline']) retrieved from /opt/airflow/dags/financial_DWH.py
[2026-02-01T03:56:07.723+0000] {logging_mixin.py:151} INFO - [2026-02-01T03:56:07.723+0000] {dag.py:2941} INFO - Sync 1 DAGs
[2026-02-01T03:56:07.772+0000] {logging_mixin.py:151} INFO - [2026-02-01T03:56:07.772+0000] {dag.py:3722} INFO - Setting next_dagrun for financial_full_pipeline to 2026-02-01T00:00:00+00:00, run_after=2026-02-02T00:00:00+00:00
[2026-02-01T03:56:07.814+0000] {processor.py:179} INFO - Processing /opt/airflow/dags/financial_DWH.py took 0.448 seconds
[2026-02-01T03:56:41.659+0000] {processor.py:157} INFO - Started process (PID=2091) to work on /opt/airflow/dags/financial_DWH.py
[2026-02-01T03:56:41.660+0000] {processor.py:829} INFO - Processing file /opt/airflow/dags/financial_DWH.py for tasks to queue
[2026-02-01T03:56:41.661+0000] {logging_mixin.py:151} INFO - [2026-02-01T03:56:41.661+0000] {dagbag.py:536} INFO - Filling up the DagBag from /opt/airflow/dags/financial_DWH.py
[2026-02-01T03:56:41.676+0000] {processor.py:839} INFO - DAG(s) dict_keys(['financial_full_pipeline']) retrieved from /opt/airflow/dags/financial_DWH.py
[2026-02-01T03:56:41.725+0000] {logging_mixin.py:151} INFO - [2026-02-01T03:56:41.725+0000] {dag.py:2941} INFO - Sync 1 DAGs
[2026-02-01T03:56:45.483+0000] {logging_mixin.py:151} INFO - [2026-02-01T03:56:45.482+0000] {dag.py:3722} INFO - Setting next_dagrun for financial_full_pipeline to 2026-02-01T00:00:00+00:00, run_after=2026-02-02T00:00:00+00:00
[2026-02-01T03:56:45.600+0000] {processor.py:179} INFO - Processing /opt/airflow/dags/financial_DWH.py took 3.951 seconds
[2026-02-01T03:57:16.570+0000] {processor.py:157} INFO - Started process (PID=2102) to work on /opt/airflow/dags/financial_DWH.py
[2026-02-01T03:57:16.573+0000] {processor.py:829} INFO - Processing file /opt/airflow/dags/financial_DWH.py for tasks to queue
[2026-02-01T03:57:16.575+0000] {logging_mixin.py:151} INFO - [2026-02-01T03:57:16.574+0000] {dagbag.py:536} INFO - Filling up the DagBag from /opt/airflow/dags/financial_DWH.py
[2026-02-01T03:57:16.586+0000] {processor.py:839} INFO - DAG(s) dict_keys(['financial_full_pipeline']) retrieved from /opt/airflow/dags/financial_DWH.py
[2026-02-01T03:57:16.630+0000] {logging_mixin.py:151} INFO - [2026-02-01T03:57:16.630+0000] {dag.py:2941} INFO - Sync 1 DAGs
[2026-02-01T03:57:16.663+0000] {logging_mixin.py:151} INFO - [2026-02-01T03:57:16.663+0000] {dag.py:3722} INFO - Setting next_dagrun for financial_full_pipeline to 2026-02-01T00:00:00+00:00, run_after=2026-02-02T00:00:00+00:00
[2026-02-01T03:57:16.693+0000] {processor.py:179} INFO - Processing /opt/airflow/dags/financial_DWH.py took 0.129 seconds
[2026-02-01T03:57:46.767+0000] {processor.py:157} INFO - Started process (PID=2107) to work on /opt/airflow/dags/financial_DWH.py
[2026-02-01T03:57:46.768+0000] {processor.py:829} INFO - Processing file /opt/airflow/dags/financial_DWH.py for tasks to queue
[2026-02-01T03:57:46.770+0000] {logging_mixin.py:151} INFO - [2026-02-01T03:57:46.770+0000] {dagbag.py:536} INFO - Filling up the DagBag from /opt/airflow/dags/financial_DWH.py
[2026-02-01T03:57:46.781+0000] {processor.py:839} INFO - DAG(s) dict_keys(['financial_full_pipeline']) retrieved from /opt/airflow/dags/financial_DWH.py
[2026-02-01T03:57:46.838+0000] {logging_mixin.py:151} INFO - [2026-02-01T03:57:46.838+0000] {dag.py:2941} INFO - Sync 1 DAGs
[2026-02-01T03:57:46.878+0000] {logging_mixin.py:151} INFO - [2026-02-01T03:57:46.878+0000] {dag.py:3722} INFO - Setting next_dagrun for financial_full_pipeline to 2026-02-01T00:00:00+00:00, run_after=2026-02-02T00:00:00+00:00
[2026-02-01T03:57:46.910+0000] {processor.py:179} INFO - Processing /opt/airflow/dags/financial_DWH.py took 0.149 seconds
[2026-02-01T03:58:17.859+0000] {processor.py:157} INFO - Started process (PID=2112) to work on /opt/airflow/dags/financial_DWH.py
[2026-02-01T03:58:17.862+0000] {processor.py:829} INFO - Processing file /opt/airflow/dags/financial_DWH.py for tasks to queue
[2026-02-01T03:58:17.864+0000] {logging_mixin.py:151} INFO - [2026-02-01T03:58:17.863+0000] {dagbag.py:536} INFO - Filling up the DagBag from /opt/airflow/dags/financial_DWH.py
[2026-02-01T03:58:17.875+0000] {processor.py:839} INFO - DAG(s) dict_keys(['financial_full_pipeline']) retrieved from /opt/airflow/dags/financial_DWH.py
[2026-02-01T03:58:17.922+0000] {logging_mixin.py:151} INFO - [2026-02-01T03:58:17.921+0000] {dag.py:2941} INFO - Sync 1 DAGs
[2026-02-01T03:58:17.957+0000] {logging_mixin.py:151} INFO - [2026-02-01T03:58:17.957+0000] {dag.py:3722} INFO - Setting next_dagrun for financial_full_pipeline to 2026-02-01T00:00:00+00:00, run_after=2026-02-02T00:00:00+00:00
[2026-02-01T03:58:17.989+0000] {processor.py:179} INFO - Processing /opt/airflow/dags/financial_DWH.py took 0.136 seconds
[2026-02-01T03:58:48.068+0000] {processor.py:157} INFO - Started process (PID=2117) to work on /opt/airflow/dags/financial_DWH.py
[2026-02-01T03:58:48.070+0000] {processor.py:829} INFO - Processing file /opt/airflow/dags/financial_DWH.py for tasks to queue
[2026-02-01T03:58:48.071+0000] {logging_mixin.py:151} INFO - [2026-02-01T03:58:48.071+0000] {dagbag.py:536} INFO - Filling up the DagBag from /opt/airflow/dags/financial_DWH.py
[2026-02-01T03:58:48.084+0000] {processor.py:839} INFO - DAG(s) dict_keys(['financial_full_pipeline']) retrieved from /opt/airflow/dags/financial_DWH.py
[2026-02-01T03:58:48.135+0000] {logging_mixin.py:151} INFO - [2026-02-01T03:58:48.135+0000] {dag.py:2941} INFO - Sync 1 DAGs
[2026-02-01T03:58:53.730+0000] {logging_mixin.py:151} INFO - [2026-02-01T03:58:53.729+0000] {dag.py:3722} INFO - Setting next_dagrun for financial_full_pipeline to 2026-02-01T00:00:00+00:00, run_after=2026-02-02T00:00:00+00:00
[2026-02-01T03:58:53.908+0000] {processor.py:179} INFO - Processing /opt/airflow/dags/financial_DWH.py took 5.846 seconds
[2026-02-01T03:59:24.211+0000] {processor.py:157} INFO - Started process (PID=2122) to work on /opt/airflow/dags/financial_DWH.py
[2026-02-01T03:59:24.214+0000] {processor.py:829} INFO - Processing file /opt/airflow/dags/financial_DWH.py for tasks to queue
[2026-02-01T03:59:24.216+0000] {logging_mixin.py:151} INFO - [2026-02-01T03:59:24.215+0000] {dagbag.py:536} INFO - Filling up the DagBag from /opt/airflow/dags/financial_DWH.py
[2026-02-01T03:59:24.248+0000] {processor.py:839} INFO - DAG(s) dict_keys(['financial_full_pipeline']) retrieved from /opt/airflow/dags/financial_DWH.py
[2026-02-01T03:59:24.342+0000] {logging_mixin.py:151} INFO - [2026-02-01T03:59:24.341+0000] {dag.py:2941} INFO - Sync 1 DAGs
[2026-02-01T03:59:24.401+0000] {logging_mixin.py:151} INFO - [2026-02-01T03:59:24.400+0000] {dag.py:3722} INFO - Setting next_dagrun for financial_full_pipeline to 2026-02-01T00:00:00+00:00, run_after=2026-02-02T00:00:00+00:00
[2026-02-01T03:59:24.456+0000] {processor.py:179} INFO - Processing /opt/airflow/dags/financial_DWH.py took 0.260 seconds
[2026-02-01T03:59:54.789+0000] {processor.py:157} INFO - Started process (PID=2127) to work on /opt/airflow/dags/financial_DWH.py
[2026-02-01T03:59:54.791+0000] {processor.py:829} INFO - Processing file /opt/airflow/dags/financial_DWH.py for tasks to queue
[2026-02-01T03:59:54.792+0000] {logging_mixin.py:151} INFO - [2026-02-01T03:59:54.791+0000] {dagbag.py:536} INFO - Filling up the DagBag from /opt/airflow/dags/financial_DWH.py
[2026-02-01T03:59:54.803+0000] {processor.py:839} INFO - DAG(s) dict_keys(['financial_full_pipeline']) retrieved from /opt/airflow/dags/financial_DWH.py
[2026-02-01T03:59:54.845+0000] {logging_mixin.py:151} INFO - [2026-02-01T03:59:54.845+0000] {dag.py:2941} INFO - Sync 1 DAGs
[2026-02-01T03:59:54.879+0000] {logging_mixin.py:151} INFO - [2026-02-01T03:59:54.879+0000] {dag.py:3722} INFO - Setting next_dagrun for financial_full_pipeline to 2026-02-01T00:00:00+00:00, run_after=2026-02-02T00:00:00+00:00
[2026-02-01T03:59:54.911+0000] {processor.py:179} INFO - Processing /opt/airflow/dags/financial_DWH.py took 0.128 seconds
[2026-02-01T04:00:25.557+0000] {processor.py:157} INFO - Started process (PID=2132) to work on /opt/airflow/dags/financial_DWH.py
[2026-02-01T04:00:25.560+0000] {processor.py:829} INFO - Processing file /opt/airflow/dags/financial_DWH.py for tasks to queue
[2026-02-01T04:00:25.563+0000] {logging_mixin.py:151} INFO - [2026-02-01T04:00:25.562+0000] {dagbag.py:536} INFO - Filling up the DagBag from /opt/airflow/dags/financial_DWH.py
[2026-02-01T04:00:25.576+0000] {processor.py:839} INFO - DAG(s) dict_keys(['financial_full_pipeline']) retrieved from /opt/airflow/dags/financial_DWH.py
[2026-02-01T04:00:25.628+0000] {logging_mixin.py:151} INFO - [2026-02-01T04:00:25.628+0000] {dag.py:2941} INFO - Sync 1 DAGs
[2026-02-01T04:00:25.668+0000] {logging_mixin.py:151} INFO - [2026-02-01T04:00:25.668+0000] {dag.py:3722} INFO - Setting next_dagrun for financial_full_pipeline to 2026-02-01T00:00:00+00:00, run_after=2026-02-02T00:00:00+00:00
[2026-02-01T04:00:25.702+0000] {processor.py:179} INFO - Processing /opt/airflow/dags/financial_DWH.py took 0.153 seconds
[2026-02-01T04:00:55.745+0000] {processor.py:157} INFO - Started process (PID=2137) to work on /opt/airflow/dags/financial_DWH.py
[2026-02-01T04:00:55.747+0000] {processor.py:829} INFO - Processing file /opt/airflow/dags/financial_DWH.py for tasks to queue
[2026-02-01T04:00:55.748+0000] {logging_mixin.py:151} INFO - [2026-02-01T04:00:55.748+0000] {dagbag.py:536} INFO - Filling up the DagBag from /opt/airflow/dags/financial_DWH.py
[2026-02-01T04:00:55.760+0000] {processor.py:839} INFO - DAG(s) dict_keys(['financial_full_pipeline']) retrieved from /opt/airflow/dags/financial_DWH.py
[2026-02-01T04:00:55.809+0000] {logging_mixin.py:151} INFO - [2026-02-01T04:00:55.808+0000] {dag.py:2941} INFO - Sync 1 DAGs
[2026-02-01T04:00:55.846+0000] {logging_mixin.py:151} INFO - [2026-02-01T04:00:55.846+0000] {dag.py:3722} INFO - Setting next_dagrun for financial_full_pipeline to 2026-02-01T00:00:00+00:00, run_after=2026-02-02T00:00:00+00:00
[2026-02-01T04:00:59.604+0000] {processor.py:179} INFO - Processing /opt/airflow/dags/financial_DWH.py took 3.865 seconds
[2026-02-01T04:01:29.849+0000] {processor.py:157} INFO - Started process (PID=2142) to work on /opt/airflow/dags/financial_DWH.py
[2026-02-01T04:01:29.867+0000] {processor.py:829} INFO - Processing file /opt/airflow/dags/financial_DWH.py for tasks to queue
[2026-02-01T04:01:29.869+0000] {logging_mixin.py:151} INFO - [2026-02-01T04:01:29.868+0000] {dagbag.py:536} INFO - Filling up the DagBag from /opt/airflow/dags/financial_DWH.py
[2026-02-01T04:01:29.897+0000] {processor.py:839} INFO - DAG(s) dict_keys(['financial_full_pipeline']) retrieved from /opt/airflow/dags/financial_DWH.py
[2026-02-01T04:01:30.011+0000] {logging_mixin.py:151} INFO - [2026-02-01T04:01:30.011+0000] {dag.py:2941} INFO - Sync 1 DAGs
[2026-02-01T04:01:30.167+0000] {logging_mixin.py:151} INFO - [2026-02-01T04:01:30.167+0000] {dag.py:3722} INFO - Setting next_dagrun for financial_full_pipeline to 2026-02-01T00:00:00+00:00, run_after=2026-02-02T00:00:00+00:00
[2026-02-01T04:01:30.301+0000] {processor.py:179} INFO - Processing /opt/airflow/dags/financial_DWH.py took 0.467 seconds
[2026-02-01T04:02:01.007+0000] {processor.py:157} INFO - Started process (PID=2147) to work on /opt/airflow/dags/financial_DWH.py
[2026-02-01T04:02:01.009+0000] {processor.py:829} INFO - Processing file /opt/airflow/dags/financial_DWH.py for tasks to queue
[2026-02-01T04:02:01.011+0000] {logging_mixin.py:151} INFO - [2026-02-01T04:02:01.010+0000] {dagbag.py:536} INFO - Filling up the DagBag from /opt/airflow/dags/financial_DWH.py
[2026-02-01T04:02:01.026+0000] {processor.py:839} INFO - DAG(s) dict_keys(['financial_full_pipeline']) retrieved from /opt/airflow/dags/financial_DWH.py
[2026-02-01T04:02:01.083+0000] {logging_mixin.py:151} INFO - [2026-02-01T04:02:01.083+0000] {dag.py:2941} INFO - Sync 1 DAGs
[2026-02-01T04:02:01.127+0000] {logging_mixin.py:151} INFO - [2026-02-01T04:02:01.127+0000] {dag.py:3722} INFO - Setting next_dagrun for financial_full_pipeline to 2026-02-01T00:00:00+00:00, run_after=2026-02-02T00:00:00+00:00
[2026-02-01T04:02:01.165+0000] {processor.py:179} INFO - Processing /opt/airflow/dags/financial_DWH.py took 0.168 seconds
[2026-02-01T04:02:31.360+0000] {processor.py:157} INFO - Started process (PID=2155) to work on /opt/airflow/dags/financial_DWH.py
[2026-02-01T04:02:31.361+0000] {processor.py:829} INFO - Processing file /opt/airflow/dags/financial_DWH.py for tasks to queue
[2026-02-01T04:02:31.363+0000] {logging_mixin.py:151} INFO - [2026-02-01T04:02:31.363+0000] {dagbag.py:536} INFO - Filling up the DagBag from /opt/airflow/dags/financial_DWH.py
[2026-02-01T04:02:31.375+0000] {processor.py:839} INFO - DAG(s) dict_keys(['financial_full_pipeline']) retrieved from /opt/airflow/dags/financial_DWH.py
[2026-02-01T04:02:31.422+0000] {logging_mixin.py:151} INFO - [2026-02-01T04:02:31.421+0000] {dag.py:2941} INFO - Sync 1 DAGs
[2026-02-01T04:02:31.457+0000] {logging_mixin.py:151} INFO - [2026-02-01T04:02:31.456+0000] {dag.py:3722} INFO - Setting next_dagrun for financial_full_pipeline to 2026-02-01T00:00:00+00:00, run_after=2026-02-02T00:00:00+00:00
[2026-02-01T04:02:31.490+0000] {processor.py:179} INFO - Processing /opt/airflow/dags/financial_DWH.py took 0.136 seconds
[2026-02-01T04:03:01.874+0000] {processor.py:157} INFO - Started process (PID=2160) to work on /opt/airflow/dags/financial_DWH.py
[2026-02-01T04:03:01.876+0000] {processor.py:829} INFO - Processing file /opt/airflow/dags/financial_DWH.py for tasks to queue
[2026-02-01T04:03:01.885+0000] {logging_mixin.py:151} INFO - [2026-02-01T04:03:01.884+0000] {dagbag.py:536} INFO - Filling up the DagBag from /opt/airflow/dags/financial_DWH.py
[2026-02-01T04:03:01.912+0000] {processor.py:839} INFO - DAG(s) dict_keys(['financial_full_pipeline']) retrieved from /opt/airflow/dags/financial_DWH.py
[2026-02-01T04:03:02.006+0000] {logging_mixin.py:151} INFO - [2026-02-01T04:03:02.005+0000] {dag.py:2941} INFO - Sync 1 DAGs
[2026-02-01T04:03:02.123+0000] {logging_mixin.py:151} INFO - [2026-02-01T04:03:02.122+0000] {dag.py:3722} INFO - Setting next_dagrun for financial_full_pipeline to 2026-02-01T00:00:00+00:00, run_after=2026-02-02T00:00:00+00:00
[2026-02-01T04:03:02.235+0000] {processor.py:179} INFO - Processing /opt/airflow/dags/financial_DWH.py took 0.391 seconds
[2026-02-01T04:03:32.497+0000] {processor.py:157} INFO - Started process (PID=2165) to work on /opt/airflow/dags/financial_DWH.py
[2026-02-01T04:03:32.500+0000] {processor.py:829} INFO - Processing file /opt/airflow/dags/financial_DWH.py for tasks to queue
[2026-02-01T04:03:32.502+0000] {logging_mixin.py:151} INFO - [2026-02-01T04:03:32.501+0000] {dagbag.py:536} INFO - Filling up the DagBag from /opt/airflow/dags/financial_DWH.py
[2026-02-01T04:03:32.523+0000] {processor.py:839} INFO - DAG(s) dict_keys(['financial_full_pipeline']) retrieved from /opt/airflow/dags/financial_DWH.py
[2026-02-01T04:03:32.646+0000] {logging_mixin.py:151} INFO - [2026-02-01T04:03:32.646+0000] {dag.py:2941} INFO - Sync 1 DAGs
[2026-02-01T04:03:32.752+0000] {logging_mixin.py:151} INFO - [2026-02-01T04:03:32.752+0000] {dag.py:3722} INFO - Setting next_dagrun for financial_full_pipeline to 2026-02-01T00:00:00+00:00, run_after=2026-02-02T00:00:00+00:00
[2026-02-01T04:03:32.837+0000] {processor.py:179} INFO - Processing /opt/airflow/dags/financial_DWH.py took 0.351 seconds
[2026-02-01T04:04:03.426+0000] {processor.py:157} INFO - Started process (PID=2170) to work on /opt/airflow/dags/financial_DWH.py
[2026-02-01T04:04:03.437+0000] {processor.py:829} INFO - Processing file /opt/airflow/dags/financial_DWH.py for tasks to queue
[2026-02-01T04:04:03.439+0000] {logging_mixin.py:151} INFO - [2026-02-01T04:04:03.438+0000] {dagbag.py:536} INFO - Filling up the DagBag from /opt/airflow/dags/financial_DWH.py
[2026-02-01T04:04:03.466+0000] {processor.py:839} INFO - DAG(s) dict_keys(['financial_full_pipeline']) retrieved from /opt/airflow/dags/financial_DWH.py
[2026-02-01T04:04:03.608+0000] {logging_mixin.py:151} INFO - [2026-02-01T04:04:03.608+0000] {dag.py:2941} INFO - Sync 1 DAGs
[2026-02-01T04:04:03.688+0000] {logging_mixin.py:151} INFO - [2026-02-01T04:04:03.687+0000] {dag.py:3722} INFO - Setting next_dagrun for financial_full_pipeline to 2026-02-01T00:00:00+00:00, run_after=2026-02-02T00:00:00+00:00
[2026-02-01T04:04:03.757+0000] {processor.py:179} INFO - Processing /opt/airflow/dags/financial_DWH.py took 0.347 seconds
[2026-02-01T04:04:33.994+0000] {processor.py:157} INFO - Started process (PID=2175) to work on /opt/airflow/dags/financial_DWH.py
[2026-02-01T04:04:33.995+0000] {processor.py:829} INFO - Processing file /opt/airflow/dags/financial_DWH.py for tasks to queue
[2026-02-01T04:04:33.996+0000] {logging_mixin.py:151} INFO - [2026-02-01T04:04:33.996+0000] {dagbag.py:536} INFO - Filling up the DagBag from /opt/airflow/dags/financial_DWH.py
[2026-02-01T04:04:34.008+0000] {processor.py:839} INFO - DAG(s) dict_keys(['financial_full_pipeline']) retrieved from /opt/airflow/dags/financial_DWH.py
[2026-02-01T04:04:34.053+0000] {logging_mixin.py:151} INFO - [2026-02-01T04:04:34.053+0000] {dag.py:2941} INFO - Sync 1 DAGs
[2026-02-01T04:04:34.086+0000] {logging_mixin.py:151} INFO - [2026-02-01T04:04:34.086+0000] {dag.py:3722} INFO - Setting next_dagrun for financial_full_pipeline to 2026-02-01T00:00:00+00:00, run_after=2026-02-02T00:00:00+00:00
[2026-02-01T04:04:34.118+0000] {processor.py:179} INFO - Processing /opt/airflow/dags/financial_DWH.py took 0.131 seconds
[2026-02-01T04:05:04.185+0000] {processor.py:157} INFO - Started process (PID=2180) to work on /opt/airflow/dags/financial_DWH.py
[2026-02-01T04:05:04.187+0000] {processor.py:829} INFO - Processing file /opt/airflow/dags/financial_DWH.py for tasks to queue
[2026-02-01T04:05:04.188+0000] {logging_mixin.py:151} INFO - [2026-02-01T04:05:04.188+0000] {dagbag.py:536} INFO - Filling up the DagBag from /opt/airflow/dags/financial_DWH.py
[2026-02-01T04:05:04.200+0000] {processor.py:839} INFO - DAG(s) dict_keys(['financial_full_pipeline']) retrieved from /opt/airflow/dags/financial_DWH.py
[2026-02-01T04:05:04.245+0000] {logging_mixin.py:151} INFO - [2026-02-01T04:05:04.245+0000] {dag.py:2941} INFO - Sync 1 DAGs
[2026-02-01T04:05:04.281+0000] {logging_mixin.py:151} INFO - [2026-02-01T04:05:04.280+0000] {dag.py:3722} INFO - Setting next_dagrun for financial_full_pipeline to 2026-02-01T00:00:00+00:00, run_after=2026-02-02T00:00:00+00:00
[2026-02-01T04:05:04.316+0000] {processor.py:179} INFO - Processing /opt/airflow/dags/financial_DWH.py took 0.137 seconds
[2026-02-01T04:05:34.497+0000] {processor.py:157} INFO - Started process (PID=2185) to work on /opt/airflow/dags/financial_DWH.py
[2026-02-01T04:05:34.498+0000] {processor.py:829} INFO - Processing file /opt/airflow/dags/financial_DWH.py for tasks to queue
[2026-02-01T04:05:34.500+0000] {logging_mixin.py:151} INFO - [2026-02-01T04:05:34.499+0000] {dagbag.py:536} INFO - Filling up the DagBag from /opt/airflow/dags/financial_DWH.py
[2026-02-01T04:05:34.511+0000] {processor.py:839} INFO - DAG(s) dict_keys(['financial_full_pipeline']) retrieved from /opt/airflow/dags/financial_DWH.py
[2026-02-01T04:05:34.553+0000] {logging_mixin.py:151} INFO - [2026-02-01T04:05:34.553+0000] {dag.py:2941} INFO - Sync 1 DAGs
[2026-02-01T04:05:34.584+0000] {logging_mixin.py:151} INFO - [2026-02-01T04:05:34.584+0000] {dag.py:3722} INFO - Setting next_dagrun for financial_full_pipeline to 2026-02-01T00:00:00+00:00, run_after=2026-02-02T00:00:00+00:00
[2026-02-01T04:05:34.614+0000] {processor.py:179} INFO - Processing /opt/airflow/dags/financial_DWH.py took 0.124 seconds
[2026-02-01T04:06:04.700+0000] {processor.py:157} INFO - Started process (PID=2190) to work on /opt/airflow/dags/financial_DWH.py
[2026-02-01T04:06:04.703+0000] {processor.py:829} INFO - Processing file /opt/airflow/dags/financial_DWH.py for tasks to queue
[2026-02-01T04:06:04.704+0000] {logging_mixin.py:151} INFO - [2026-02-01T04:06:04.703+0000] {dagbag.py:536} INFO - Filling up the DagBag from /opt/airflow/dags/financial_DWH.py
[2026-02-01T04:06:04.715+0000] {processor.py:839} INFO - DAG(s) dict_keys(['financial_full_pipeline']) retrieved from /opt/airflow/dags/financial_DWH.py
[2026-02-01T04:06:04.759+0000] {logging_mixin.py:151} INFO - [2026-02-01T04:06:04.758+0000] {dag.py:2941} INFO - Sync 1 DAGs
[2026-02-01T04:06:04.797+0000] {logging_mixin.py:151} INFO - [2026-02-01T04:06:04.797+0000] {dag.py:3722} INFO - Setting next_dagrun for financial_full_pipeline to 2026-02-01T00:00:00+00:00, run_after=2026-02-02T00:00:00+00:00
[2026-02-01T04:06:04.836+0000] {processor.py:179} INFO - Processing /opt/airflow/dags/financial_DWH.py took 0.142 seconds
[2026-02-01T04:06:34.994+0000] {processor.py:157} INFO - Started process (PID=2195) to work on /opt/airflow/dags/financial_DWH.py
[2026-02-01T04:06:34.996+0000] {processor.py:829} INFO - Processing file /opt/airflow/dags/financial_DWH.py for tasks to queue
[2026-02-01T04:06:35.002+0000] {logging_mixin.py:151} INFO - [2026-02-01T04:06:34.997+0000] {dagbag.py:536} INFO - Filling up the DagBag from /opt/airflow/dags/financial_DWH.py
[2026-02-01T04:06:35.025+0000] {processor.py:839} INFO - DAG(s) dict_keys(['financial_full_pipeline']) retrieved from /opt/airflow/dags/financial_DWH.py
[2026-02-01T04:06:35.092+0000] {logging_mixin.py:151} INFO - [2026-02-01T04:06:35.092+0000] {dag.py:2941} INFO - Sync 1 DAGs
[2026-02-01T04:06:35.136+0000] {logging_mixin.py:151} INFO - [2026-02-01T04:06:35.136+0000] {dag.py:3722} INFO - Setting next_dagrun for financial_full_pipeline to 2026-02-01T00:00:00+00:00, run_after=2026-02-02T00:00:00+00:00
[2026-02-01T04:06:35.182+0000] {processor.py:179} INFO - Processing /opt/airflow/dags/financial_DWH.py took 0.199 seconds
[2026-02-01T04:07:05.410+0000] {processor.py:157} INFO - Started process (PID=2200) to work on /opt/airflow/dags/financial_DWH.py
[2026-02-01T04:07:05.416+0000] {processor.py:829} INFO - Processing file /opt/airflow/dags/financial_DWH.py for tasks to queue
[2026-02-01T04:07:05.418+0000] {logging_mixin.py:151} INFO - [2026-02-01T04:07:05.417+0000] {dagbag.py:536} INFO - Filling up the DagBag from /opt/airflow/dags/financial_DWH.py
[2026-02-01T04:07:05.450+0000] {processor.py:839} INFO - DAG(s) dict_keys(['financial_full_pipeline']) retrieved from /opt/airflow/dags/financial_DWH.py
[2026-02-01T04:07:05.537+0000] {logging_mixin.py:151} INFO - [2026-02-01T04:07:05.537+0000] {dag.py:2941} INFO - Sync 1 DAGs
[2026-02-01T04:07:05.571+0000] {logging_mixin.py:151} INFO - [2026-02-01T04:07:05.571+0000] {dag.py:3722} INFO - Setting next_dagrun for financial_full_pipeline to 2026-02-01T00:00:00+00:00, run_after=2026-02-02T00:00:00+00:00
[2026-02-01T04:07:05.609+0000] {processor.py:179} INFO - Processing /opt/airflow/dags/financial_DWH.py took 0.218 seconds
[2026-02-01T04:07:35.807+0000] {processor.py:157} INFO - Started process (PID=2205) to work on /opt/airflow/dags/financial_DWH.py
[2026-02-01T04:07:35.809+0000] {processor.py:829} INFO - Processing file /opt/airflow/dags/financial_DWH.py for tasks to queue
[2026-02-01T04:07:35.810+0000] {logging_mixin.py:151} INFO - [2026-02-01T04:07:35.810+0000] {dagbag.py:536} INFO - Filling up the DagBag from /opt/airflow/dags/financial_DWH.py
[2026-02-01T04:07:35.823+0000] {processor.py:839} INFO - DAG(s) dict_keys(['financial_full_pipeline']) retrieved from /opt/airflow/dags/financial_DWH.py
[2026-02-01T04:07:35.869+0000] {logging_mixin.py:151} INFO - [2026-02-01T04:07:35.868+0000] {dag.py:2941} INFO - Sync 1 DAGs
[2026-02-01T04:07:35.903+0000] {logging_mixin.py:151} INFO - [2026-02-01T04:07:35.902+0000] {dag.py:3722} INFO - Setting next_dagrun for financial_full_pipeline to 2026-02-01T00:00:00+00:00, run_after=2026-02-02T00:00:00+00:00
[2026-02-01T04:07:35.932+0000] {processor.py:179} INFO - Processing /opt/airflow/dags/financial_DWH.py took 0.130 seconds
[2026-02-01T04:08:05.993+0000] {processor.py:157} INFO - Started process (PID=2210) to work on /opt/airflow/dags/financial_DWH.py
[2026-02-01T04:08:05.996+0000] {processor.py:829} INFO - Processing file /opt/airflow/dags/financial_DWH.py for tasks to queue
[2026-02-01T04:08:05.998+0000] {logging_mixin.py:151} INFO - [2026-02-01T04:08:05.997+0000] {dagbag.py:536} INFO - Filling up the DagBag from /opt/airflow/dags/financial_DWH.py
[2026-02-01T04:08:06.012+0000] {processor.py:839} INFO - DAG(s) dict_keys(['financial_full_pipeline']) retrieved from /opt/airflow/dags/financial_DWH.py
[2026-02-01T04:08:06.073+0000] {logging_mixin.py:151} INFO - [2026-02-01T04:08:06.072+0000] {dag.py:2941} INFO - Sync 1 DAGs
[2026-02-01T04:08:06.120+0000] {logging_mixin.py:151} INFO - [2026-02-01T04:08:06.119+0000] {dag.py:3722} INFO - Setting next_dagrun for financial_full_pipeline to 2026-02-01T00:00:00+00:00, run_after=2026-02-02T00:00:00+00:00
[2026-02-01T04:08:06.147+0000] {processor.py:179} INFO - Processing /opt/airflow/dags/financial_DWH.py took 0.163 seconds
[2026-02-01T04:08:36.317+0000] {processor.py:157} INFO - Started process (PID=2215) to work on /opt/airflow/dags/financial_DWH.py
[2026-02-01T04:08:36.319+0000] {processor.py:829} INFO - Processing file /opt/airflow/dags/financial_DWH.py for tasks to queue
[2026-02-01T04:08:36.320+0000] {logging_mixin.py:151} INFO - [2026-02-01T04:08:36.319+0000] {dagbag.py:536} INFO - Filling up the DagBag from /opt/airflow/dags/financial_DWH.py
[2026-02-01T04:08:36.332+0000] {processor.py:839} INFO - DAG(s) dict_keys(['financial_full_pipeline']) retrieved from /opt/airflow/dags/financial_DWH.py
[2026-02-01T04:08:36.380+0000] {logging_mixin.py:151} INFO - [2026-02-01T04:08:36.380+0000] {dag.py:2941} INFO - Sync 1 DAGs
[2026-02-01T04:08:36.416+0000] {logging_mixin.py:151} INFO - [2026-02-01T04:08:36.416+0000] {dag.py:3722} INFO - Setting next_dagrun for financial_full_pipeline to 2026-02-01T00:00:00+00:00, run_after=2026-02-02T00:00:00+00:00
[2026-02-01T04:08:36.445+0000] {processor.py:179} INFO - Processing /opt/airflow/dags/financial_DWH.py took 0.136 seconds
[2026-02-01T04:09:06.515+0000] {processor.py:157} INFO - Started process (PID=2220) to work on /opt/airflow/dags/financial_DWH.py
[2026-02-01T04:09:06.517+0000] {processor.py:829} INFO - Processing file /opt/airflow/dags/financial_DWH.py for tasks to queue
[2026-02-01T04:09:06.518+0000] {logging_mixin.py:151} INFO - [2026-02-01T04:09:06.518+0000] {dagbag.py:536} INFO - Filling up the DagBag from /opt/airflow/dags/financial_DWH.py
[2026-02-01T04:09:06.534+0000] {processor.py:839} INFO - DAG(s) dict_keys(['financial_full_pipeline']) retrieved from /opt/airflow/dags/financial_DWH.py
[2026-02-01T04:09:06.579+0000] {logging_mixin.py:151} INFO - [2026-02-01T04:09:06.579+0000] {dag.py:2941} INFO - Sync 1 DAGs
[2026-02-01T04:09:06.613+0000] {logging_mixin.py:151} INFO - [2026-02-01T04:09:06.612+0000] {dag.py:3722} INFO - Setting next_dagrun for financial_full_pipeline to 2026-02-01T00:00:00+00:00, run_after=2026-02-02T00:00:00+00:00
[2026-02-01T04:09:06.642+0000] {processor.py:179} INFO - Processing /opt/airflow/dags/financial_DWH.py took 0.134 seconds
[2026-02-01T04:09:36.810+0000] {processor.py:157} INFO - Started process (PID=2225) to work on /opt/airflow/dags/financial_DWH.py
[2026-02-01T04:09:36.812+0000] {processor.py:829} INFO - Processing file /opt/airflow/dags/financial_DWH.py for tasks to queue
[2026-02-01T04:09:36.813+0000] {logging_mixin.py:151} INFO - [2026-02-01T04:09:36.812+0000] {dagbag.py:536} INFO - Filling up the DagBag from /opt/airflow/dags/financial_DWH.py
[2026-02-01T04:09:36.827+0000] {processor.py:839} INFO - DAG(s) dict_keys(['financial_full_pipeline']) retrieved from /opt/airflow/dags/financial_DWH.py
[2026-02-01T04:09:36.875+0000] {logging_mixin.py:151} INFO - [2026-02-01T04:09:36.875+0000] {dag.py:2941} INFO - Sync 1 DAGs
[2026-02-01T04:09:36.930+0000] {logging_mixin.py:151} INFO - [2026-02-01T04:09:36.930+0000] {dag.py:3722} INFO - Setting next_dagrun for financial_full_pipeline to 2026-02-01T00:00:00+00:00, run_after=2026-02-02T00:00:00+00:00
[2026-02-01T04:09:36.966+0000] {processor.py:179} INFO - Processing /opt/airflow/dags/financial_DWH.py took 0.164 seconds
[2026-02-01T04:10:07.014+0000] {processor.py:157} INFO - Started process (PID=2230) to work on /opt/airflow/dags/financial_DWH.py
[2026-02-01T04:10:07.017+0000] {processor.py:829} INFO - Processing file /opt/airflow/dags/financial_DWH.py for tasks to queue
[2026-02-01T04:10:07.019+0000] {logging_mixin.py:151} INFO - [2026-02-01T04:10:07.018+0000] {dagbag.py:536} INFO - Filling up the DagBag from /opt/airflow/dags/financial_DWH.py
[2026-02-01T04:10:07.040+0000] {processor.py:839} INFO - DAG(s) dict_keys(['financial_full_pipeline']) retrieved from /opt/airflow/dags/financial_DWH.py
[2026-02-01T04:10:07.112+0000] {logging_mixin.py:151} INFO - [2026-02-01T04:10:07.112+0000] {dag.py:2941} INFO - Sync 1 DAGs
[2026-02-01T04:10:07.151+0000] {logging_mixin.py:151} INFO - [2026-02-01T04:10:07.150+0000] {dag.py:3722} INFO - Setting next_dagrun for financial_full_pipeline to 2026-02-01T00:00:00+00:00, run_after=2026-02-02T00:00:00+00:00
[2026-02-01T04:10:07.181+0000] {processor.py:179} INFO - Processing /opt/airflow/dags/financial_DWH.py took 0.179 seconds
[2026-02-01T04:10:37.323+0000] {processor.py:157} INFO - Started process (PID=2235) to work on /opt/airflow/dags/financial_DWH.py
[2026-02-01T04:10:37.325+0000] {processor.py:829} INFO - Processing file /opt/airflow/dags/financial_DWH.py for tasks to queue
[2026-02-01T04:10:37.327+0000] {logging_mixin.py:151} INFO - [2026-02-01T04:10:37.326+0000] {dagbag.py:536} INFO - Filling up the DagBag from /opt/airflow/dags/financial_DWH.py
[2026-02-01T04:10:37.343+0000] {processor.py:839} INFO - DAG(s) dict_keys(['financial_full_pipeline']) retrieved from /opt/airflow/dags/financial_DWH.py
[2026-02-01T04:10:37.405+0000] {logging_mixin.py:151} INFO - [2026-02-01T04:10:37.404+0000] {dag.py:2941} INFO - Sync 1 DAGs
[2026-02-01T04:10:37.458+0000] {logging_mixin.py:151} INFO - [2026-02-01T04:10:37.457+0000] {dag.py:3722} INFO - Setting next_dagrun for financial_full_pipeline to 2026-02-01T00:00:00+00:00, run_after=2026-02-02T00:00:00+00:00
[2026-02-01T04:10:37.494+0000] {processor.py:179} INFO - Processing /opt/airflow/dags/financial_DWH.py took 0.179 seconds
[2026-02-01T04:11:07.685+0000] {processor.py:157} INFO - Started process (PID=2240) to work on /opt/airflow/dags/financial_DWH.py
[2026-02-01T04:11:07.687+0000] {processor.py:829} INFO - Processing file /opt/airflow/dags/financial_DWH.py for tasks to queue
[2026-02-01T04:11:07.689+0000] {logging_mixin.py:151} INFO - [2026-02-01T04:11:07.688+0000] {dagbag.py:536} INFO - Filling up the DagBag from /opt/airflow/dags/financial_DWH.py
[2026-02-01T04:11:07.701+0000] {processor.py:839} INFO - DAG(s) dict_keys(['financial_full_pipeline']) retrieved from /opt/airflow/dags/financial_DWH.py
[2026-02-01T04:11:07.747+0000] {logging_mixin.py:151} INFO - [2026-02-01T04:11:07.747+0000] {dag.py:2941} INFO - Sync 1 DAGs
[2026-02-01T04:11:07.799+0000] {logging_mixin.py:151} INFO - [2026-02-01T04:11:07.799+0000] {dag.py:3722} INFO - Setting next_dagrun for financial_full_pipeline to 2026-02-01T00:00:00+00:00, run_after=2026-02-02T00:00:00+00:00
[2026-02-01T04:11:07.843+0000] {processor.py:179} INFO - Processing /opt/airflow/dags/financial_DWH.py took 0.164 seconds
[2026-02-01T04:11:38.040+0000] {processor.py:157} INFO - Started process (PID=2245) to work on /opt/airflow/dags/financial_DWH.py
[2026-02-01T04:11:38.042+0000] {processor.py:829} INFO - Processing file /opt/airflow/dags/financial_DWH.py for tasks to queue
[2026-02-01T04:11:38.043+0000] {logging_mixin.py:151} INFO - [2026-02-01T04:11:38.043+0000] {dagbag.py:536} INFO - Filling up the DagBag from /opt/airflow/dags/financial_DWH.py
[2026-02-01T04:11:38.058+0000] {processor.py:839} INFO - DAG(s) dict_keys(['financial_full_pipeline']) retrieved from /opt/airflow/dags/financial_DWH.py
[2026-02-01T04:11:38.130+0000] {logging_mixin.py:151} INFO - [2026-02-01T04:11:38.129+0000] {dag.py:2941} INFO - Sync 1 DAGs
[2026-02-01T04:11:38.168+0000] {logging_mixin.py:151} INFO - [2026-02-01T04:11:38.168+0000] {dag.py:3722} INFO - Setting next_dagrun for financial_full_pipeline to 2026-02-01T00:00:00+00:00, run_after=2026-02-02T00:00:00+00:00
[2026-02-01T04:11:38.201+0000] {processor.py:179} INFO - Processing /opt/airflow/dags/financial_DWH.py took 0.168 seconds
[2026-02-01T04:12:08.402+0000] {processor.py:157} INFO - Started process (PID=2250) to work on /opt/airflow/dags/financial_DWH.py
[2026-02-01T04:12:08.405+0000] {processor.py:829} INFO - Processing file /opt/airflow/dags/financial_DWH.py for tasks to queue
[2026-02-01T04:12:08.407+0000] {logging_mixin.py:151} INFO - [2026-02-01T04:12:08.407+0000] {dagbag.py:536} INFO - Filling up the DagBag from /opt/airflow/dags/financial_DWH.py
[2026-02-01T04:12:08.424+0000] {processor.py:839} INFO - DAG(s) dict_keys(['financial_full_pipeline']) retrieved from /opt/airflow/dags/financial_DWH.py
[2026-02-01T04:12:08.478+0000] {logging_mixin.py:151} INFO - [2026-02-01T04:12:08.477+0000] {dag.py:2941} INFO - Sync 1 DAGs
[2026-02-01T04:12:08.516+0000] {logging_mixin.py:151} INFO - [2026-02-01T04:12:08.516+0000] {dag.py:3722} INFO - Setting next_dagrun for financial_full_pipeline to 2026-02-01T00:00:00+00:00, run_after=2026-02-02T00:00:00+00:00
[2026-02-01T04:12:08.546+0000] {processor.py:179} INFO - Processing /opt/airflow/dags/financial_DWH.py took 0.153 seconds
[2026-02-01T04:12:38.752+0000] {processor.py:157} INFO - Started process (PID=2255) to work on /opt/airflow/dags/financial_DWH.py
[2026-02-01T04:12:38.754+0000] {processor.py:829} INFO - Processing file /opt/airflow/dags/financial_DWH.py for tasks to queue
[2026-02-01T04:12:38.755+0000] {logging_mixin.py:151} INFO - [2026-02-01T04:12:38.754+0000] {dagbag.py:536} INFO - Filling up the DagBag from /opt/airflow/dags/financial_DWH.py
[2026-02-01T04:12:38.770+0000] {processor.py:839} INFO - DAG(s) dict_keys(['financial_full_pipeline']) retrieved from /opt/airflow/dags/financial_DWH.py
[2026-02-01T04:12:38.825+0000] {logging_mixin.py:151} INFO - [2026-02-01T04:12:38.824+0000] {dag.py:2941} INFO - Sync 1 DAGs
[2026-02-01T04:12:38.870+0000] {logging_mixin.py:151} INFO - [2026-02-01T04:12:38.869+0000] {dag.py:3722} INFO - Setting next_dagrun for financial_full_pipeline to 2026-02-01T00:00:00+00:00, run_after=2026-02-02T00:00:00+00:00
[2026-02-01T04:12:38.900+0000] {processor.py:179} INFO - Processing /opt/airflow/dags/financial_DWH.py took 0.156 seconds
[2026-02-01T04:12:48.871+0000] {processor.py:157} INFO - Started process (PID=2260) to work on /opt/airflow/dags/financial_DWH.py
[2026-02-01T04:12:48.878+0000] {processor.py:829} INFO - Processing file /opt/airflow/dags/financial_DWH.py for tasks to queue
[2026-02-01T04:12:48.880+0000] {logging_mixin.py:151} INFO - [2026-02-01T04:12:48.879+0000] {dagbag.py:536} INFO - Filling up the DagBag from /opt/airflow/dags/financial_DWH.py
[2026-02-01T04:12:48.900+0000] {processor.py:839} INFO - DAG(s) dict_keys(['financial_full_pipeline']) retrieved from /opt/airflow/dags/financial_DWH.py
[2026-02-01T04:12:49.217+0000] {logging_mixin.py:151} INFO - [2026-02-01T04:12:49.217+0000] {dag.py:2941} INFO - Sync 1 DAGs
[2026-02-01T04:12:49.260+0000] {logging_mixin.py:151} INFO - [2026-02-01T04:12:49.259+0000] {dag.py:3722} INFO - Setting next_dagrun for financial_full_pipeline to 2026-02-01T00:00:00+00:00, run_after=2026-02-02T00:00:00+00:00
[2026-02-01T04:12:49.313+0000] {processor.py:179} INFO - Processing /opt/airflow/dags/financial_DWH.py took 0.460 seconds
[2026-02-01T04:13:19.526+0000] {processor.py:157} INFO - Started process (PID=2265) to work on /opt/airflow/dags/financial_DWH.py
[2026-02-01T04:13:19.529+0000] {processor.py:829} INFO - Processing file /opt/airflow/dags/financial_DWH.py for tasks to queue
[2026-02-01T04:13:19.531+0000] {logging_mixin.py:151} INFO - [2026-02-01T04:13:19.531+0000] {dagbag.py:536} INFO - Filling up the DagBag from /opt/airflow/dags/financial_DWH.py
[2026-02-01T04:13:19.547+0000] {processor.py:839} INFO - DAG(s) dict_keys(['financial_full_pipeline']) retrieved from /opt/airflow/dags/financial_DWH.py
[2026-02-01T04:13:19.602+0000] {logging_mixin.py:151} INFO - [2026-02-01T04:13:19.601+0000] {dag.py:2941} INFO - Sync 1 DAGs
[2026-02-01T04:13:19.647+0000] {logging_mixin.py:151} INFO - [2026-02-01T04:13:19.647+0000] {dag.py:3722} INFO - Setting next_dagrun for financial_full_pipeline to 2026-02-01T00:00:00+00:00, run_after=2026-02-02T00:00:00+00:00
[2026-02-01T04:13:19.672+0000] {processor.py:179} INFO - Processing /opt/airflow/dags/financial_DWH.py took 0.154 seconds
[2026-02-01T13:00:14.415+0000] {processor.py:157} INFO - Started process (PID=183) to work on /opt/airflow/dags/financial_DWH.py
[2026-02-01T13:00:14.417+0000] {processor.py:829} INFO - Processing file /opt/airflow/dags/financial_DWH.py for tasks to queue
[2026-02-01T13:00:14.418+0000] {logging_mixin.py:151} INFO - [2026-02-01T13:00:14.418+0000] {dagbag.py:536} INFO - Filling up the DagBag from /opt/airflow/dags/financial_DWH.py
[2026-02-01T13:00:14.442+0000] {processor.py:839} INFO - DAG(s) dict_keys(['financial_full_pipeline']) retrieved from /opt/airflow/dags/financial_DWH.py
[2026-02-01T13:00:14.488+0000] {logging_mixin.py:151} INFO - [2026-02-01T13:00:14.487+0000] {dag.py:2941} INFO - Sync 1 DAGs
[2026-02-01T13:00:14.524+0000] {logging_mixin.py:151} INFO - [2026-02-01T13:00:14.524+0000] {dag.py:3722} INFO - Setting next_dagrun for financial_full_pipeline to 2026-01-31T00:00:00+00:00, run_after=2026-02-01T00:00:00+00:00
[2026-02-01T13:00:14.559+0000] {processor.py:179} INFO - Processing /opt/airflow/dags/financial_DWH.py took 0.152 seconds
[2026-02-01T13:01:32.640+0000] {processor.py:157} INFO - Started process (PID=191) to work on /opt/airflow/dags/financial_DWH.py
[2026-02-01T13:01:32.643+0000] {processor.py:829} INFO - Processing file /opt/airflow/dags/financial_DWH.py for tasks to queue
[2026-02-01T13:01:32.645+0000] {logging_mixin.py:151} INFO - [2026-02-01T13:01:32.644+0000] {dagbag.py:536} INFO - Filling up the DagBag from /opt/airflow/dags/financial_DWH.py
[2026-02-01T13:01:32.675+0000] {processor.py:839} INFO - DAG(s) dict_keys(['financial_full_pipeline']) retrieved from /opt/airflow/dags/financial_DWH.py
[2026-02-01T13:01:32.921+0000] {logging_mixin.py:151} INFO - [2026-02-01T13:01:32.921+0000] {manager.py:499} INFO - Created Permission View: %s
[2026-02-01T13:01:32.945+0000] {logging_mixin.py:151} INFO - [2026-02-01T13:01:32.944+0000] {manager.py:499} INFO - Created Permission View: %s
[2026-02-01T13:01:32.960+0000] {logging_mixin.py:151} INFO - [2026-02-01T13:01:32.960+0000] {manager.py:499} INFO - Created Permission View: %s
[2026-02-01T13:01:32.961+0000] {logging_mixin.py:151} INFO - [2026-02-01T13:01:32.961+0000] {dag.py:2941} INFO - Sync 1 DAGs
[2026-02-01T13:01:32.985+0000] {logging_mixin.py:151} INFO - [2026-02-01T13:01:32.985+0000] {dag.py:2963} INFO - Creating ORM DAG for financial_full_pipeline
[2026-02-01T13:01:33.001+0000] {logging_mixin.py:151} INFO - [2026-02-01T13:01:33.000+0000] {dag.py:3722} INFO - Setting next_dagrun for financial_full_pipeline to 2026-01-31T00:00:00+00:00, run_after=2026-02-01T00:00:00+00:00
[2026-02-01T13:01:33.040+0000] {processor.py:179} INFO - Processing /opt/airflow/dags/financial_DWH.py took 0.409 seconds
[2026-02-01T13:02:03.551+0000] {processor.py:157} INFO - Started process (PID=220) to work on /opt/airflow/dags/financial_DWH.py
[2026-02-01T13:02:03.553+0000] {processor.py:829} INFO - Processing file /opt/airflow/dags/financial_DWH.py for tasks to queue
[2026-02-01T13:02:03.554+0000] {logging_mixin.py:151} INFO - [2026-02-01T13:02:03.554+0000] {dagbag.py:536} INFO - Filling up the DagBag from /opt/airflow/dags/financial_DWH.py
[2026-02-01T13:02:03.579+0000] {processor.py:839} INFO - DAG(s) dict_keys(['financial_full_pipeline']) retrieved from /opt/airflow/dags/financial_DWH.py
[2026-02-01T13:02:03.628+0000] {logging_mixin.py:151} INFO - [2026-02-01T13:02:03.628+0000] {dag.py:2941} INFO - Sync 1 DAGs
[2026-02-01T13:02:03.662+0000] {logging_mixin.py:151} INFO - [2026-02-01T13:02:03.662+0000] {dag.py:3722} INFO - Setting next_dagrun for financial_full_pipeline to 2026-01-31T00:00:00+00:00, run_after=2026-02-01T00:00:00+00:00
[2026-02-01T13:02:03.692+0000] {processor.py:179} INFO - Processing /opt/airflow/dags/financial_DWH.py took 0.147 seconds
[2026-02-01T13:02:34.589+0000] {processor.py:157} INFO - Started process (PID=227) to work on /opt/airflow/dags/financial_DWH.py
[2026-02-01T13:02:34.591+0000] {processor.py:829} INFO - Processing file /opt/airflow/dags/financial_DWH.py for tasks to queue
[2026-02-01T13:02:34.593+0000] {logging_mixin.py:151} INFO - [2026-02-01T13:02:34.592+0000] {dagbag.py:536} INFO - Filling up the DagBag from /opt/airflow/dags/financial_DWH.py
[2026-02-01T13:02:34.618+0000] {processor.py:839} INFO - DAG(s) dict_keys(['financial_full_pipeline']) retrieved from /opt/airflow/dags/financial_DWH.py
[2026-02-01T13:02:34.662+0000] {logging_mixin.py:151} INFO - [2026-02-01T13:02:34.662+0000] {dag.py:2941} INFO - Sync 1 DAGs
[2026-02-01T13:02:34.697+0000] {logging_mixin.py:151} INFO - [2026-02-01T13:02:34.697+0000] {dag.py:3722} INFO - Setting next_dagrun for financial_full_pipeline to 2026-01-31T00:00:00+00:00, run_after=2026-02-01T00:00:00+00:00
[2026-02-01T13:02:34.723+0000] {processor.py:179} INFO - Processing /opt/airflow/dags/financial_DWH.py took 0.142 seconds
[2026-02-01T13:03:04.787+0000] {processor.py:157} INFO - Started process (PID=239) to work on /opt/airflow/dags/financial_DWH.py
[2026-02-01T13:03:04.792+0000] {processor.py:829} INFO - Processing file /opt/airflow/dags/financial_DWH.py for tasks to queue
[2026-02-01T13:03:04.798+0000] {logging_mixin.py:151} INFO - [2026-02-01T13:03:04.795+0000] {dagbag.py:536} INFO - Filling up the DagBag from /opt/airflow/dags/financial_DWH.py
[2026-02-01T13:03:04.840+0000] {processor.py:839} INFO - DAG(s) dict_keys(['financial_full_pipeline']) retrieved from /opt/airflow/dags/financial_DWH.py
[2026-02-01T13:03:04.962+0000] {logging_mixin.py:151} INFO - [2026-02-01T13:03:04.962+0000] {dag.py:2941} INFO - Sync 1 DAGs
[2026-02-01T13:03:05.032+0000] {logging_mixin.py:151} INFO - [2026-02-01T13:03:05.031+0000] {dag.py:3722} INFO - Setting next_dagrun for financial_full_pipeline to 2026-01-31T00:00:00+00:00, run_after=2026-02-01T00:00:00+00:00
[2026-02-01T13:03:05.078+0000] {processor.py:179} INFO - Processing /opt/airflow/dags/financial_DWH.py took 0.307 seconds
[2026-02-01T13:03:35.221+0000] {processor.py:157} INFO - Started process (PID=244) to work on /opt/airflow/dags/financial_DWH.py
[2026-02-01T13:03:35.223+0000] {processor.py:829} INFO - Processing file /opt/airflow/dags/financial_DWH.py for tasks to queue
[2026-02-01T13:03:35.225+0000] {logging_mixin.py:151} INFO - [2026-02-01T13:03:35.224+0000] {dagbag.py:536} INFO - Filling up the DagBag from /opt/airflow/dags/financial_DWH.py
[2026-02-01T13:03:35.248+0000] {processor.py:839} INFO - DAG(s) dict_keys(['financial_full_pipeline']) retrieved from /opt/airflow/dags/financial_DWH.py
[2026-02-01T13:03:35.304+0000] {logging_mixin.py:151} INFO - [2026-02-01T13:03:35.304+0000] {dag.py:2941} INFO - Sync 1 DAGs
[2026-02-01T13:03:35.340+0000] {logging_mixin.py:151} INFO - [2026-02-01T13:03:35.340+0000] {dag.py:3722} INFO - Setting next_dagrun for financial_full_pipeline to 2026-01-31T00:00:00+00:00, run_after=2026-02-01T00:00:00+00:00
[2026-02-01T13:03:35.368+0000] {processor.py:179} INFO - Processing /opt/airflow/dags/financial_DWH.py took 0.152 seconds
[2026-02-01T13:04:05.421+0000] {processor.py:157} INFO - Started process (PID=296) to work on /opt/airflow/dags/financial_DWH.py
[2026-02-01T13:04:07.182+0000] {processor.py:829} INFO - Processing file /opt/airflow/dags/financial_DWH.py for tasks to queue
[2026-02-01T13:04:07.184+0000] {logging_mixin.py:151} INFO - [2026-02-01T13:04:07.183+0000] {dagbag.py:536} INFO - Filling up the DagBag from /opt/airflow/dags/financial_DWH.py
[2026-02-01T13:04:07.277+0000] {processor.py:839} INFO - DAG(s) dict_keys(['financial_full_pipeline']) retrieved from /opt/airflow/dags/financial_DWH.py
[2026-02-01T13:04:07.432+0000] {logging_mixin.py:151} INFO - [2026-02-01T13:04:07.432+0000] {dag.py:2941} INFO - Sync 1 DAGs
[2026-02-01T13:04:07.549+0000] {logging_mixin.py:151} INFO - [2026-02-01T13:04:07.540+0000] {dag.py:3722} INFO - Setting next_dagrun for financial_full_pipeline to 2026-02-01T00:00:00+00:00, run_after=2026-02-02T00:00:00+00:00
[2026-02-01T13:04:07.639+0000] {processor.py:179} INFO - Processing /opt/airflow/dags/financial_DWH.py took 2.225 seconds
[2026-02-01T13:04:37.767+0000] {processor.py:157} INFO - Started process (PID=301) to work on /opt/airflow/dags/financial_DWH.py
[2026-02-01T13:04:43.915+0000] {processor.py:829} INFO - Processing file /opt/airflow/dags/financial_DWH.py for tasks to queue
[2026-02-01T13:04:43.917+0000] {logging_mixin.py:151} INFO - [2026-02-01T13:04:43.916+0000] {dagbag.py:536} INFO - Filling up the DagBag from /opt/airflow/dags/financial_DWH.py
[2026-02-01T13:04:43.955+0000] {processor.py:839} INFO - DAG(s) dict_keys(['financial_full_pipeline']) retrieved from /opt/airflow/dags/financial_DWH.py
[2026-02-01T13:04:44.061+0000] {logging_mixin.py:151} INFO - [2026-02-01T13:04:44.060+0000] {dag.py:2941} INFO - Sync 1 DAGs
[2026-02-01T13:04:44.163+0000] {logging_mixin.py:151} INFO - [2026-02-01T13:04:44.163+0000] {dag.py:3722} INFO - Setting next_dagrun for financial_full_pipeline to 2026-02-01T00:00:00+00:00, run_after=2026-02-02T00:00:00+00:00
[2026-02-01T13:04:44.271+0000] {processor.py:179} INFO - Processing /opt/airflow/dags/financial_DWH.py took 6.512 seconds
[2026-02-01T13:05:14.449+0000] {processor.py:157} INFO - Started process (PID=312) to work on /opt/airflow/dags/financial_DWH.py
[2026-02-01T13:05:19.233+0000] {processor.py:829} INFO - Processing file /opt/airflow/dags/financial_DWH.py for tasks to queue
[2026-02-01T13:05:19.235+0000] {logging_mixin.py:151} INFO - [2026-02-01T13:05:19.234+0000] {dagbag.py:536} INFO - Filling up the DagBag from /opt/airflow/dags/financial_DWH.py
[2026-02-01T13:05:19.258+0000] {processor.py:839} INFO - DAG(s) dict_keys(['financial_full_pipeline']) retrieved from /opt/airflow/dags/financial_DWH.py
[2026-02-01T13:05:19.300+0000] {logging_mixin.py:151} INFO - [2026-02-01T13:05:19.300+0000] {dag.py:2941} INFO - Sync 1 DAGs
[2026-02-01T13:05:19.756+0000] {logging_mixin.py:151} INFO - [2026-02-01T13:05:19.755+0000] {dag.py:3722} INFO - Setting next_dagrun for financial_full_pipeline to 2026-02-01T00:00:00+00:00, run_after=2026-02-02T00:00:00+00:00
[2026-02-01T13:05:19.823+0000] {processor.py:179} INFO - Processing /opt/airflow/dags/financial_DWH.py took 5.380 seconds
[2026-02-01T13:05:50.355+0000] {processor.py:157} INFO - Started process (PID=317) to work on /opt/airflow/dags/financial_DWH.py
[2026-02-01T13:05:51.703+0000] {processor.py:829} INFO - Processing file /opt/airflow/dags/financial_DWH.py for tasks to queue
[2026-02-01T13:05:51.721+0000] {logging_mixin.py:151} INFO - [2026-02-01T13:05:51.705+0000] {dagbag.py:536} INFO - Filling up the DagBag from /opt/airflow/dags/financial_DWH.py
[2026-02-01T13:05:51.889+0000] {processor.py:839} INFO - DAG(s) dict_keys(['financial_full_pipeline']) retrieved from /opt/airflow/dags/financial_DWH.py
[2026-02-01T13:05:52.054+0000] {logging_mixin.py:151} INFO - [2026-02-01T13:05:52.053+0000] {dag.py:2941} INFO - Sync 1 DAGs
[2026-02-01T13:05:52.112+0000] {logging_mixin.py:151} INFO - [2026-02-01T13:05:52.112+0000] {dag.py:3722} INFO - Setting next_dagrun for financial_full_pipeline to 2026-02-01T00:00:00+00:00, run_after=2026-02-02T00:00:00+00:00
[2026-02-01T13:05:52.149+0000] {processor.py:179} INFO - Processing /opt/airflow/dags/financial_DWH.py took 1.801 seconds
[2026-02-01T13:06:22.349+0000] {processor.py:157} INFO - Started process (PID=368) to work on /opt/airflow/dags/financial_DWH.py
[2026-02-01T13:06:24.192+0000] {processor.py:829} INFO - Processing file /opt/airflow/dags/financial_DWH.py for tasks to queue
[2026-02-01T13:06:24.205+0000] {logging_mixin.py:151} INFO - [2026-02-01T13:06:24.193+0000] {dagbag.py:536} INFO - Filling up the DagBag from /opt/airflow/dags/financial_DWH.py
[2026-02-01T13:06:24.262+0000] {processor.py:839} INFO - DAG(s) dict_keys(['financial_full_pipeline']) retrieved from /opt/airflow/dags/financial_DWH.py
[2026-02-01T13:06:24.313+0000] {logging_mixin.py:151} INFO - [2026-02-01T13:06:24.313+0000] {dag.py:2941} INFO - Sync 1 DAGs
[2026-02-01T13:06:28.882+0000] {logging_mixin.py:151} INFO - [2026-02-01T13:06:28.882+0000] {dag.py:3722} INFO - Setting next_dagrun for financial_full_pipeline to 2026-02-01T00:00:00+00:00, run_after=2026-02-02T00:00:00+00:00
[2026-02-01T13:06:29.212+0000] {processor.py:179} INFO - Processing /opt/airflow/dags/financial_DWH.py took 6.871 seconds
[2026-02-01T13:06:59.816+0000] {processor.py:157} INFO - Started process (PID=373) to work on /opt/airflow/dags/financial_DWH.py
[2026-02-01T13:07:13.777+0000] {processor.py:829} INFO - Processing file /opt/airflow/dags/financial_DWH.py for tasks to queue
[2026-02-01T13:07:13.779+0000] {logging_mixin.py:151} INFO - [2026-02-01T13:07:13.779+0000] {dagbag.py:536} INFO - Filling up the DagBag from /opt/airflow/dags/financial_DWH.py
[2026-02-01T13:07:13.830+0000] {processor.py:839} INFO - DAG(s) dict_keys(['financial_full_pipeline']) retrieved from /opt/airflow/dags/financial_DWH.py
[2026-02-01T13:07:13.934+0000] {logging_mixin.py:151} INFO - [2026-02-01T13:07:13.934+0000] {dag.py:2941} INFO - Sync 1 DAGs
[2026-02-01T13:07:14.000+0000] {logging_mixin.py:151} INFO - [2026-02-01T13:07:14.000+0000] {dag.py:3722} INFO - Setting next_dagrun for financial_full_pipeline to 2026-02-01T00:00:00+00:00, run_after=2026-02-02T00:00:00+00:00
[2026-02-01T13:07:14.401+0000] {processor.py:179} INFO - Processing /opt/airflow/dags/financial_DWH.py took 12.835 seconds
[2026-02-01T13:07:44.624+0000] {processor.py:157} INFO - Started process (PID=378) to work on /opt/airflow/dags/financial_DWH.py
[2026-02-01T13:07:44.656+0000] {processor.py:829} INFO - Processing file /opt/airflow/dags/financial_DWH.py for tasks to queue
[2026-02-01T13:07:44.658+0000] {logging_mixin.py:151} INFO - [2026-02-01T13:07:44.658+0000] {dagbag.py:536} INFO - Filling up the DagBag from /opt/airflow/dags/financial_DWH.py
[2026-02-01T13:07:44.849+0000] {processor.py:839} INFO - DAG(s) dict_keys(['financial_full_pipeline']) retrieved from /opt/airflow/dags/financial_DWH.py
[2026-02-01T13:07:45.830+0000] {logging_mixin.py:151} INFO - [2026-02-01T13:07:45.829+0000] {dag.py:2941} INFO - Sync 1 DAGs
[2026-02-01T13:07:46.282+0000] {logging_mixin.py:151} INFO - [2026-02-01T13:07:46.272+0000] {dag.py:3722} INFO - Setting next_dagrun for financial_full_pipeline to 2026-02-01T00:00:00+00:00, run_after=2026-02-02T00:00:00+00:00
[2026-02-01T13:07:46.578+0000] {processor.py:179} INFO - Processing /opt/airflow/dags/financial_DWH.py took 1.998 seconds
[2026-02-01T13:08:17.682+0000] {processor.py:157} INFO - Started process (PID=422) to work on /opt/airflow/dags/financial_DWH.py
[2026-02-01T13:08:17.684+0000] {processor.py:829} INFO - Processing file /opt/airflow/dags/financial_DWH.py for tasks to queue
[2026-02-01T13:08:17.698+0000] {logging_mixin.py:151} INFO - [2026-02-01T13:08:17.686+0000] {dagbag.py:536} INFO - Filling up the DagBag from /opt/airflow/dags/financial_DWH.py
[2026-02-01T13:08:17.834+0000] {processor.py:839} INFO - DAG(s) dict_keys(['financial_full_pipeline']) retrieved from /opt/airflow/dags/financial_DWH.py
[2026-02-01T13:08:17.942+0000] {logging_mixin.py:151} INFO - [2026-02-01T13:08:17.941+0000] {dag.py:2941} INFO - Sync 1 DAGs
[2026-02-01T13:08:18.063+0000] {logging_mixin.py:151} INFO - [2026-02-01T13:08:18.063+0000] {dag.py:3722} INFO - Setting next_dagrun for financial_full_pipeline to 2026-02-01T00:00:00+00:00, run_after=2026-02-02T00:00:00+00:00
[2026-02-01T13:08:18.177+0000] {processor.py:179} INFO - Processing /opt/airflow/dags/financial_DWH.py took 0.512 seconds
[2026-02-01T13:08:50.714+0000] {processor.py:157} INFO - Started process (PID=427) to work on /opt/airflow/dags/financial_DWH.py
[2026-02-01T13:08:50.746+0000] {processor.py:829} INFO - Processing file /opt/airflow/dags/financial_DWH.py for tasks to queue
[2026-02-01T13:08:50.749+0000] {logging_mixin.py:151} INFO - [2026-02-01T13:08:50.748+0000] {dagbag.py:536} INFO - Filling up the DagBag from /opt/airflow/dags/financial_DWH.py
[2026-02-01T13:08:51.003+0000] {processor.py:839} INFO - DAG(s) dict_keys(['financial_full_pipeline']) retrieved from /opt/airflow/dags/financial_DWH.py
[2026-02-01T13:08:51.230+0000] {logging_mixin.py:151} INFO - [2026-02-01T13:08:51.228+0000] {dag.py:2941} INFO - Sync 1 DAGs
[2026-02-01T13:08:51.379+0000] {logging_mixin.py:151} INFO - [2026-02-01T13:08:51.378+0000] {dag.py:3722} INFO - Setting next_dagrun for financial_full_pipeline to 2026-02-01T00:00:00+00:00, run_after=2026-02-02T00:00:00+00:00
[2026-02-01T13:08:51.488+0000] {processor.py:179} INFO - Processing /opt/airflow/dags/financial_DWH.py took 0.933 seconds
[2026-02-01T13:09:33.347+0000] {processor.py:157} INFO - Started process (PID=432) to work on /opt/airflow/dags/financial_DWH.py
[2026-02-01T13:09:33.663+0000] {processor.py:829} INFO - Processing file /opt/airflow/dags/financial_DWH.py for tasks to queue
[2026-02-01T13:09:33.666+0000] {logging_mixin.py:151} INFO - [2026-02-01T13:09:33.665+0000] {dagbag.py:536} INFO - Filling up the DagBag from /opt/airflow/dags/financial_DWH.py
[2026-02-01T13:09:33.769+0000] {processor.py:839} INFO - DAG(s) dict_keys(['financial_full_pipeline']) retrieved from /opt/airflow/dags/financial_DWH.py
[2026-02-01T13:09:34.010+0000] {logging_mixin.py:151} INFO - [2026-02-01T13:09:34.010+0000] {dag.py:2941} INFO - Sync 1 DAGs
[2026-02-01T13:09:34.172+0000] {logging_mixin.py:151} INFO - [2026-02-01T13:09:34.171+0000] {dag.py:3722} INFO - Setting next_dagrun for financial_full_pipeline to 2026-02-01T00:00:00+00:00, run_after=2026-02-02T00:00:00+00:00
[2026-02-01T13:09:34.289+0000] {processor.py:179} INFO - Processing /opt/airflow/dags/financial_DWH.py took 0.957 seconds
[2026-02-01T13:10:04.708+0000] {processor.py:157} INFO - Started process (PID=437) to work on /opt/airflow/dags/financial_DWH.py
[2026-02-01T13:10:07.609+0000] {processor.py:829} INFO - Processing file /opt/airflow/dags/financial_DWH.py for tasks to queue
[2026-02-01T13:10:07.610+0000] {logging_mixin.py:151} INFO - [2026-02-01T13:10:07.610+0000] {dagbag.py:536} INFO - Filling up the DagBag from /opt/airflow/dags/financial_DWH.py
[2026-02-01T13:10:07.633+0000] {processor.py:839} INFO - DAG(s) dict_keys(['financial_full_pipeline']) retrieved from /opt/airflow/dags/financial_DWH.py
[2026-02-01T13:10:07.685+0000] {logging_mixin.py:151} INFO - [2026-02-01T13:10:07.685+0000] {dag.py:2941} INFO - Sync 1 DAGs
[2026-02-01T13:10:15.165+0000] {logging_mixin.py:151} INFO - [2026-02-01T13:10:15.164+0000] {dag.py:3722} INFO - Setting next_dagrun for financial_full_pipeline to 2026-02-01T00:00:00+00:00, run_after=2026-02-02T00:00:00+00:00
[2026-02-01T13:10:18.161+0000] {processor.py:179} INFO - Processing /opt/airflow/dags/financial_DWH.py took 11.671 seconds
[2026-02-01T13:10:48.400+0000] {processor.py:157} INFO - Started process (PID=442) to work on /opt/airflow/dags/financial_DWH.py
[2026-02-01T13:10:50.270+0000] {processor.py:829} INFO - Processing file /opt/airflow/dags/financial_DWH.py for tasks to queue
[2026-02-01T13:10:50.271+0000] {logging_mixin.py:151} INFO - [2026-02-01T13:10:50.271+0000] {dagbag.py:536} INFO - Filling up the DagBag from /opt/airflow/dags/financial_DWH.py
[2026-02-01T13:10:50.298+0000] {processor.py:839} INFO - DAG(s) dict_keys(['financial_full_pipeline']) retrieved from /opt/airflow/dags/financial_DWH.py
[2026-02-01T13:10:50.351+0000] {logging_mixin.py:151} INFO - [2026-02-01T13:10:50.351+0000] {dag.py:2941} INFO - Sync 1 DAGs
[2026-02-01T13:10:50.763+0000] {logging_mixin.py:151} INFO - [2026-02-01T13:10:50.763+0000] {dag.py:3722} INFO - Setting next_dagrun for financial_full_pipeline to 2026-02-01T00:00:00+00:00, run_after=2026-02-02T00:00:00+00:00
[2026-02-01T13:10:51.032+0000] {processor.py:179} INFO - Processing /opt/airflow/dags/financial_DWH.py took 2.641 seconds
[2026-02-01T13:11:21.095+0000] {processor.py:157} INFO - Started process (PID=447) to work on /opt/airflow/dags/financial_DWH.py
[2026-02-01T13:11:21.097+0000] {processor.py:829} INFO - Processing file /opt/airflow/dags/financial_DWH.py for tasks to queue
[2026-02-01T13:11:21.099+0000] {logging_mixin.py:151} INFO - [2026-02-01T13:11:21.098+0000] {dagbag.py:536} INFO - Filling up the DagBag from /opt/airflow/dags/financial_DWH.py
[2026-02-01T13:11:21.125+0000] {processor.py:839} INFO - DAG(s) dict_keys(['financial_full_pipeline']) retrieved from /opt/airflow/dags/financial_DWH.py
[2026-02-01T13:11:21.178+0000] {logging_mixin.py:151} INFO - [2026-02-01T13:11:21.178+0000] {dag.py:2941} INFO - Sync 1 DAGs
[2026-02-01T13:11:26.804+0000] {logging_mixin.py:151} INFO - [2026-02-01T13:11:26.803+0000] {dag.py:3722} INFO - Setting next_dagrun for financial_full_pipeline to 2026-02-01T00:00:00+00:00, run_after=2026-02-02T00:00:00+00:00
[2026-02-01T13:11:26.964+0000] {processor.py:179} INFO - Processing /opt/airflow/dags/financial_DWH.py took 5.877 seconds
[2026-02-01T13:11:57.463+0000] {processor.py:157} INFO - Started process (PID=452) to work on /opt/airflow/dags/financial_DWH.py
[2026-02-01T13:12:00.142+0000] {processor.py:829} INFO - Processing file /opt/airflow/dags/financial_DWH.py for tasks to queue
[2026-02-01T13:12:04.170+0000] {logging_mixin.py:151} INFO - [2026-02-01T13:12:04.170+0000] {dagbag.py:536} INFO - Filling up the DagBag from /opt/airflow/dags/financial_DWH.py
[2026-02-01T13:12:04.370+0000] {processor.py:839} INFO - DAG(s) dict_keys(['financial_full_pipeline']) retrieved from /opt/airflow/dags/financial_DWH.py
[2026-02-01T13:12:04.769+0000] {logging_mixin.py:151} INFO - [2026-02-01T13:12:04.769+0000] {dag.py:2941} INFO - Sync 1 DAGs
[2026-02-01T13:12:04.968+0000] {logging_mixin.py:151} INFO - [2026-02-01T13:12:04.967+0000] {dag.py:3722} INFO - Setting next_dagrun for financial_full_pipeline to 2026-02-01T00:00:00+00:00, run_after=2026-02-02T00:00:00+00:00
[2026-02-01T13:12:05.429+0000] {processor.py:179} INFO - Processing /opt/airflow/dags/financial_DWH.py took 7.979 seconds
[2026-02-01T13:12:36.026+0000] {processor.py:157} INFO - Started process (PID=457) to work on /opt/airflow/dags/financial_DWH.py
[2026-02-01T13:12:36.037+0000] {processor.py:829} INFO - Processing file /opt/airflow/dags/financial_DWH.py for tasks to queue
[2026-02-01T13:12:36.041+0000] {logging_mixin.py:151} INFO - [2026-02-01T13:12:36.038+0000] {dagbag.py:536} INFO - Filling up the DagBag from /opt/airflow/dags/financial_DWH.py
[2026-02-01T13:12:36.148+0000] {processor.py:839} INFO - DAG(s) dict_keys(['financial_full_pipeline']) retrieved from /opt/airflow/dags/financial_DWH.py
[2026-02-01T13:12:36.331+0000] {logging_mixin.py:151} INFO - [2026-02-01T13:12:36.331+0000] {dag.py:2941} INFO - Sync 1 DAGs
[2026-02-01T13:12:36.686+0000] {logging_mixin.py:151} INFO - [2026-02-01T13:12:36.685+0000] {dag.py:3722} INFO - Setting next_dagrun for financial_full_pipeline to 2026-02-01T00:00:00+00:00, run_after=2026-02-02T00:00:00+00:00
[2026-02-01T13:12:36.773+0000] {processor.py:179} INFO - Processing /opt/airflow/dags/financial_DWH.py took 0.796 seconds
[2026-02-01T13:13:07.136+0000] {processor.py:157} INFO - Started process (PID=462) to work on /opt/airflow/dags/financial_DWH.py
[2026-02-01T13:13:07.137+0000] {processor.py:829} INFO - Processing file /opt/airflow/dags/financial_DWH.py for tasks to queue
[2026-02-01T13:13:07.139+0000] {logging_mixin.py:151} INFO - [2026-02-01T13:13:07.138+0000] {dagbag.py:536} INFO - Filling up the DagBag from /opt/airflow/dags/financial_DWH.py
[2026-02-01T13:13:07.219+0000] {processor.py:839} INFO - DAG(s) dict_keys(['financial_full_pipeline']) retrieved from /opt/airflow/dags/financial_DWH.py
[2026-02-01T13:13:07.327+0000] {logging_mixin.py:151} INFO - [2026-02-01T13:13:07.327+0000] {dag.py:2941} INFO - Sync 1 DAGs
[2026-02-01T13:13:07.455+0000] {logging_mixin.py:151} INFO - [2026-02-01T13:13:07.455+0000] {dag.py:3722} INFO - Setting next_dagrun for financial_full_pipeline to 2026-02-01T00:00:00+00:00, run_after=2026-02-02T00:00:00+00:00
[2026-02-01T13:13:07.572+0000] {processor.py:179} INFO - Processing /opt/airflow/dags/financial_DWH.py took 0.462 seconds
[2026-02-01T13:13:37.765+0000] {processor.py:157} INFO - Started process (PID=470) to work on /opt/airflow/dags/financial_DWH.py
[2026-02-01T13:13:39.395+0000] {processor.py:829} INFO - Processing file /opt/airflow/dags/financial_DWH.py for tasks to queue
[2026-02-01T13:13:39.399+0000] {logging_mixin.py:151} INFO - [2026-02-01T13:13:39.398+0000] {dagbag.py:536} INFO - Filling up the DagBag from /opt/airflow/dags/financial_DWH.py
[2026-02-01T13:13:39.513+0000] {processor.py:839} INFO - DAG(s) dict_keys(['financial_full_pipeline']) retrieved from /opt/airflow/dags/financial_DWH.py
[2026-02-01T13:13:39.659+0000] {logging_mixin.py:151} INFO - [2026-02-01T13:13:39.658+0000] {dag.py:2941} INFO - Sync 1 DAGs
[2026-02-01T13:13:39.818+0000] {logging_mixin.py:151} INFO - [2026-02-01T13:13:39.817+0000] {dag.py:3722} INFO - Setting next_dagrun for financial_full_pipeline to 2026-02-01T00:00:00+00:00, run_after=2026-02-02T00:00:00+00:00
[2026-02-01T13:13:39.929+0000] {processor.py:179} INFO - Processing /opt/airflow/dags/financial_DWH.py took 2.171 seconds
[2026-02-01T13:14:12.248+0000] {processor.py:157} INFO - Started process (PID=475) to work on /opt/airflow/dags/financial_DWH.py
[2026-02-01T13:14:12.250+0000] {processor.py:829} INFO - Processing file /opt/airflow/dags/financial_DWH.py for tasks to queue
[2026-02-01T13:14:12.263+0000] {logging_mixin.py:151} INFO - [2026-02-01T13:14:12.262+0000] {dagbag.py:536} INFO - Filling up the DagBag from /opt/airflow/dags/financial_DWH.py
[2026-02-01T13:14:12.306+0000] {processor.py:839} INFO - DAG(s) dict_keys(['financial_full_pipeline']) retrieved from /opt/airflow/dags/financial_DWH.py
[2026-02-01T13:14:12.370+0000] {logging_mixin.py:151} INFO - [2026-02-01T13:14:12.370+0000] {dag.py:2941} INFO - Sync 1 DAGs
[2026-02-01T13:14:12.413+0000] {logging_mixin.py:151} INFO - [2026-02-01T13:14:12.412+0000] {dag.py:3722} INFO - Setting next_dagrun for financial_full_pipeline to 2026-02-01T00:00:00+00:00, run_after=2026-02-02T00:00:00+00:00
[2026-02-01T13:14:12.453+0000] {processor.py:179} INFO - Processing /opt/airflow/dags/financial_DWH.py took 0.223 seconds
[2026-02-01T13:14:42.972+0000] {processor.py:157} INFO - Started process (PID=480) to work on /opt/airflow/dags/financial_DWH.py
[2026-02-01T13:14:42.974+0000] {processor.py:829} INFO - Processing file /opt/airflow/dags/financial_DWH.py for tasks to queue
[2026-02-01T13:14:42.975+0000] {logging_mixin.py:151} INFO - [2026-02-01T13:14:42.975+0000] {dagbag.py:536} INFO - Filling up the DagBag from /opt/airflow/dags/financial_DWH.py
[2026-02-01T13:14:43.000+0000] {processor.py:839} INFO - DAG(s) dict_keys(['financial_full_pipeline']) retrieved from /opt/airflow/dags/financial_DWH.py
[2026-02-01T13:14:43.047+0000] {logging_mixin.py:151} INFO - [2026-02-01T13:14:43.047+0000] {dag.py:2941} INFO - Sync 1 DAGs
[2026-02-01T13:14:43.085+0000] {logging_mixin.py:151} INFO - [2026-02-01T13:14:43.085+0000] {dag.py:3722} INFO - Setting next_dagrun for financial_full_pipeline to 2026-02-01T00:00:00+00:00, run_after=2026-02-02T00:00:00+00:00
[2026-02-01T13:14:44.762+0000] {processor.py:179} INFO - Processing /opt/airflow/dags/financial_DWH.py took 1.795 seconds
[2026-02-01T13:15:15.494+0000] {processor.py:157} INFO - Started process (PID=485) to work on /opt/airflow/dags/financial_DWH.py
[2026-02-01T13:15:15.496+0000] {processor.py:829} INFO - Processing file /opt/airflow/dags/financial_DWH.py for tasks to queue
[2026-02-01T13:15:15.497+0000] {logging_mixin.py:151} INFO - [2026-02-01T13:15:15.496+0000] {dagbag.py:536} INFO - Filling up the DagBag from /opt/airflow/dags/financial_DWH.py
[2026-02-01T13:15:15.517+0000] {processor.py:839} INFO - DAG(s) dict_keys(['financial_full_pipeline']) retrieved from /opt/airflow/dags/financial_DWH.py
[2026-02-01T13:15:15.566+0000] {logging_mixin.py:151} INFO - [2026-02-01T13:15:15.566+0000] {dag.py:2941} INFO - Sync 1 DAGs
[2026-02-01T13:15:19.915+0000] {logging_mixin.py:151} INFO - [2026-02-01T13:15:19.915+0000] {dag.py:3722} INFO - Setting next_dagrun for financial_full_pipeline to 2026-02-01T00:00:00+00:00, run_after=2026-02-02T00:00:00+00:00
[2026-02-01T13:15:23.836+0000] {processor.py:179} INFO - Processing /opt/airflow/dags/financial_DWH.py took 8.348 seconds
[2026-02-01T13:15:54.427+0000] {processor.py:157} INFO - Started process (PID=490) to work on /opt/airflow/dags/financial_DWH.py
[2026-02-01T13:15:54.428+0000] {processor.py:829} INFO - Processing file /opt/airflow/dags/financial_DWH.py for tasks to queue
[2026-02-01T13:15:54.431+0000] {logging_mixin.py:151} INFO - [2026-02-01T13:15:54.430+0000] {dagbag.py:536} INFO - Filling up the DagBag from /opt/airflow/dags/financial_DWH.py
[2026-02-01T13:15:54.452+0000] {processor.py:839} INFO - DAG(s) dict_keys(['financial_full_pipeline']) retrieved from /opt/airflow/dags/financial_DWH.py
[2026-02-01T13:15:54.493+0000] {logging_mixin.py:151} INFO - [2026-02-01T13:15:54.493+0000] {dag.py:2941} INFO - Sync 1 DAGs
[2026-02-01T13:15:58.347+0000] {logging_mixin.py:151} INFO - [2026-02-01T13:15:58.346+0000] {dag.py:3722} INFO - Setting next_dagrun for financial_full_pipeline to 2026-02-01T00:00:00+00:00, run_after=2026-02-02T00:00:00+00:00
[2026-02-01T13:15:58.523+0000] {processor.py:179} INFO - Processing /opt/airflow/dags/financial_DWH.py took 4.103 seconds
[2026-02-01T13:16:28.994+0000] {processor.py:157} INFO - Started process (PID=498) to work on /opt/airflow/dags/financial_DWH.py
[2026-02-01T13:16:28.998+0000] {processor.py:829} INFO - Processing file /opt/airflow/dags/financial_DWH.py for tasks to queue
[2026-02-01T13:16:29.002+0000] {logging_mixin.py:151} INFO - [2026-02-01T13:16:28.999+0000] {dagbag.py:536} INFO - Filling up the DagBag from /opt/airflow/dags/financial_DWH.py
[2026-02-01T13:16:29.046+0000] {processor.py:839} INFO - DAG(s) dict_keys(['financial_full_pipeline']) retrieved from /opt/airflow/dags/financial_DWH.py
[2026-02-01T13:16:29.127+0000] {logging_mixin.py:151} INFO - [2026-02-01T13:16:29.126+0000] {dag.py:2941} INFO - Sync 1 DAGs
[2026-02-01T13:16:29.207+0000] {logging_mixin.py:151} INFO - [2026-02-01T13:16:29.206+0000] {dag.py:3722} INFO - Setting next_dagrun for financial_full_pipeline to 2026-02-01T00:00:00+00:00, run_after=2026-02-02T00:00:00+00:00
[2026-02-01T13:16:29.286+0000] {processor.py:179} INFO - Processing /opt/airflow/dags/financial_DWH.py took 0.299 seconds
[2026-02-01T13:16:59.995+0000] {processor.py:157} INFO - Started process (PID=503) to work on /opt/airflow/dags/financial_DWH.py
[2026-02-01T13:17:00.005+0000] {processor.py:829} INFO - Processing file /opt/airflow/dags/financial_DWH.py for tasks to queue
[2026-02-01T13:17:00.008+0000] {logging_mixin.py:151} INFO - [2026-02-01T13:17:00.007+0000] {dagbag.py:536} INFO - Filling up the DagBag from /opt/airflow/dags/financial_DWH.py
[2026-02-01T13:17:00.094+0000] {processor.py:839} INFO - DAG(s) dict_keys(['financial_full_pipeline']) retrieved from /opt/airflow/dags/financial_DWH.py
[2026-02-01T13:17:00.217+0000] {logging_mixin.py:151} INFO - [2026-02-01T13:17:00.217+0000] {dag.py:2941} INFO - Sync 1 DAGs
[2026-02-01T13:17:00.326+0000] {logging_mixin.py:151} INFO - [2026-02-01T13:17:00.326+0000] {dag.py:3722} INFO - Setting next_dagrun for financial_full_pipeline to 2026-02-01T00:00:00+00:00, run_after=2026-02-02T00:00:00+00:00
[2026-02-01T13:17:00.419+0000] {processor.py:179} INFO - Processing /opt/airflow/dags/financial_DWH.py took 0.442 seconds
[2026-02-01T13:17:30.944+0000] {processor.py:157} INFO - Started process (PID=508) to work on /opt/airflow/dags/financial_DWH.py
[2026-02-01T13:17:30.954+0000] {processor.py:829} INFO - Processing file /opt/airflow/dags/financial_DWH.py for tasks to queue
[2026-02-01T13:17:30.956+0000] {logging_mixin.py:151} INFO - [2026-02-01T13:17:30.955+0000] {dagbag.py:536} INFO - Filling up the DagBag from /opt/airflow/dags/financial_DWH.py
[2026-02-01T13:17:30.990+0000] {processor.py:839} INFO - DAG(s) dict_keys(['financial_full_pipeline']) retrieved from /opt/airflow/dags/financial_DWH.py
[2026-02-01T13:17:31.074+0000] {logging_mixin.py:151} INFO - [2026-02-01T13:17:31.074+0000] {dag.py:2941} INFO - Sync 1 DAGs
[2026-02-01T13:17:31.145+0000] {logging_mixin.py:151} INFO - [2026-02-01T13:17:31.144+0000] {dag.py:3722} INFO - Setting next_dagrun for financial_full_pipeline to 2026-02-01T00:00:00+00:00, run_after=2026-02-02T00:00:00+00:00
[2026-02-01T13:17:38.352+0000] {processor.py:179} INFO - Processing /opt/airflow/dags/financial_DWH.py took 7.425 seconds
[2026-02-01T13:18:09.137+0000] {processor.py:157} INFO - Started process (PID=513) to work on /opt/airflow/dags/financial_DWH.py
[2026-02-01T13:18:09.140+0000] {processor.py:829} INFO - Processing file /opt/airflow/dags/financial_DWH.py for tasks to queue
[2026-02-01T13:18:09.142+0000] {logging_mixin.py:151} INFO - [2026-02-01T13:18:09.141+0000] {dagbag.py:536} INFO - Filling up the DagBag from /opt/airflow/dags/financial_DWH.py
[2026-02-01T13:18:09.183+0000] {processor.py:839} INFO - DAG(s) dict_keys(['financial_full_pipeline']) retrieved from /opt/airflow/dags/financial_DWH.py
[2026-02-01T13:18:09.274+0000] {logging_mixin.py:151} INFO - [2026-02-01T13:18:09.274+0000] {dag.py:2941} INFO - Sync 1 DAGs
[2026-02-01T13:18:09.372+0000] {logging_mixin.py:151} INFO - [2026-02-01T13:18:09.372+0000] {dag.py:3722} INFO - Setting next_dagrun for financial_full_pipeline to 2026-02-01T00:00:00+00:00, run_after=2026-02-02T00:00:00+00:00
[2026-02-01T13:18:09.419+0000] {processor.py:179} INFO - Processing /opt/airflow/dags/financial_DWH.py took 0.290 seconds
[2026-02-01T13:18:41.080+0000] {processor.py:157} INFO - Started process (PID=524) to work on /opt/airflow/dags/financial_DWH.py
[2026-02-01T13:18:41.082+0000] {processor.py:829} INFO - Processing file /opt/airflow/dags/financial_DWH.py for tasks to queue
[2026-02-01T13:18:41.084+0000] {logging_mixin.py:151} INFO - [2026-02-01T13:18:41.083+0000] {dagbag.py:536} INFO - Filling up the DagBag from /opt/airflow/dags/financial_DWH.py
[2026-02-01T13:18:41.114+0000] {processor.py:839} INFO - DAG(s) dict_keys(['financial_full_pipeline']) retrieved from /opt/airflow/dags/financial_DWH.py
[2026-02-01T13:18:41.177+0000] {logging_mixin.py:151} INFO - [2026-02-01T13:18:41.176+0000] {dag.py:2941} INFO - Sync 1 DAGs
[2026-02-01T13:18:41.218+0000] {logging_mixin.py:151} INFO - [2026-02-01T13:18:41.217+0000] {dag.py:3722} INFO - Setting next_dagrun for financial_full_pipeline to 2026-02-01T00:00:00+00:00, run_after=2026-02-02T00:00:00+00:00
[2026-02-01T13:18:41.256+0000] {processor.py:179} INFO - Processing /opt/airflow/dags/financial_DWH.py took 0.187 seconds
[2026-02-01T13:19:11.435+0000] {processor.py:157} INFO - Started process (PID=529) to work on /opt/airflow/dags/financial_DWH.py
[2026-02-01T13:19:11.437+0000] {processor.py:829} INFO - Processing file /opt/airflow/dags/financial_DWH.py for tasks to queue
[2026-02-01T13:19:11.438+0000] {logging_mixin.py:151} INFO - [2026-02-01T13:19:11.438+0000] {dagbag.py:536} INFO - Filling up the DagBag from /opt/airflow/dags/financial_DWH.py
[2026-02-01T13:19:11.461+0000] {processor.py:839} INFO - DAG(s) dict_keys(['financial_full_pipeline']) retrieved from /opt/airflow/dags/financial_DWH.py
[2026-02-01T13:19:11.509+0000] {logging_mixin.py:151} INFO - [2026-02-01T13:19:11.509+0000] {dag.py:2941} INFO - Sync 1 DAGs
[2026-02-01T13:19:11.550+0000] {logging_mixin.py:151} INFO - [2026-02-01T13:19:11.550+0000] {dag.py:3722} INFO - Setting next_dagrun for financial_full_pipeline to 2026-02-01T00:00:00+00:00, run_after=2026-02-02T00:00:00+00:00
[2026-02-01T13:19:11.581+0000] {processor.py:179} INFO - Processing /opt/airflow/dags/financial_DWH.py took 0.153 seconds
[2026-02-01T13:19:42.160+0000] {processor.py:157} INFO - Started process (PID=534) to work on /opt/airflow/dags/financial_DWH.py
[2026-02-01T13:19:42.162+0000] {processor.py:829} INFO - Processing file /opt/airflow/dags/financial_DWH.py for tasks to queue
[2026-02-01T13:19:42.165+0000] {logging_mixin.py:151} INFO - [2026-02-01T13:19:42.164+0000] {dagbag.py:536} INFO - Filling up the DagBag from /opt/airflow/dags/financial_DWH.py
[2026-02-01T13:19:42.189+0000] {processor.py:839} INFO - DAG(s) dict_keys(['financial_full_pipeline']) retrieved from /opt/airflow/dags/financial_DWH.py
[2026-02-01T13:19:42.228+0000] {logging_mixin.py:151} INFO - [2026-02-01T13:19:42.227+0000] {dag.py:2941} INFO - Sync 1 DAGs
[2026-02-01T13:19:42.266+0000] {logging_mixin.py:151} INFO - [2026-02-01T13:19:42.266+0000] {dag.py:3722} INFO - Setting next_dagrun for financial_full_pipeline to 2026-02-01T00:00:00+00:00, run_after=2026-02-02T00:00:00+00:00
[2026-02-01T13:19:42.297+0000] {processor.py:179} INFO - Processing /opt/airflow/dags/financial_DWH.py took 0.146 seconds
[2026-02-01T13:20:13.117+0000] {processor.py:157} INFO - Started process (PID=539) to work on /opt/airflow/dags/financial_DWH.py
[2026-02-01T13:20:17.483+0000] {processor.py:829} INFO - Processing file /opt/airflow/dags/financial_DWH.py for tasks to queue
[2026-02-01T13:20:17.485+0000] {logging_mixin.py:151} INFO - [2026-02-01T13:20:17.484+0000] {dagbag.py:536} INFO - Filling up the DagBag from /opt/airflow/dags/financial_DWH.py
[2026-02-01T13:20:17.551+0000] {processor.py:839} INFO - DAG(s) dict_keys(['financial_full_pipeline']) retrieved from /opt/airflow/dags/financial_DWH.py
[2026-02-01T13:20:17.673+0000] {logging_mixin.py:151} INFO - [2026-02-01T13:20:17.672+0000] {dag.py:2941} INFO - Sync 1 DAGs
[2026-02-01T13:20:17.742+0000] {logging_mixin.py:151} INFO - [2026-02-01T13:20:17.742+0000] {dag.py:3722} INFO - Setting next_dagrun for financial_full_pipeline to 2026-02-01T00:00:00+00:00, run_after=2026-02-02T00:00:00+00:00
[2026-02-01T13:20:17.792+0000] {processor.py:179} INFO - Processing /opt/airflow/dags/financial_DWH.py took 4.680 seconds
[2026-02-01T13:20:48.000+0000] {processor.py:157} INFO - Started process (PID=544) to work on /opt/airflow/dags/financial_DWH.py
[2026-02-01T13:20:48.004+0000] {processor.py:829} INFO - Processing file /opt/airflow/dags/financial_DWH.py for tasks to queue
[2026-02-01T13:20:48.007+0000] {logging_mixin.py:151} INFO - [2026-02-01T13:20:48.006+0000] {dagbag.py:536} INFO - Filling up the DagBag from /opt/airflow/dags/financial_DWH.py
[2026-02-01T13:20:48.053+0000] {processor.py:839} INFO - DAG(s) dict_keys(['financial_full_pipeline']) retrieved from /opt/airflow/dags/financial_DWH.py
[2026-02-01T13:20:48.137+0000] {logging_mixin.py:151} INFO - [2026-02-01T13:20:48.137+0000] {dag.py:2941} INFO - Sync 1 DAGs
[2026-02-01T13:20:48.213+0000] {logging_mixin.py:151} INFO - [2026-02-01T13:20:48.213+0000] {dag.py:3722} INFO - Setting next_dagrun for financial_full_pipeline to 2026-02-01T00:00:00+00:00, run_after=2026-02-02T00:00:00+00:00
[2026-02-01T13:20:48.255+0000] {processor.py:179} INFO - Processing /opt/airflow/dags/financial_DWH.py took 0.263 seconds
[2026-02-01T13:21:18.450+0000] {processor.py:157} INFO - Started process (PID=551) to work on /opt/airflow/dags/financial_DWH.py
[2026-02-01T13:21:18.452+0000] {processor.py:829} INFO - Processing file /opt/airflow/dags/financial_DWH.py for tasks to queue
[2026-02-01T13:21:18.453+0000] {logging_mixin.py:151} INFO - [2026-02-01T13:21:18.452+0000] {dagbag.py:536} INFO - Filling up the DagBag from /opt/airflow/dags/financial_DWH.py
[2026-02-01T13:21:18.646+0000] {processor.py:839} INFO - DAG(s) dict_keys(['financial_full_pipeline']) retrieved from /opt/airflow/dags/financial_DWH.py
[2026-02-01T13:21:18.859+0000] {logging_mixin.py:151} INFO - [2026-02-01T13:21:18.858+0000] {dag.py:2941} INFO - Sync 1 DAGs
[2026-02-01T13:21:19.083+0000] {logging_mixin.py:151} INFO - [2026-02-01T13:21:19.083+0000] {dag.py:3722} INFO - Setting next_dagrun for financial_full_pipeline to 2026-02-01T00:00:00+00:00, run_after=2026-02-02T00:00:00+00:00
[2026-02-01T13:21:19.163+0000] {processor.py:179} INFO - Processing /opt/airflow/dags/financial_DWH.py took 0.728 seconds
[2026-02-01T13:21:49.551+0000] {processor.py:157} INFO - Started process (PID=557) to work on /opt/airflow/dags/financial_DWH.py
[2026-02-01T13:21:49.554+0000] {processor.py:829} INFO - Processing file /opt/airflow/dags/financial_DWH.py for tasks to queue
[2026-02-01T13:21:49.555+0000] {logging_mixin.py:151} INFO - [2026-02-01T13:21:49.555+0000] {dagbag.py:536} INFO - Filling up the DagBag from /opt/airflow/dags/financial_DWH.py
[2026-02-01T13:21:49.583+0000] {processor.py:839} INFO - DAG(s) dict_keys(['financial_full_pipeline']) retrieved from /opt/airflow/dags/financial_DWH.py
[2026-02-01T13:21:49.631+0000] {logging_mixin.py:151} INFO - [2026-02-01T13:21:49.631+0000] {dag.py:2941} INFO - Sync 1 DAGs
[2026-02-01T13:21:49.671+0000] {logging_mixin.py:151} INFO - [2026-02-01T13:21:49.671+0000] {dag.py:3722} INFO - Setting next_dagrun for financial_full_pipeline to 2026-02-01T00:00:00+00:00, run_after=2026-02-02T00:00:00+00:00
[2026-02-01T13:21:49.716+0000] {processor.py:179} INFO - Processing /opt/airflow/dags/financial_DWH.py took 0.179 seconds
[2026-02-01T13:22:20.253+0000] {processor.py:157} INFO - Started process (PID=562) to work on /opt/airflow/dags/financial_DWH.py
[2026-02-01T13:22:20.256+0000] {processor.py:829} INFO - Processing file /opt/airflow/dags/financial_DWH.py for tasks to queue
[2026-02-01T13:22:20.260+0000] {logging_mixin.py:151} INFO - [2026-02-01T13:22:20.259+0000] {dagbag.py:536} INFO - Filling up the DagBag from /opt/airflow/dags/financial_DWH.py
[2026-02-01T13:22:20.287+0000] {processor.py:839} INFO - DAG(s) dict_keys(['financial_full_pipeline']) retrieved from /opt/airflow/dags/financial_DWH.py
[2026-02-01T13:22:20.358+0000] {logging_mixin.py:151} INFO - [2026-02-01T13:22:20.357+0000] {dag.py:2941} INFO - Sync 1 DAGs
[2026-02-01T13:22:20.401+0000] {logging_mixin.py:151} INFO - [2026-02-01T13:22:20.400+0000] {dag.py:3722} INFO - Setting next_dagrun for financial_full_pipeline to 2026-02-01T00:00:00+00:00, run_after=2026-02-02T00:00:00+00:00
[2026-02-01T13:22:20.439+0000] {processor.py:179} INFO - Processing /opt/airflow/dags/financial_DWH.py took 0.192 seconds
[2026-02-01T13:22:51.153+0000] {processor.py:157} INFO - Started process (PID=567) to work on /opt/airflow/dags/financial_DWH.py
[2026-02-01T13:22:54.791+0000] {processor.py:829} INFO - Processing file /opt/airflow/dags/financial_DWH.py for tasks to queue
[2026-02-01T13:22:54.793+0000] {logging_mixin.py:151} INFO - [2026-02-01T13:22:54.792+0000] {dagbag.py:536} INFO - Filling up the DagBag from /opt/airflow/dags/financial_DWH.py
[2026-02-01T13:22:54.853+0000] {processor.py:839} INFO - DAG(s) dict_keys(['financial_full_pipeline']) retrieved from /opt/airflow/dags/financial_DWH.py
[2026-02-01T13:22:54.903+0000] {logging_mixin.py:151} INFO - [2026-02-01T13:22:54.902+0000] {dag.py:2941} INFO - Sync 1 DAGs
[2026-02-01T13:22:54.936+0000] {logging_mixin.py:151} INFO - [2026-02-01T13:22:54.936+0000] {dag.py:3722} INFO - Setting next_dagrun for financial_full_pipeline to 2026-02-01T00:00:00+00:00, run_after=2026-02-02T00:00:00+00:00
[2026-02-01T13:22:54.966+0000] {processor.py:179} INFO - Processing /opt/airflow/dags/financial_DWH.py took 3.819 seconds
[2026-02-01T13:23:25.699+0000] {processor.py:157} INFO - Started process (PID=572) to work on /opt/airflow/dags/financial_DWH.py
[2026-02-01T13:23:25.704+0000] {processor.py:829} INFO - Processing file /opt/airflow/dags/financial_DWH.py for tasks to queue
[2026-02-01T13:23:25.706+0000] {logging_mixin.py:151} INFO - [2026-02-01T13:23:25.705+0000] {dagbag.py:536} INFO - Filling up the DagBag from /opt/airflow/dags/financial_DWH.py
[2026-02-01T13:23:25.733+0000] {processor.py:839} INFO - DAG(s) dict_keys(['financial_full_pipeline']) retrieved from /opt/airflow/dags/financial_DWH.py
[2026-02-01T13:23:25.788+0000] {logging_mixin.py:151} INFO - [2026-02-01T13:23:25.788+0000] {dag.py:2941} INFO - Sync 1 DAGs
[2026-02-01T13:23:25.822+0000] {logging_mixin.py:151} INFO - [2026-02-01T13:23:25.821+0000] {dag.py:3722} INFO - Setting next_dagrun for financial_full_pipeline to 2026-02-01T00:00:00+00:00, run_after=2026-02-02T00:00:00+00:00
[2026-02-01T13:23:25.851+0000] {processor.py:179} INFO - Processing /opt/airflow/dags/financial_DWH.py took 0.160 seconds
[2026-02-01T13:23:56.602+0000] {processor.py:157} INFO - Started process (PID=580) to work on /opt/airflow/dags/financial_DWH.py
[2026-02-01T13:23:56.604+0000] {processor.py:829} INFO - Processing file /opt/airflow/dags/financial_DWH.py for tasks to queue
[2026-02-01T13:23:56.605+0000] {logging_mixin.py:151} INFO - [2026-02-01T13:23:56.605+0000] {dagbag.py:536} INFO - Filling up the DagBag from /opt/airflow/dags/financial_DWH.py
[2026-02-01T13:23:56.628+0000] {processor.py:839} INFO - DAG(s) dict_keys(['financial_full_pipeline']) retrieved from /opt/airflow/dags/financial_DWH.py
[2026-02-01T13:23:56.672+0000] {logging_mixin.py:151} INFO - [2026-02-01T13:23:56.672+0000] {dag.py:2941} INFO - Sync 1 DAGs
[2026-02-01T13:23:56.722+0000] {logging_mixin.py:151} INFO - [2026-02-01T13:23:56.721+0000] {dag.py:3722} INFO - Setting next_dagrun for financial_full_pipeline to 2026-02-01T00:00:00+00:00, run_after=2026-02-02T00:00:00+00:00
[2026-02-01T13:23:56.752+0000] {processor.py:179} INFO - Processing /opt/airflow/dags/financial_DWH.py took 0.155 seconds
[2026-02-01T13:24:27.317+0000] {processor.py:157} INFO - Started process (PID=585) to work on /opt/airflow/dags/financial_DWH.py
[2026-02-01T13:24:27.320+0000] {processor.py:829} INFO - Processing file /opt/airflow/dags/financial_DWH.py for tasks to queue
[2026-02-01T13:24:27.321+0000] {logging_mixin.py:151} INFO - [2026-02-01T13:24:27.321+0000] {dagbag.py:536} INFO - Filling up the DagBag from /opt/airflow/dags/financial_DWH.py
[2026-02-01T13:24:27.342+0000] {processor.py:839} INFO - DAG(s) dict_keys(['financial_full_pipeline']) retrieved from /opt/airflow/dags/financial_DWH.py
[2026-02-01T13:24:27.382+0000] {logging_mixin.py:151} INFO - [2026-02-01T13:24:27.382+0000] {dag.py:2941} INFO - Sync 1 DAGs
[2026-02-01T13:24:27.417+0000] {logging_mixin.py:151} INFO - [2026-02-01T13:24:27.417+0000] {dag.py:3722} INFO - Setting next_dagrun for financial_full_pipeline to 2026-02-01T00:00:00+00:00, run_after=2026-02-02T00:00:00+00:00
[2026-02-01T13:24:27.448+0000] {processor.py:179} INFO - Processing /opt/airflow/dags/financial_DWH.py took 0.136 seconds
[2026-02-01T13:24:58.252+0000] {processor.py:157} INFO - Started process (PID=590) to work on /opt/airflow/dags/financial_DWH.py
[2026-02-01T13:24:58.253+0000] {processor.py:829} INFO - Processing file /opt/airflow/dags/financial_DWH.py for tasks to queue
[2026-02-01T13:24:58.264+0000] {logging_mixin.py:151} INFO - [2026-02-01T13:24:58.264+0000] {dagbag.py:536} INFO - Filling up the DagBag from /opt/airflow/dags/financial_DWH.py
[2026-02-01T13:24:58.346+0000] {processor.py:839} INFO - DAG(s) dict_keys(['financial_full_pipeline']) retrieved from /opt/airflow/dags/financial_DWH.py
[2026-02-01T13:24:58.435+0000] {logging_mixin.py:151} INFO - [2026-02-01T13:24:58.434+0000] {dag.py:2941} INFO - Sync 1 DAGs
[2026-02-01T13:24:58.521+0000] {logging_mixin.py:151} INFO - [2026-02-01T13:24:58.521+0000] {dag.py:3722} INFO - Setting next_dagrun for financial_full_pipeline to 2026-02-01T00:00:00+00:00, run_after=2026-02-02T00:00:00+00:00
[2026-02-01T13:24:58.584+0000] {processor.py:179} INFO - Processing /opt/airflow/dags/financial_DWH.py took 0.364 seconds
[2026-02-01T13:25:28.647+0000] {processor.py:157} INFO - Started process (PID=595) to work on /opt/airflow/dags/financial_DWH.py
[2026-02-01T13:25:28.650+0000] {processor.py:829} INFO - Processing file /opt/airflow/dags/financial_DWH.py for tasks to queue
[2026-02-01T13:25:28.651+0000] {logging_mixin.py:151} INFO - [2026-02-01T13:25:28.650+0000] {dagbag.py:536} INFO - Filling up the DagBag from /opt/airflow/dags/financial_DWH.py
[2026-02-01T13:25:28.673+0000] {processor.py:839} INFO - DAG(s) dict_keys(['financial_full_pipeline']) retrieved from /opt/airflow/dags/financial_DWH.py
[2026-02-01T13:25:28.724+0000] {logging_mixin.py:151} INFO - [2026-02-01T13:25:28.724+0000] {dag.py:2941} INFO - Sync 1 DAGs
[2026-02-01T13:25:28.788+0000] {logging_mixin.py:151} INFO - [2026-02-01T13:25:28.787+0000] {dag.py:3722} INFO - Setting next_dagrun for financial_full_pipeline to 2026-02-01T00:00:00+00:00, run_after=2026-02-02T00:00:00+00:00
[2026-02-01T13:25:28.818+0000] {processor.py:179} INFO - Processing /opt/airflow/dags/financial_DWH.py took 0.176 seconds
[2026-02-01T13:25:59.449+0000] {processor.py:157} INFO - Started process (PID=600) to work on /opt/airflow/dags/financial_DWH.py
[2026-02-01T13:25:59.451+0000] {processor.py:829} INFO - Processing file /opt/airflow/dags/financial_DWH.py for tasks to queue
[2026-02-01T13:25:59.452+0000] {logging_mixin.py:151} INFO - [2026-02-01T13:25:59.452+0000] {dagbag.py:536} INFO - Filling up the DagBag from /opt/airflow/dags/financial_DWH.py
[2026-02-01T13:25:59.488+0000] {processor.py:839} INFO - DAG(s) dict_keys(['financial_full_pipeline']) retrieved from /opt/airflow/dags/financial_DWH.py
[2026-02-01T13:25:59.536+0000] {logging_mixin.py:151} INFO - [2026-02-01T13:25:59.536+0000] {dag.py:2941} INFO - Sync 1 DAGs
[2026-02-01T13:25:59.576+0000] {logging_mixin.py:151} INFO - [2026-02-01T13:25:59.575+0000] {dag.py:3722} INFO - Setting next_dagrun for financial_full_pipeline to 2026-02-01T00:00:00+00:00, run_after=2026-02-02T00:00:00+00:00
[2026-02-01T13:25:59.610+0000] {processor.py:179} INFO - Processing /opt/airflow/dags/financial_DWH.py took 0.168 seconds
[2026-02-01T13:26:18.777+0000] {processor.py:157} INFO - Started process (PID=605) to work on /opt/airflow/dags/financial_DWH.py
[2026-02-01T13:26:18.784+0000] {processor.py:829} INFO - Processing file /opt/airflow/dags/financial_DWH.py for tasks to queue
[2026-02-01T13:26:18.788+0000] {logging_mixin.py:151} INFO - [2026-02-01T13:26:18.787+0000] {dagbag.py:536} INFO - Filling up the DagBag from /opt/airflow/dags/financial_DWH.py
[2026-02-01T13:26:18.832+0000] {processor.py:839} INFO - DAG(s) dict_keys(['financial_full_pipeline']) retrieved from /opt/airflow/dags/financial_DWH.py
[2026-02-01T13:26:19.202+0000] {logging_mixin.py:151} INFO - [2026-02-01T13:26:19.202+0000] {dag.py:2941} INFO - Sync 1 DAGs
[2026-02-01T13:26:19.250+0000] {logging_mixin.py:151} INFO - [2026-02-01T13:26:19.250+0000] {dag.py:3722} INFO - Setting next_dagrun for financial_full_pipeline to 2026-02-01T00:00:00+00:00, run_after=2026-02-02T00:00:00+00:00
[2026-02-01T13:26:19.310+0000] {processor.py:179} INFO - Processing /opt/airflow/dags/financial_DWH.py took 0.552 seconds
[2026-02-01T13:26:22.413+0000] {processor.py:157} INFO - Started process (PID=610) to work on /opt/airflow/dags/financial_DWH.py
[2026-02-01T13:26:22.415+0000] {processor.py:829} INFO - Processing file /opt/airflow/dags/financial_DWH.py for tasks to queue
[2026-02-01T13:26:22.417+0000] {logging_mixin.py:151} INFO - [2026-02-01T13:26:22.416+0000] {dagbag.py:536} INFO - Filling up the DagBag from /opt/airflow/dags/financial_DWH.py
[2026-02-01T13:26:22.485+0000] {processor.py:839} INFO - DAG(s) dict_keys(['financial_full_pipeline']) retrieved from /opt/airflow/dags/financial_DWH.py
[2026-02-01T13:26:22.556+0000] {logging_mixin.py:151} INFO - [2026-02-01T13:26:22.556+0000] {dag.py:2941} INFO - Sync 1 DAGs
[2026-02-01T13:26:22.630+0000] {logging_mixin.py:151} INFO - [2026-02-01T13:26:22.630+0000] {dag.py:3722} INFO - Setting next_dagrun for financial_full_pipeline to 2026-02-01T00:00:00+00:00, run_after=2026-02-02T00:00:00+00:00
[2026-02-01T13:26:22.674+0000] {processor.py:179} INFO - Processing /opt/airflow/dags/financial_DWH.py took 0.278 seconds
[2026-02-01T13:26:26.755+0000] {processor.py:157} INFO - Started process (PID=615) to work on /opt/airflow/dags/financial_DWH.py
[2026-02-01T13:26:26.757+0000] {processor.py:829} INFO - Processing file /opt/airflow/dags/financial_DWH.py for tasks to queue
[2026-02-01T13:26:26.760+0000] {logging_mixin.py:151} INFO - [2026-02-01T13:26:26.759+0000] {dagbag.py:536} INFO - Filling up the DagBag from /opt/airflow/dags/financial_DWH.py
[2026-02-01T13:26:26.807+0000] {processor.py:839} INFO - DAG(s) dict_keys(['financial_full_pipeline']) retrieved from /opt/airflow/dags/financial_DWH.py
[2026-02-01T13:26:26.834+0000] {logging_mixin.py:151} INFO - [2026-02-01T13:26:26.833+0000] {dag.py:2941} INFO - Sync 1 DAGs
[2026-02-01T13:26:26.997+0000] {logging_mixin.py:151} INFO - [2026-02-01T13:26:26.997+0000] {dag.py:3722} INFO - Setting next_dagrun for financial_full_pipeline to 2026-02-01T00:00:00+00:00, run_after=2026-02-02T00:00:00+00:00
[2026-02-01T13:26:27.055+0000] {processor.py:179} INFO - Processing /opt/airflow/dags/financial_DWH.py took 0.311 seconds
[2026-02-01T13:26:57.623+0000] {processor.py:157} INFO - Started process (PID=624) to work on /opt/airflow/dags/financial_DWH.py
[2026-02-01T13:26:57.640+0000] {processor.py:829} INFO - Processing file /opt/airflow/dags/financial_DWH.py for tasks to queue
[2026-02-01T13:26:57.642+0000] {logging_mixin.py:151} INFO - [2026-02-01T13:26:57.641+0000] {dagbag.py:536} INFO - Filling up the DagBag from /opt/airflow/dags/financial_DWH.py
[2026-02-01T13:26:57.700+0000] {processor.py:839} INFO - DAG(s) dict_keys(['financial_full_pipeline']) retrieved from /opt/airflow/dags/financial_DWH.py
[2026-02-01T13:26:58.145+0000] {logging_mixin.py:151} INFO - [2026-02-01T13:26:58.144+0000] {dag.py:2941} INFO - Sync 1 DAGs
[2026-02-01T13:26:58.204+0000] {logging_mixin.py:151} INFO - [2026-02-01T13:26:58.204+0000] {dag.py:3722} INFO - Setting next_dagrun for financial_full_pipeline to 2026-02-01T00:00:00+00:00, run_after=2026-02-02T00:00:00+00:00
[2026-02-01T13:26:58.270+0000] {processor.py:179} INFO - Processing /opt/airflow/dags/financial_DWH.py took 0.674 seconds
[2026-02-01T13:27:28.641+0000] {processor.py:157} INFO - Started process (PID=645) to work on /opt/airflow/dags/financial_DWH.py
[2026-02-01T13:27:28.644+0000] {processor.py:829} INFO - Processing file /opt/airflow/dags/financial_DWH.py for tasks to queue
[2026-02-01T13:27:28.647+0000] {logging_mixin.py:151} INFO - [2026-02-01T13:27:28.646+0000] {dagbag.py:536} INFO - Filling up the DagBag from /opt/airflow/dags/financial_DWH.py
[2026-02-01T13:27:28.730+0000] {processor.py:839} INFO - DAG(s) dict_keys(['financial_full_pipeline']) retrieved from /opt/airflow/dags/financial_DWH.py
[2026-02-01T13:27:28.886+0000] {logging_mixin.py:151} INFO - [2026-02-01T13:27:28.885+0000] {dag.py:2941} INFO - Sync 1 DAGs
[2026-02-01T13:27:29.092+0000] {logging_mixin.py:151} INFO - [2026-02-01T13:27:29.091+0000] {dag.py:3722} INFO - Setting next_dagrun for financial_full_pipeline to 2026-02-01T00:00:00+00:00, run_after=2026-02-02T00:00:00+00:00
[2026-02-01T13:27:29.243+0000] {processor.py:179} INFO - Processing /opt/airflow/dags/financial_DWH.py took 0.616 seconds
[2026-02-01T13:27:59.938+0000] {processor.py:157} INFO - Started process (PID=662) to work on /opt/airflow/dags/financial_DWH.py
[2026-02-01T13:28:02.715+0000] {processor.py:829} INFO - Processing file /opt/airflow/dags/financial_DWH.py for tasks to queue
[2026-02-01T13:28:02.717+0000] {logging_mixin.py:151} INFO - [2026-02-01T13:28:02.716+0000] {dagbag.py:536} INFO - Filling up the DagBag from /opt/airflow/dags/financial_DWH.py
[2026-02-01T13:28:03.172+0000] {processor.py:839} INFO - DAG(s) dict_keys(['financial_full_pipeline']) retrieved from /opt/airflow/dags/financial_DWH.py
[2026-02-01T13:28:03.460+0000] {logging_mixin.py:151} INFO - [2026-02-01T13:28:03.460+0000] {dag.py:2941} INFO - Sync 1 DAGs
[2026-02-01T13:28:03.639+0000] {logging_mixin.py:151} INFO - [2026-02-01T13:28:03.638+0000] {dag.py:3722} INFO - Setting next_dagrun for financial_full_pipeline to 2026-02-01T00:00:00+00:00, run_after=2026-02-02T00:00:00+00:00
[2026-02-01T13:28:03.752+0000] {processor.py:179} INFO - Processing /opt/airflow/dags/financial_DWH.py took 3.822 seconds
[2026-02-01T13:28:34.066+0000] {processor.py:157} INFO - Started process (PID=667) to work on /opt/airflow/dags/financial_DWH.py
[2026-02-01T13:28:35.571+0000] {processor.py:829} INFO - Processing file /opt/airflow/dags/financial_DWH.py for tasks to queue
[2026-02-01T13:28:35.572+0000] {logging_mixin.py:151} INFO - [2026-02-01T13:28:35.571+0000] {dagbag.py:536} INFO - Filling up the DagBag from /opt/airflow/dags/financial_DWH.py
[2026-02-01T13:28:35.598+0000] {processor.py:839} INFO - DAG(s) dict_keys(['financial_full_pipeline']) retrieved from /opt/airflow/dags/financial_DWH.py
[2026-02-01T13:28:35.664+0000] {logging_mixin.py:151} INFO - [2026-02-01T13:28:35.663+0000] {dag.py:2941} INFO - Sync 1 DAGs
[2026-02-01T13:28:36.556+0000] {logging_mixin.py:151} INFO - [2026-02-01T13:28:36.555+0000] {dag.py:3722} INFO - Setting next_dagrun for financial_full_pipeline to 2026-02-01T00:00:00+00:00, run_after=2026-02-02T00:00:00+00:00
[2026-02-01T13:28:46.374+0000] {processor.py:179} INFO - Processing /opt/airflow/dags/financial_DWH.py took 12.315 seconds
[2026-02-01T13:29:17.231+0000] {processor.py:157} INFO - Started process (PID=672) to work on /opt/airflow/dags/financial_DWH.py
[2026-02-01T13:29:24.961+0000] {processor.py:829} INFO - Processing file /opt/airflow/dags/financial_DWH.py for tasks to queue
[2026-02-01T13:29:24.963+0000] {logging_mixin.py:151} INFO - [2026-02-01T13:29:24.962+0000] {dagbag.py:536} INFO - Filling up the DagBag from /opt/airflow/dags/financial_DWH.py
[2026-02-01T13:29:24.991+0000] {processor.py:839} INFO - DAG(s) dict_keys(['financial_full_pipeline']) retrieved from /opt/airflow/dags/financial_DWH.py
[2026-02-01T13:29:25.155+0000] {logging_mixin.py:151} INFO - [2026-02-01T13:29:25.155+0000] {dag.py:2941} INFO - Sync 1 DAGs
[2026-02-01T13:29:25.298+0000] {logging_mixin.py:151} INFO - [2026-02-01T13:29:25.298+0000] {dag.py:3722} INFO - Setting next_dagrun for financial_full_pipeline to 2026-02-01T00:00:00+00:00, run_after=2026-02-02T00:00:00+00:00
[2026-02-01T13:29:25.422+0000] {processor.py:179} INFO - Processing /opt/airflow/dags/financial_DWH.py took 5.864 seconds
[2026-02-01T13:29:57.056+0000] {processor.py:157} INFO - Started process (PID=677) to work on /opt/airflow/dags/financial_DWH.py
[2026-02-01T13:30:02.998+0000] {processor.py:829} INFO - Processing file /opt/airflow/dags/financial_DWH.py for tasks to queue
[2026-02-01T13:30:02.999+0000] {logging_mixin.py:151} INFO - [2026-02-01T13:30:02.999+0000] {dagbag.py:536} INFO - Filling up the DagBag from /opt/airflow/dags/financial_DWH.py
[2026-02-01T13:30:03.024+0000] {processor.py:839} INFO - DAG(s) dict_keys(['financial_full_pipeline']) retrieved from /opt/airflow/dags/financial_DWH.py
[2026-02-01T13:30:03.139+0000] {logging_mixin.py:151} INFO - [2026-02-01T13:30:03.139+0000] {dag.py:2941} INFO - Sync 1 DAGs
[2026-02-01T13:30:03.253+0000] {logging_mixin.py:151} INFO - [2026-02-01T13:30:03.253+0000] {dag.py:3722} INFO - Setting next_dagrun for financial_full_pipeline to 2026-02-01T00:00:00+00:00, run_after=2026-02-02T00:00:00+00:00
[2026-02-01T13:30:03.302+0000] {processor.py:179} INFO - Processing /opt/airflow/dags/financial_DWH.py took 6.251 seconds
[2026-02-01T13:30:33.385+0000] {processor.py:157} INFO - Started process (PID=682) to work on /opt/airflow/dags/financial_DWH.py
[2026-02-01T13:30:46.812+0000] {processor.py:829} INFO - Processing file /opt/airflow/dags/financial_DWH.py for tasks to queue
[2026-02-01T13:30:46.814+0000] {logging_mixin.py:151} INFO - [2026-02-01T13:30:46.813+0000] {dagbag.py:536} INFO - Filling up the DagBag from /opt/airflow/dags/financial_DWH.py
[2026-02-01T13:30:46.860+0000] {processor.py:839} INFO - DAG(s) dict_keys(['financial_full_pipeline']) retrieved from /opt/airflow/dags/financial_DWH.py
[2026-02-01T13:30:46.937+0000] {logging_mixin.py:151} INFO - [2026-02-01T13:30:46.937+0000] {dag.py:2941} INFO - Sync 1 DAGs
[2026-02-01T13:30:47.759+0000] {logging_mixin.py:151} INFO - [2026-02-01T13:30:47.759+0000] {dag.py:3722} INFO - Setting next_dagrun for financial_full_pipeline to 2026-02-01T00:00:00+00:00, run_after=2026-02-02T00:00:00+00:00
[2026-02-01T13:30:47.956+0000] {processor.py:179} INFO - Processing /opt/airflow/dags/financial_DWH.py took 14.577 seconds
[2026-02-01T13:31:18.375+0000] {processor.py:157} INFO - Started process (PID=687) to work on /opt/airflow/dags/financial_DWH.py
[2026-02-01T13:31:20.811+0000] {processor.py:829} INFO - Processing file /opt/airflow/dags/financial_DWH.py for tasks to queue
[2026-02-01T13:31:20.813+0000] {logging_mixin.py:151} INFO - [2026-02-01T13:31:20.812+0000] {dagbag.py:536} INFO - Filling up the DagBag from /opt/airflow/dags/financial_DWH.py
[2026-02-01T13:31:20.834+0000] {processor.py:839} INFO - DAG(s) dict_keys(['financial_full_pipeline']) retrieved from /opt/airflow/dags/financial_DWH.py
[2026-02-01T13:31:20.875+0000] {logging_mixin.py:151} INFO - [2026-02-01T13:31:20.874+0000] {dag.py:2941} INFO - Sync 1 DAGs
[2026-02-01T13:31:28.475+0000] {logging_mixin.py:151} INFO - [2026-02-01T13:31:28.475+0000] {dag.py:3722} INFO - Setting next_dagrun for financial_full_pipeline to 2026-02-01T00:00:00+00:00, run_after=2026-02-02T00:00:00+00:00
[2026-02-01T13:31:28.725+0000] {processor.py:179} INFO - Processing /opt/airflow/dags/financial_DWH.py took 10.355 seconds
[2026-02-01T13:31:59.359+0000] {processor.py:157} INFO - Started process (PID=692) to work on /opt/airflow/dags/financial_DWH.py
[2026-02-01T13:31:59.362+0000] {processor.py:829} INFO - Processing file /opt/airflow/dags/financial_DWH.py for tasks to queue
[2026-02-01T13:31:59.366+0000] {logging_mixin.py:151} INFO - [2026-02-01T13:31:59.364+0000] {dagbag.py:536} INFO - Filling up the DagBag from /opt/airflow/dags/financial_DWH.py
[2026-02-01T13:31:59.411+0000] {processor.py:839} INFO - DAG(s) dict_keys(['financial_full_pipeline']) retrieved from /opt/airflow/dags/financial_DWH.py
[2026-02-01T13:31:59.469+0000] {logging_mixin.py:151} INFO - [2026-02-01T13:31:59.468+0000] {dag.py:2941} INFO - Sync 1 DAGs
[2026-02-01T13:31:59.528+0000] {logging_mixin.py:151} INFO - [2026-02-01T13:31:59.525+0000] {dag.py:3722} INFO - Setting next_dagrun for financial_full_pipeline to 2026-02-01T00:00:00+00:00, run_after=2026-02-02T00:00:00+00:00
[2026-02-01T13:31:59.626+0000] {processor.py:179} INFO - Processing /opt/airflow/dags/financial_DWH.py took 0.277 seconds
[2026-02-01T13:32:31.835+0000] {processor.py:157} INFO - Started process (PID=697) to work on /opt/airflow/dags/financial_DWH.py
[2026-02-01T13:32:33.125+0000] {processor.py:829} INFO - Processing file /opt/airflow/dags/financial_DWH.py for tasks to queue
[2026-02-01T13:32:33.128+0000] {logging_mixin.py:151} INFO - [2026-02-01T13:32:33.127+0000] {dagbag.py:536} INFO - Filling up the DagBag from /opt/airflow/dags/financial_DWH.py
[2026-02-01T13:32:33.223+0000] {processor.py:839} INFO - DAG(s) dict_keys(['financial_full_pipeline']) retrieved from /opt/airflow/dags/financial_DWH.py
[2026-02-01T13:32:33.397+0000] {logging_mixin.py:151} INFO - [2026-02-01T13:32:33.396+0000] {dag.py:2941} INFO - Sync 1 DAGs
[2026-02-01T13:32:33.498+0000] {logging_mixin.py:151} INFO - [2026-02-01T13:32:33.497+0000] {dag.py:3722} INFO - Setting next_dagrun for financial_full_pipeline to 2026-02-01T00:00:00+00:00, run_after=2026-02-02T00:00:00+00:00
[2026-02-01T13:32:33.569+0000] {processor.py:179} INFO - Processing /opt/airflow/dags/financial_DWH.py took 1.739 seconds
[2026-02-01T13:33:04.353+0000] {processor.py:157} INFO - Started process (PID=702) to work on /opt/airflow/dags/financial_DWH.py
[2026-02-01T13:33:04.359+0000] {processor.py:829} INFO - Processing file /opt/airflow/dags/financial_DWH.py for tasks to queue
[2026-02-01T13:33:04.360+0000] {logging_mixin.py:151} INFO - [2026-02-01T13:33:04.360+0000] {dagbag.py:536} INFO - Filling up the DagBag from /opt/airflow/dags/financial_DWH.py
[2026-02-01T13:33:04.384+0000] {processor.py:839} INFO - DAG(s) dict_keys(['financial_full_pipeline']) retrieved from /opt/airflow/dags/financial_DWH.py
[2026-02-01T13:33:04.433+0000] {logging_mixin.py:151} INFO - [2026-02-01T13:33:04.433+0000] {dag.py:2941} INFO - Sync 1 DAGs
[2026-02-01T13:33:04.477+0000] {logging_mixin.py:151} INFO - [2026-02-01T13:33:04.476+0000] {dag.py:3722} INFO - Setting next_dagrun for financial_full_pipeline to 2026-02-01T00:00:00+00:00, run_after=2026-02-02T00:00:00+00:00
[2026-02-01T13:33:04.508+0000] {processor.py:179} INFO - Processing /opt/airflow/dags/financial_DWH.py took 0.162 seconds
[2026-02-01T13:33:35.420+0000] {processor.py:157} INFO - Started process (PID=707) to work on /opt/airflow/dags/financial_DWH.py
[2026-02-01T13:33:37.087+0000] {processor.py:829} INFO - Processing file /opt/airflow/dags/financial_DWH.py for tasks to queue
[2026-02-01T13:33:37.090+0000] {logging_mixin.py:151} INFO - [2026-02-01T13:33:37.089+0000] {dagbag.py:536} INFO - Filling up the DagBag from /opt/airflow/dags/financial_DWH.py
[2026-02-01T13:33:37.113+0000] {processor.py:839} INFO - DAG(s) dict_keys(['financial_full_pipeline']) retrieved from /opt/airflow/dags/financial_DWH.py
[2026-02-01T13:33:37.162+0000] {logging_mixin.py:151} INFO - [2026-02-01T13:33:37.162+0000] {dag.py:2941} INFO - Sync 1 DAGs
[2026-02-01T13:33:47.012+0000] {logging_mixin.py:151} INFO - [2026-02-01T13:33:47.011+0000] {dag.py:3722} INFO - Setting next_dagrun for financial_full_pipeline to 2026-02-01T00:00:00+00:00, run_after=2026-02-02T00:00:00+00:00
[2026-02-01T13:33:47.164+0000] {processor.py:179} INFO - Processing /opt/airflow/dags/financial_DWH.py took 11.750 seconds
[2026-02-01T13:34:17.490+0000] {processor.py:157} INFO - Started process (PID=712) to work on /opt/airflow/dags/financial_DWH.py
[2026-02-01T13:34:17.537+0000] {processor.py:829} INFO - Processing file /opt/airflow/dags/financial_DWH.py for tasks to queue
[2026-02-01T13:34:17.547+0000] {logging_mixin.py:151} INFO - [2026-02-01T13:34:17.546+0000] {dagbag.py:536} INFO - Filling up the DagBag from /opt/airflow/dags/financial_DWH.py
[2026-02-01T13:34:17.654+0000] {processor.py:839} INFO - DAG(s) dict_keys(['financial_full_pipeline']) retrieved from /opt/airflow/dags/financial_DWH.py
[2026-02-01T13:34:17.832+0000] {logging_mixin.py:151} INFO - [2026-02-01T13:34:17.832+0000] {dag.py:2941} INFO - Sync 1 DAGs
[2026-02-01T13:34:17.904+0000] {logging_mixin.py:151} INFO - [2026-02-01T13:34:17.904+0000] {dag.py:3722} INFO - Setting next_dagrun for financial_full_pipeline to 2026-02-01T00:00:00+00:00, run_after=2026-02-02T00:00:00+00:00
[2026-02-01T13:34:31.024+0000] {processor.py:179} INFO - Processing /opt/airflow/dags/financial_DWH.py took 11.575 seconds
[2026-02-01T13:35:01.283+0000] {processor.py:157} INFO - Started process (PID=717) to work on /opt/airflow/dags/financial_DWH.py
[2026-02-01T13:35:01.287+0000] {processor.py:829} INFO - Processing file /opt/airflow/dags/financial_DWH.py for tasks to queue
[2026-02-01T13:35:01.290+0000] {logging_mixin.py:151} INFO - [2026-02-01T13:35:01.289+0000] {dagbag.py:536} INFO - Filling up the DagBag from /opt/airflow/dags/financial_DWH.py
[2026-02-01T13:35:01.337+0000] {processor.py:839} INFO - DAG(s) dict_keys(['financial_full_pipeline']) retrieved from /opt/airflow/dags/financial_DWH.py
[2026-02-01T13:35:01.426+0000] {logging_mixin.py:151} INFO - [2026-02-01T13:35:01.426+0000] {dag.py:2941} INFO - Sync 1 DAGs
[2026-02-01T13:35:01.494+0000] {logging_mixin.py:151} INFO - [2026-02-01T13:35:01.493+0000] {dag.py:3722} INFO - Setting next_dagrun for financial_full_pipeline to 2026-02-01T00:00:00+00:00, run_after=2026-02-02T00:00:00+00:00
[2026-02-01T13:35:01.539+0000] {processor.py:179} INFO - Processing /opt/airflow/dags/financial_DWH.py took 0.266 seconds
[2026-02-01T13:35:31.687+0000] {processor.py:157} INFO - Started process (PID=722) to work on /opt/airflow/dags/financial_DWH.py
[2026-02-01T13:35:32.757+0000] {processor.py:829} INFO - Processing file /opt/airflow/dags/financial_DWH.py for tasks to queue
[2026-02-01T13:35:32.758+0000] {logging_mixin.py:151} INFO - [2026-02-01T13:35:32.757+0000] {dagbag.py:536} INFO - Filling up the DagBag from /opt/airflow/dags/financial_DWH.py
[2026-02-01T13:35:32.783+0000] {processor.py:839} INFO - DAG(s) dict_keys(['financial_full_pipeline']) retrieved from /opt/airflow/dags/financial_DWH.py
[2026-02-01T13:35:32.825+0000] {logging_mixin.py:151} INFO - [2026-02-01T13:35:32.824+0000] {dag.py:2941} INFO - Sync 1 DAGs
[2026-02-01T13:35:40.228+0000] {logging_mixin.py:151} INFO - [2026-02-01T13:35:40.228+0000] {dag.py:3722} INFO - Setting next_dagrun for financial_full_pipeline to 2026-02-01T00:00:00+00:00, run_after=2026-02-02T00:00:00+00:00
[2026-02-01T13:35:40.304+0000] {processor.py:179} INFO - Processing /opt/airflow/dags/financial_DWH.py took 8.622 seconds
[2026-02-01T13:36:10.563+0000] {processor.py:157} INFO - Started process (PID=727) to work on /opt/airflow/dags/financial_DWH.py
[2026-02-01T13:36:12.697+0000] {processor.py:829} INFO - Processing file /opt/airflow/dags/financial_DWH.py for tasks to queue
[2026-02-01T13:36:12.701+0000] {logging_mixin.py:151} INFO - [2026-02-01T13:36:12.700+0000] {dagbag.py:536} INFO - Filling up the DagBag from /opt/airflow/dags/financial_DWH.py
[2026-02-01T13:36:12.876+0000] {processor.py:839} INFO - DAG(s) dict_keys(['financial_full_pipeline']) retrieved from /opt/airflow/dags/financial_DWH.py
[2026-02-01T13:36:13.062+0000] {logging_mixin.py:151} INFO - [2026-02-01T13:36:13.062+0000] {dag.py:2941} INFO - Sync 1 DAGs
[2026-02-01T13:36:13.175+0000] {logging_mixin.py:151} INFO - [2026-02-01T13:36:13.174+0000] {dag.py:3722} INFO - Setting next_dagrun for financial_full_pipeline to 2026-02-01T00:00:00+00:00, run_after=2026-02-02T00:00:00+00:00
[2026-02-01T13:36:13.237+0000] {processor.py:179} INFO - Processing /opt/airflow/dags/financial_DWH.py took 0.894 seconds
[2026-02-01T13:36:49.193+0000] {processor.py:157} INFO - Started process (PID=732) to work on /opt/airflow/dags/financial_DWH.py
[2026-02-01T13:36:51.037+0000] {processor.py:829} INFO - Processing file /opt/airflow/dags/financial_DWH.py for tasks to queue
[2026-02-01T13:36:51.039+0000] {logging_mixin.py:151} INFO - [2026-02-01T13:36:51.039+0000] {dagbag.py:536} INFO - Filling up the DagBag from /opt/airflow/dags/financial_DWH.py
[2026-02-01T13:36:51.064+0000] {processor.py:839} INFO - DAG(s) dict_keys(['financial_full_pipeline']) retrieved from /opt/airflow/dags/financial_DWH.py
[2026-02-01T13:36:51.116+0000] {logging_mixin.py:151} INFO - [2026-02-01T13:36:51.115+0000] {dag.py:2941} INFO - Sync 1 DAGs
[2026-02-01T13:36:51.618+0000] {logging_mixin.py:151} INFO - [2026-02-01T13:36:51.618+0000] {dag.py:3722} INFO - Setting next_dagrun for financial_full_pipeline to 2026-02-01T00:00:00+00:00, run_after=2026-02-02T00:00:00+00:00
[2026-02-01T13:36:51.740+0000] {processor.py:179} INFO - Processing /opt/airflow/dags/financial_DWH.py took 2.554 seconds
[2026-02-01T13:37:26.824+0000] {processor.py:157} INFO - Started process (PID=737) to work on /opt/airflow/dags/financial_DWH.py
[2026-02-01T13:37:26.838+0000] {processor.py:829} INFO - Processing file /opt/airflow/dags/financial_DWH.py for tasks to queue
[2026-02-01T13:37:26.839+0000] {logging_mixin.py:151} INFO - [2026-02-01T13:37:26.839+0000] {dagbag.py:536} INFO - Filling up the DagBag from /opt/airflow/dags/financial_DWH.py
[2026-02-01T13:37:27.145+0000] {processor.py:839} INFO - DAG(s) dict_keys(['financial_full_pipeline']) retrieved from /opt/airflow/dags/financial_DWH.py
[2026-02-01T13:37:27.307+0000] {logging_mixin.py:151} INFO - [2026-02-01T13:37:27.306+0000] {dag.py:2941} INFO - Sync 1 DAGs
[2026-02-01T13:37:27.468+0000] {logging_mixin.py:151} INFO - [2026-02-01T13:37:27.467+0000] {dag.py:3722} INFO - Setting next_dagrun for financial_full_pipeline to 2026-02-01T00:00:00+00:00, run_after=2026-02-02T00:00:00+00:00
[2026-02-01T13:37:27.583+0000] {processor.py:179} INFO - Processing /opt/airflow/dags/financial_DWH.py took 0.794 seconds
[2026-02-01T13:37:58.287+0000] {processor.py:157} INFO - Started process (PID=742) to work on /opt/airflow/dags/financial_DWH.py
[2026-02-01T13:37:58.530+0000] {processor.py:829} INFO - Processing file /opt/airflow/dags/financial_DWH.py for tasks to queue
[2026-02-01T13:37:58.532+0000] {logging_mixin.py:151} INFO - [2026-02-01T13:37:58.531+0000] {dagbag.py:536} INFO - Filling up the DagBag from /opt/airflow/dags/financial_DWH.py
[2026-02-01T13:37:58.677+0000] {processor.py:839} INFO - DAG(s) dict_keys(['financial_full_pipeline']) retrieved from /opt/airflow/dags/financial_DWH.py
[2026-02-01T13:37:58.898+0000] {logging_mixin.py:151} INFO - [2026-02-01T13:37:58.898+0000] {dag.py:2941} INFO - Sync 1 DAGs
[2026-02-01T13:37:59.103+0000] {logging_mixin.py:151} INFO - [2026-02-01T13:37:59.102+0000] {dag.py:3722} INFO - Setting next_dagrun for financial_full_pipeline to 2026-02-01T00:00:00+00:00, run_after=2026-02-02T00:00:00+00:00
[2026-02-01T13:37:59.214+0000] {processor.py:179} INFO - Processing /opt/airflow/dags/financial_DWH.py took 0.934 seconds
[2026-02-01T13:38:30.031+0000] {processor.py:157} INFO - Started process (PID=747) to work on /opt/airflow/dags/financial_DWH.py
[2026-02-01T13:38:30.870+0000] {processor.py:829} INFO - Processing file /opt/airflow/dags/financial_DWH.py for tasks to queue
[2026-02-01T13:38:30.873+0000] {logging_mixin.py:151} INFO - [2026-02-01T13:38:30.872+0000] {dagbag.py:536} INFO - Filling up the DagBag from /opt/airflow/dags/financial_DWH.py
[2026-02-01T13:38:30.951+0000] {processor.py:839} INFO - DAG(s) dict_keys(['financial_full_pipeline']) retrieved from /opt/airflow/dags/financial_DWH.py
[2026-02-01T13:38:31.151+0000] {logging_mixin.py:151} INFO - [2026-02-01T13:38:31.151+0000] {dag.py:2941} INFO - Sync 1 DAGs
[2026-02-01T13:38:31.332+0000] {logging_mixin.py:151} INFO - [2026-02-01T13:38:31.331+0000] {dag.py:3722} INFO - Setting next_dagrun for financial_full_pipeline to 2026-02-01T00:00:00+00:00, run_after=2026-02-02T00:00:00+00:00
[2026-02-01T13:38:31.438+0000] {processor.py:179} INFO - Processing /opt/airflow/dags/financial_DWH.py took 1.412 seconds
[2026-02-01T13:39:08.337+0000] {processor.py:157} INFO - Started process (PID=752) to work on /opt/airflow/dags/financial_DWH.py
[2026-02-01T13:39:08.372+0000] {processor.py:829} INFO - Processing file /opt/airflow/dags/financial_DWH.py for tasks to queue
[2026-02-01T13:39:08.375+0000] {logging_mixin.py:151} INFO - [2026-02-01T13:39:08.374+0000] {dagbag.py:536} INFO - Filling up the DagBag from /opt/airflow/dags/financial_DWH.py
[2026-02-01T13:39:08.446+0000] {processor.py:839} INFO - DAG(s) dict_keys(['financial_full_pipeline']) retrieved from /opt/airflow/dags/financial_DWH.py
[2026-02-01T13:39:08.556+0000] {logging_mixin.py:151} INFO - [2026-02-01T13:39:08.555+0000] {dag.py:2941} INFO - Sync 1 DAGs
[2026-02-01T13:39:08.629+0000] {logging_mixin.py:151} INFO - [2026-02-01T13:39:08.628+0000] {dag.py:3722} INFO - Setting next_dagrun for financial_full_pipeline to 2026-02-01T00:00:00+00:00, run_after=2026-02-02T00:00:00+00:00
[2026-02-01T13:39:08.670+0000] {processor.py:179} INFO - Processing /opt/airflow/dags/financial_DWH.py took 0.381 seconds
[2026-02-01T13:39:39.108+0000] {processor.py:157} INFO - Started process (PID=757) to work on /opt/airflow/dags/financial_DWH.py
[2026-02-01T13:39:47.438+0000] {processor.py:829} INFO - Processing file /opt/airflow/dags/financial_DWH.py for tasks to queue
[2026-02-01T13:39:47.439+0000] {logging_mixin.py:151} INFO - [2026-02-01T13:39:47.439+0000] {dagbag.py:536} INFO - Filling up the DagBag from /opt/airflow/dags/financial_DWH.py
[2026-02-01T13:39:47.460+0000] {processor.py:839} INFO - DAG(s) dict_keys(['financial_full_pipeline']) retrieved from /opt/airflow/dags/financial_DWH.py
[2026-02-01T13:39:47.506+0000] {logging_mixin.py:151} INFO - [2026-02-01T13:39:47.505+0000] {dag.py:2941} INFO - Sync 1 DAGs
[2026-02-01T13:39:51.372+0000] {logging_mixin.py:151} INFO - [2026-02-01T13:39:51.372+0000] {dag.py:3722} INFO - Setting next_dagrun for financial_full_pipeline to 2026-02-01T00:00:00+00:00, run_after=2026-02-02T00:00:00+00:00
[2026-02-01T13:39:51.796+0000] {processor.py:179} INFO - Processing /opt/airflow/dags/financial_DWH.py took 12.695 seconds
[2026-02-01T13:40:22.373+0000] {processor.py:157} INFO - Started process (PID=762) to work on /opt/airflow/dags/financial_DWH.py
[2026-02-01T13:40:33.077+0000] {processor.py:829} INFO - Processing file /opt/airflow/dags/financial_DWH.py for tasks to queue
[2026-02-01T13:40:33.079+0000] {logging_mixin.py:151} INFO - [2026-02-01T13:40:33.078+0000] {dagbag.py:536} INFO - Filling up the DagBag from /opt/airflow/dags/financial_DWH.py
[2026-02-01T13:40:33.155+0000] {processor.py:839} INFO - DAG(s) dict_keys(['financial_full_pipeline']) retrieved from /opt/airflow/dags/financial_DWH.py
[2026-02-01T13:40:33.341+0000] {logging_mixin.py:151} INFO - [2026-02-01T13:40:33.341+0000] {dag.py:2941} INFO - Sync 1 DAGs
[2026-02-01T13:40:33.435+0000] {logging_mixin.py:151} INFO - [2026-02-01T13:40:33.434+0000] {dag.py:3722} INFO - Setting next_dagrun for financial_full_pipeline to 2026-02-01T00:00:00+00:00, run_after=2026-02-02T00:00:00+00:00
[2026-02-01T13:40:33.684+0000] {processor.py:179} INFO - Processing /opt/airflow/dags/financial_DWH.py took 11.317 seconds
[2026-02-01T13:41:04.210+0000] {processor.py:157} INFO - Started process (PID=767) to work on /opt/airflow/dags/financial_DWH.py
[2026-02-01T13:41:09.241+0000] {processor.py:829} INFO - Processing file /opt/airflow/dags/financial_DWH.py for tasks to queue
[2026-02-01T13:41:09.243+0000] {logging_mixin.py:151} INFO - [2026-02-01T13:41:09.242+0000] {dagbag.py:536} INFO - Filling up the DagBag from /opt/airflow/dags/financial_DWH.py
[2026-02-01T13:41:09.344+0000] {processor.py:839} INFO - DAG(s) dict_keys(['financial_full_pipeline']) retrieved from /opt/airflow/dags/financial_DWH.py
[2026-02-01T13:41:09.515+0000] {logging_mixin.py:151} INFO - [2026-02-01T13:41:09.515+0000] {dag.py:2941} INFO - Sync 1 DAGs
[2026-02-01T13:41:09.626+0000] {logging_mixin.py:151} INFO - [2026-02-01T13:41:09.625+0000] {dag.py:3722} INFO - Setting next_dagrun for financial_full_pipeline to 2026-02-01T00:00:00+00:00, run_after=2026-02-02T00:00:00+00:00
[2026-02-01T13:41:09.724+0000] {processor.py:179} INFO - Processing /opt/airflow/dags/financial_DWH.py took 5.521 seconds
[2026-02-01T13:41:40.376+0000] {processor.py:157} INFO - Started process (PID=772) to work on /opt/airflow/dags/financial_DWH.py
[2026-02-01T13:41:41.096+0000] {processor.py:829} INFO - Processing file /opt/airflow/dags/financial_DWH.py for tasks to queue
[2026-02-01T13:41:41.105+0000] {logging_mixin.py:151} INFO - [2026-02-01T13:41:41.104+0000] {dagbag.py:536} INFO - Filling up the DagBag from /opt/airflow/dags/financial_DWH.py
[2026-02-01T13:41:41.147+0000] {processor.py:839} INFO - DAG(s) dict_keys(['financial_full_pipeline']) retrieved from /opt/airflow/dags/financial_DWH.py
[2026-02-01T13:41:41.212+0000] {logging_mixin.py:151} INFO - [2026-02-01T13:41:41.212+0000] {dag.py:2941} INFO - Sync 1 DAGs
[2026-02-01T13:41:41.272+0000] {logging_mixin.py:151} INFO - [2026-02-01T13:41:41.272+0000] {dag.py:3722} INFO - Setting next_dagrun for financial_full_pipeline to 2026-02-01T00:00:00+00:00, run_after=2026-02-02T00:00:00+00:00
[2026-02-01T13:41:41.403+0000] {processor.py:179} INFO - Processing /opt/airflow/dags/financial_DWH.py took 1.034 seconds
[2026-02-01T13:42:12.341+0000] {processor.py:157} INFO - Started process (PID=777) to work on /opt/airflow/dags/financial_DWH.py
[2026-02-01T13:42:12.466+0000] {processor.py:829} INFO - Processing file /opt/airflow/dags/financial_DWH.py for tasks to queue
[2026-02-01T13:42:12.468+0000] {logging_mixin.py:151} INFO - [2026-02-01T13:42:12.467+0000] {dagbag.py:536} INFO - Filling up the DagBag from /opt/airflow/dags/financial_DWH.py
[2026-02-01T13:42:12.501+0000] {processor.py:839} INFO - DAG(s) dict_keys(['financial_full_pipeline']) retrieved from /opt/airflow/dags/financial_DWH.py
[2026-02-01T13:42:12.561+0000] {logging_mixin.py:151} INFO - [2026-02-01T13:42:12.560+0000] {dag.py:2941} INFO - Sync 1 DAGs
[2026-02-01T13:42:12.625+0000] {logging_mixin.py:151} INFO - [2026-02-01T13:42:12.625+0000] {dag.py:3722} INFO - Setting next_dagrun for financial_full_pipeline to 2026-02-01T00:00:00+00:00, run_after=2026-02-02T00:00:00+00:00
[2026-02-01T13:42:12.754+0000] {processor.py:179} INFO - Processing /opt/airflow/dags/financial_DWH.py took 0.424 seconds
[2026-02-01T13:42:42.952+0000] {processor.py:157} INFO - Started process (PID=782) to work on /opt/airflow/dags/financial_DWH.py
[2026-02-01T13:42:42.954+0000] {processor.py:829} INFO - Processing file /opt/airflow/dags/financial_DWH.py for tasks to queue
[2026-02-01T13:42:42.956+0000] {logging_mixin.py:151} INFO - [2026-02-01T13:42:42.955+0000] {dagbag.py:536} INFO - Filling up the DagBag from /opt/airflow/dags/financial_DWH.py
[2026-02-01T13:42:43.000+0000] {processor.py:839} INFO - DAG(s) dict_keys(['financial_full_pipeline']) retrieved from /opt/airflow/dags/financial_DWH.py
[2026-02-01T13:42:43.169+0000] {logging_mixin.py:151} INFO - [2026-02-01T13:42:43.165+0000] {dag.py:2941} INFO - Sync 1 DAGs
[2026-02-01T13:42:43.280+0000] {logging_mixin.py:151} INFO - [2026-02-01T13:42:43.278+0000] {dag.py:3722} INFO - Setting next_dagrun for financial_full_pipeline to 2026-02-01T00:00:00+00:00, run_after=2026-02-02T00:00:00+00:00
[2026-02-01T13:42:43.379+0000] {processor.py:179} INFO - Processing /opt/airflow/dags/financial_DWH.py took 0.444 seconds
[2026-02-01T13:43:13.624+0000] {processor.py:157} INFO - Started process (PID=787) to work on /opt/airflow/dags/financial_DWH.py
[2026-02-01T13:43:13.781+0000] {processor.py:829} INFO - Processing file /opt/airflow/dags/financial_DWH.py for tasks to queue
[2026-02-01T13:43:13.783+0000] {logging_mixin.py:151} INFO - [2026-02-01T13:43:13.782+0000] {dagbag.py:536} INFO - Filling up the DagBag from /opt/airflow/dags/financial_DWH.py
[2026-02-01T13:43:13.806+0000] {processor.py:839} INFO - DAG(s) dict_keys(['financial_full_pipeline']) retrieved from /opt/airflow/dags/financial_DWH.py
[2026-02-01T13:43:13.846+0000] {logging_mixin.py:151} INFO - [2026-02-01T13:43:13.846+0000] {dag.py:2941} INFO - Sync 1 DAGs
[2026-02-01T13:43:13.881+0000] {logging_mixin.py:151} INFO - [2026-02-01T13:43:13.880+0000] {dag.py:3722} INFO - Setting next_dagrun for financial_full_pipeline to 2026-02-01T00:00:00+00:00, run_after=2026-02-02T00:00:00+00:00
[2026-02-01T13:43:20.248+0000] {processor.py:179} INFO - Processing /opt/airflow/dags/financial_DWH.py took 4.690 seconds
[2026-02-01T13:43:51.062+0000] {processor.py:157} INFO - Started process (PID=792) to work on /opt/airflow/dags/financial_DWH.py
[2026-02-01T13:43:56.757+0000] {processor.py:829} INFO - Processing file /opt/airflow/dags/financial_DWH.py for tasks to queue
[2026-02-01T13:43:56.760+0000] {logging_mixin.py:151} INFO - [2026-02-01T13:43:56.759+0000] {dagbag.py:536} INFO - Filling up the DagBag from /opt/airflow/dags/financial_DWH.py
[2026-02-01T13:43:56.836+0000] {processor.py:839} INFO - DAG(s) dict_keys(['financial_full_pipeline']) retrieved from /opt/airflow/dags/financial_DWH.py
[2026-02-01T13:43:57.043+0000] {logging_mixin.py:151} INFO - [2026-02-01T13:43:57.042+0000] {dag.py:2941} INFO - Sync 1 DAGs
[2026-02-01T13:43:57.123+0000] {logging_mixin.py:151} INFO - [2026-02-01T13:43:57.122+0000] {dag.py:3722} INFO - Setting next_dagrun for financial_full_pipeline to 2026-02-01T00:00:00+00:00, run_after=2026-02-02T00:00:00+00:00
[2026-02-01T13:43:57.235+0000] {processor.py:179} INFO - Processing /opt/airflow/dags/financial_DWH.py took 6.182 seconds
[2026-02-01T13:44:28.076+0000] {processor.py:157} INFO - Started process (PID=797) to work on /opt/airflow/dags/financial_DWH.py
[2026-02-01T13:44:28.082+0000] {processor.py:829} INFO - Processing file /opt/airflow/dags/financial_DWH.py for tasks to queue
[2026-02-01T13:44:28.084+0000] {logging_mixin.py:151} INFO - [2026-02-01T13:44:28.084+0000] {dagbag.py:536} INFO - Filling up the DagBag from /opt/airflow/dags/financial_DWH.py
[2026-02-01T13:44:28.124+0000] {processor.py:839} INFO - DAG(s) dict_keys(['financial_full_pipeline']) retrieved from /opt/airflow/dags/financial_DWH.py
[2026-02-01T13:44:28.197+0000] {logging_mixin.py:151} INFO - [2026-02-01T13:44:28.197+0000] {dag.py:2941} INFO - Sync 1 DAGs
[2026-02-01T13:44:28.259+0000] {logging_mixin.py:151} INFO - [2026-02-01T13:44:28.259+0000] {dag.py:3722} INFO - Setting next_dagrun for financial_full_pipeline to 2026-02-01T00:00:00+00:00, run_after=2026-02-02T00:00:00+00:00
[2026-02-01T13:44:28.307+0000] {processor.py:179} INFO - Processing /opt/airflow/dags/financial_DWH.py took 0.241 seconds
[2026-02-01T13:44:59.247+0000] {processor.py:157} INFO - Started process (PID=802) to work on /opt/airflow/dags/financial_DWH.py
[2026-02-01T13:45:02.834+0000] {processor.py:829} INFO - Processing file /opt/airflow/dags/financial_DWH.py for tasks to queue
[2026-02-01T13:45:02.837+0000] {logging_mixin.py:151} INFO - [2026-02-01T13:45:02.836+0000] {dagbag.py:536} INFO - Filling up the DagBag from /opt/airflow/dags/financial_DWH.py
[2026-02-01T13:45:02.904+0000] {processor.py:839} INFO - DAG(s) dict_keys(['financial_full_pipeline']) retrieved from /opt/airflow/dags/financial_DWH.py
[2026-02-01T13:45:03.023+0000] {logging_mixin.py:151} INFO - [2026-02-01T13:45:03.022+0000] {dag.py:2941} INFO - Sync 1 DAGs
[2026-02-01T13:45:03.218+0000] {logging_mixin.py:151} INFO - [2026-02-01T13:45:03.218+0000] {dag.py:3722} INFO - Setting next_dagrun for financial_full_pipeline to 2026-02-01T00:00:00+00:00, run_after=2026-02-02T00:00:00+00:00
[2026-02-01T13:45:03.670+0000] {processor.py:179} INFO - Processing /opt/airflow/dags/financial_DWH.py took 4.431 seconds
[2026-02-01T13:45:34.062+0000] {processor.py:157} INFO - Started process (PID=807) to work on /opt/airflow/dags/financial_DWH.py
[2026-02-01T13:45:34.063+0000] {processor.py:829} INFO - Processing file /opt/airflow/dags/financial_DWH.py for tasks to queue
[2026-02-01T13:45:34.064+0000] {logging_mixin.py:151} INFO - [2026-02-01T13:45:34.064+0000] {dagbag.py:536} INFO - Filling up the DagBag from /opt/airflow/dags/financial_DWH.py
[2026-02-01T13:45:34.088+0000] {processor.py:839} INFO - DAG(s) dict_keys(['financial_full_pipeline']) retrieved from /opt/airflow/dags/financial_DWH.py
[2026-02-01T13:45:34.142+0000] {logging_mixin.py:151} INFO - [2026-02-01T13:45:34.141+0000] {dag.py:2941} INFO - Sync 1 DAGs
[2026-02-01T13:45:38.645+0000] {logging_mixin.py:151} INFO - [2026-02-01T13:45:38.644+0000] {dag.py:3722} INFO - Setting next_dagrun for financial_full_pipeline to 2026-02-01T00:00:00+00:00, run_after=2026-02-02T00:00:00+00:00
[2026-02-01T13:45:38.815+0000] {processor.py:179} INFO - Processing /opt/airflow/dags/financial_DWH.py took 4.764 seconds
[2026-02-01T13:46:09.404+0000] {processor.py:157} INFO - Started process (PID=812) to work on /opt/airflow/dags/financial_DWH.py
[2026-02-01T13:46:09.406+0000] {processor.py:829} INFO - Processing file /opt/airflow/dags/financial_DWH.py for tasks to queue
[2026-02-01T13:46:09.418+0000] {logging_mixin.py:151} INFO - [2026-02-01T13:46:09.417+0000] {dagbag.py:536} INFO - Filling up the DagBag from /opt/airflow/dags/financial_DWH.py
[2026-02-01T13:46:09.531+0000] {processor.py:839} INFO - DAG(s) dict_keys(['financial_full_pipeline']) retrieved from /opt/airflow/dags/financial_DWH.py
[2026-02-01T13:46:09.680+0000] {logging_mixin.py:151} INFO - [2026-02-01T13:46:09.680+0000] {dag.py:2941} INFO - Sync 1 DAGs
[2026-02-01T13:46:09.837+0000] {logging_mixin.py:151} INFO - [2026-02-01T13:46:09.837+0000] {dag.py:3722} INFO - Setting next_dagrun for financial_full_pipeline to 2026-02-01T00:00:00+00:00, run_after=2026-02-02T00:00:00+00:00
[2026-02-01T13:46:09.948+0000] {processor.py:179} INFO - Processing /opt/airflow/dags/financial_DWH.py took 0.563 seconds
[2026-02-01T13:46:42.421+0000] {processor.py:157} INFO - Started process (PID=817) to work on /opt/airflow/dags/financial_DWH.py
[2026-02-01T13:46:42.428+0000] {processor.py:829} INFO - Processing file /opt/airflow/dags/financial_DWH.py for tasks to queue
[2026-02-01T13:46:42.430+0000] {logging_mixin.py:151} INFO - [2026-02-01T13:46:42.429+0000] {dagbag.py:536} INFO - Filling up the DagBag from /opt/airflow/dags/financial_DWH.py
[2026-02-01T13:46:42.470+0000] {processor.py:839} INFO - DAG(s) dict_keys(['financial_full_pipeline']) retrieved from /opt/airflow/dags/financial_DWH.py
[2026-02-01T13:46:42.555+0000] {logging_mixin.py:151} INFO - [2026-02-01T13:46:42.554+0000] {dag.py:2941} INFO - Sync 1 DAGs
[2026-02-01T13:46:42.629+0000] {logging_mixin.py:151} INFO - [2026-02-01T13:46:42.628+0000] {dag.py:3722} INFO - Setting next_dagrun for financial_full_pipeline to 2026-02-01T00:00:00+00:00, run_after=2026-02-02T00:00:00+00:00
[2026-02-01T13:46:42.670+0000] {processor.py:179} INFO - Processing /opt/airflow/dags/financial_DWH.py took 0.263 seconds
[2026-02-01T13:47:13.465+0000] {processor.py:157} INFO - Started process (PID=822) to work on /opt/airflow/dags/financial_DWH.py
[2026-02-01T13:47:13.467+0000] {processor.py:829} INFO - Processing file /opt/airflow/dags/financial_DWH.py for tasks to queue
[2026-02-01T13:47:13.468+0000] {logging_mixin.py:151} INFO - [2026-02-01T13:47:13.467+0000] {dagbag.py:536} INFO - Filling up the DagBag from /opt/airflow/dags/financial_DWH.py
[2026-02-01T13:47:13.492+0000] {processor.py:839} INFO - DAG(s) dict_keys(['financial_full_pipeline']) retrieved from /opt/airflow/dags/financial_DWH.py
[2026-02-01T13:47:13.543+0000] {logging_mixin.py:151} INFO - [2026-02-01T13:47:13.542+0000] {dag.py:2941} INFO - Sync 1 DAGs
[2026-02-01T13:47:19.903+0000] {logging_mixin.py:151} INFO - [2026-02-01T13:47:19.891+0000] {dag.py:3722} INFO - Setting next_dagrun for financial_full_pipeline to 2026-02-01T00:00:00+00:00, run_after=2026-02-02T00:00:00+00:00
[2026-02-01T13:47:20.087+0000] {processor.py:179} INFO - Processing /opt/airflow/dags/financial_DWH.py took 6.628 seconds
[2026-02-01T13:47:50.380+0000] {processor.py:157} INFO - Started process (PID=827) to work on /opt/airflow/dags/financial_DWH.py
[2026-02-01T13:47:52.194+0000] {processor.py:829} INFO - Processing file /opt/airflow/dags/financial_DWH.py for tasks to queue
[2026-02-01T13:47:52.195+0000] {logging_mixin.py:151} INFO - [2026-02-01T13:47:52.195+0000] {dagbag.py:536} INFO - Filling up the DagBag from /opt/airflow/dags/financial_DWH.py
[2026-02-01T13:47:52.219+0000] {processor.py:839} INFO - DAG(s) dict_keys(['financial_full_pipeline']) retrieved from /opt/airflow/dags/financial_DWH.py
[2026-02-01T13:47:52.262+0000] {logging_mixin.py:151} INFO - [2026-02-01T13:47:52.262+0000] {dag.py:2941} INFO - Sync 1 DAGs
[2026-02-01T13:47:54.014+0000] {logging_mixin.py:151} INFO - [2026-02-01T13:47:54.013+0000] {dag.py:3722} INFO - Setting next_dagrun for financial_full_pipeline to 2026-02-01T00:00:00+00:00, run_after=2026-02-02T00:00:00+00:00
[2026-02-01T13:47:54.075+0000] {processor.py:179} INFO - Processing /opt/airflow/dags/financial_DWH.py took 3.701 seconds
[2026-02-01T13:48:24.177+0000] {processor.py:157} INFO - Started process (PID=832) to work on /opt/airflow/dags/financial_DWH.py
[2026-02-01T13:48:24.181+0000] {processor.py:829} INFO - Processing file /opt/airflow/dags/financial_DWH.py for tasks to queue
[2026-02-01T13:48:24.184+0000] {logging_mixin.py:151} INFO - [2026-02-01T13:48:24.183+0000] {dagbag.py:536} INFO - Filling up the DagBag from /opt/airflow/dags/financial_DWH.py
[2026-02-01T13:48:24.217+0000] {processor.py:839} INFO - DAG(s) dict_keys(['financial_full_pipeline']) retrieved from /opt/airflow/dags/financial_DWH.py
[2026-02-01T13:48:24.264+0000] {logging_mixin.py:151} INFO - [2026-02-01T13:48:24.263+0000] {dag.py:2941} INFO - Sync 1 DAGs
[2026-02-01T13:48:24.309+0000] {logging_mixin.py:151} INFO - [2026-02-01T13:48:24.309+0000] {dag.py:3722} INFO - Setting next_dagrun for financial_full_pipeline to 2026-02-01T00:00:00+00:00, run_after=2026-02-02T00:00:00+00:00
[2026-02-01T13:48:24.347+0000] {processor.py:179} INFO - Processing /opt/airflow/dags/financial_DWH.py took 0.180 seconds
[2026-02-01T13:48:55.158+0000] {processor.py:157} INFO - Started process (PID=837) to work on /opt/airflow/dags/financial_DWH.py
[2026-02-01T13:48:56.689+0000] {processor.py:829} INFO - Processing file /opt/airflow/dags/financial_DWH.py for tasks to queue
[2026-02-01T13:48:56.691+0000] {logging_mixin.py:151} INFO - [2026-02-01T13:48:56.690+0000] {dagbag.py:536} INFO - Filling up the DagBag from /opt/airflow/dags/financial_DWH.py
[2026-02-01T13:48:56.728+0000] {processor.py:839} INFO - DAG(s) dict_keys(['financial_full_pipeline']) retrieved from /opt/airflow/dags/financial_DWH.py
[2026-02-01T13:48:56.801+0000] {logging_mixin.py:151} INFO - [2026-02-01T13:48:56.801+0000] {dag.py:2941} INFO - Sync 1 DAGs
[2026-02-01T13:48:56.849+0000] {logging_mixin.py:151} INFO - [2026-02-01T13:48:56.848+0000] {dag.py:3722} INFO - Setting next_dagrun for financial_full_pipeline to 2026-02-01T00:00:00+00:00, run_after=2026-02-02T00:00:00+00:00
[2026-02-01T13:48:56.881+0000] {processor.py:179} INFO - Processing /opt/airflow/dags/financial_DWH.py took 1.731 seconds
[2026-02-01T13:49:27.067+0000] {processor.py:157} INFO - Started process (PID=842) to work on /opt/airflow/dags/financial_DWH.py
[2026-02-01T13:49:27.068+0000] {processor.py:829} INFO - Processing file /opt/airflow/dags/financial_DWH.py for tasks to queue
[2026-02-01T13:49:27.070+0000] {logging_mixin.py:151} INFO - [2026-02-01T13:49:27.069+0000] {dagbag.py:536} INFO - Filling up the DagBag from /opt/airflow/dags/financial_DWH.py
[2026-02-01T13:49:27.090+0000] {processor.py:839} INFO - DAG(s) dict_keys(['financial_full_pipeline']) retrieved from /opt/airflow/dags/financial_DWH.py
[2026-02-01T13:49:27.132+0000] {logging_mixin.py:151} INFO - [2026-02-01T13:49:27.131+0000] {dag.py:2941} INFO - Sync 1 DAGs
[2026-02-01T13:49:30.074+0000] {logging_mixin.py:151} INFO - [2026-02-01T13:49:30.074+0000] {dag.py:3722} INFO - Setting next_dagrun for financial_full_pipeline to 2026-02-01T00:00:00+00:00, run_after=2026-02-02T00:00:00+00:00
[2026-02-01T13:49:30.161+0000] {processor.py:179} INFO - Processing /opt/airflow/dags/financial_DWH.py took 1.156 seconds
[2026-02-01T13:50:00.231+0000] {processor.py:157} INFO - Started process (PID=847) to work on /opt/airflow/dags/financial_DWH.py
[2026-02-01T13:50:00.233+0000] {processor.py:829} INFO - Processing file /opt/airflow/dags/financial_DWH.py for tasks to queue
[2026-02-01T13:50:02.569+0000] {logging_mixin.py:151} INFO - [2026-02-01T13:50:02.568+0000] {dagbag.py:536} INFO - Filling up the DagBag from /opt/airflow/dags/financial_DWH.py
[2026-02-01T13:50:02.603+0000] {processor.py:839} INFO - DAG(s) dict_keys(['financial_full_pipeline']) retrieved from /opt/airflow/dags/financial_DWH.py
[2026-02-01T13:50:02.645+0000] {logging_mixin.py:151} INFO - [2026-02-01T13:50:02.644+0000] {dag.py:2941} INFO - Sync 1 DAGs
[2026-02-01T13:50:02.743+0000] {logging_mixin.py:151} INFO - [2026-02-01T13:50:02.742+0000] {dag.py:3722} INFO - Setting next_dagrun for financial_full_pipeline to 2026-02-01T00:00:00+00:00, run_after=2026-02-02T00:00:00+00:00
[2026-02-01T13:50:02.789+0000] {processor.py:179} INFO - Processing /opt/airflow/dags/financial_DWH.py took 2.564 seconds
[2026-02-01T13:50:32.990+0000] {processor.py:157} INFO - Started process (PID=852) to work on /opt/airflow/dags/financial_DWH.py
[2026-02-01T13:50:32.995+0000] {processor.py:829} INFO - Processing file /opt/airflow/dags/financial_DWH.py for tasks to queue
[2026-02-01T13:50:32.997+0000] {logging_mixin.py:151} INFO - [2026-02-01T13:50:32.997+0000] {dagbag.py:536} INFO - Filling up the DagBag from /opt/airflow/dags/financial_DWH.py
[2026-02-01T13:50:33.031+0000] {processor.py:839} INFO - DAG(s) dict_keys(['financial_full_pipeline']) retrieved from /opt/airflow/dags/financial_DWH.py
[2026-02-01T13:50:33.084+0000] {logging_mixin.py:151} INFO - [2026-02-01T13:50:33.084+0000] {dag.py:2941} INFO - Sync 1 DAGs
[2026-02-01T13:50:33.129+0000] {logging_mixin.py:151} INFO - [2026-02-01T13:50:33.128+0000] {dag.py:3722} INFO - Setting next_dagrun for financial_full_pipeline to 2026-02-01T00:00:00+00:00, run_after=2026-02-02T00:00:00+00:00
[2026-02-01T13:50:33.172+0000] {processor.py:179} INFO - Processing /opt/airflow/dags/financial_DWH.py took 0.196 seconds
[2026-02-01T13:51:03.381+0000] {processor.py:157} INFO - Started process (PID=857) to work on /opt/airflow/dags/financial_DWH.py
[2026-02-01T13:51:03.382+0000] {processor.py:829} INFO - Processing file /opt/airflow/dags/financial_DWH.py for tasks to queue
[2026-02-01T13:51:03.385+0000] {logging_mixin.py:151} INFO - [2026-02-01T13:51:03.384+0000] {dagbag.py:536} INFO - Filling up the DagBag from /opt/airflow/dags/financial_DWH.py
[2026-02-01T13:51:03.419+0000] {processor.py:839} INFO - DAG(s) dict_keys(['financial_full_pipeline']) retrieved from /opt/airflow/dags/financial_DWH.py
[2026-02-01T13:51:03.470+0000] {logging_mixin.py:151} INFO - [2026-02-01T13:51:03.469+0000] {dag.py:2941} INFO - Sync 1 DAGs
[2026-02-01T13:51:07.766+0000] {logging_mixin.py:151} INFO - [2026-02-01T13:51:07.766+0000] {dag.py:3722} INFO - Setting next_dagrun for financial_full_pipeline to 2026-02-01T00:00:00+00:00, run_after=2026-02-02T00:00:00+00:00
[2026-02-01T13:51:08.066+0000] {processor.py:179} INFO - Processing /opt/airflow/dags/financial_DWH.py took 4.694 seconds
[2026-02-01T13:51:38.526+0000] {processor.py:157} INFO - Started process (PID=862) to work on /opt/airflow/dags/financial_DWH.py
[2026-02-01T13:51:38.529+0000] {processor.py:829} INFO - Processing file /opt/airflow/dags/financial_DWH.py for tasks to queue
[2026-02-01T13:51:38.531+0000] {logging_mixin.py:151} INFO - [2026-02-01T13:51:38.531+0000] {dagbag.py:536} INFO - Filling up the DagBag from /opt/airflow/dags/financial_DWH.py
[2026-02-01T13:51:38.563+0000] {processor.py:839} INFO - DAG(s) dict_keys(['financial_full_pipeline']) retrieved from /opt/airflow/dags/financial_DWH.py
[2026-02-01T13:51:38.620+0000] {logging_mixin.py:151} INFO - [2026-02-01T13:51:38.620+0000] {dag.py:2941} INFO - Sync 1 DAGs
[2026-02-01T13:51:38.669+0000] {logging_mixin.py:151} INFO - [2026-02-01T13:51:38.669+0000] {dag.py:3722} INFO - Setting next_dagrun for financial_full_pipeline to 2026-02-01T00:00:00+00:00, run_after=2026-02-02T00:00:00+00:00
[2026-02-01T13:51:46.814+0000] {processor.py:179} INFO - Processing /opt/airflow/dags/financial_DWH.py took 8.296 seconds
[2026-02-01T13:52:16.870+0000] {processor.py:157} INFO - Started process (PID=867) to work on /opt/airflow/dags/financial_DWH.py
[2026-02-01T13:52:16.871+0000] {processor.py:829} INFO - Processing file /opt/airflow/dags/financial_DWH.py for tasks to queue
[2026-02-01T13:52:16.873+0000] {logging_mixin.py:151} INFO - [2026-02-01T13:52:16.872+0000] {dagbag.py:536} INFO - Filling up the DagBag from /opt/airflow/dags/financial_DWH.py
[2026-02-01T13:52:16.896+0000] {processor.py:839} INFO - DAG(s) dict_keys(['financial_full_pipeline']) retrieved from /opt/airflow/dags/financial_DWH.py
[2026-02-01T13:52:16.937+0000] {logging_mixin.py:151} INFO - [2026-02-01T13:52:16.936+0000] {dag.py:2941} INFO - Sync 1 DAGs
[2026-02-01T13:52:20.882+0000] {logging_mixin.py:151} INFO - [2026-02-01T13:52:20.881+0000] {dag.py:3722} INFO - Setting next_dagrun for financial_full_pipeline to 2026-02-01T00:00:00+00:00, run_after=2026-02-02T00:00:00+00:00
[2026-02-01T13:52:21.009+0000] {processor.py:179} INFO - Processing /opt/airflow/dags/financial_DWH.py took 4.144 seconds
[2026-02-01T13:52:51.225+0000] {processor.py:157} INFO - Started process (PID=872) to work on /opt/airflow/dags/financial_DWH.py
[2026-02-01T13:52:51.247+0000] {processor.py:829} INFO - Processing file /opt/airflow/dags/financial_DWH.py for tasks to queue
[2026-02-01T13:52:51.249+0000] {logging_mixin.py:151} INFO - [2026-02-01T13:52:51.248+0000] {dagbag.py:536} INFO - Filling up the DagBag from /opt/airflow/dags/financial_DWH.py
[2026-02-01T13:52:51.294+0000] {processor.py:839} INFO - DAG(s) dict_keys(['financial_full_pipeline']) retrieved from /opt/airflow/dags/financial_DWH.py
[2026-02-01T13:52:51.398+0000] {logging_mixin.py:151} INFO - [2026-02-01T13:52:51.398+0000] {dag.py:2941} INFO - Sync 1 DAGs
[2026-02-01T13:52:51.476+0000] {logging_mixin.py:151} INFO - [2026-02-01T13:52:51.476+0000] {dag.py:3722} INFO - Setting next_dagrun for financial_full_pipeline to 2026-02-01T00:00:00+00:00, run_after=2026-02-02T00:00:00+00:00
[2026-02-01T13:52:51.706+0000] {processor.py:179} INFO - Processing /opt/airflow/dags/financial_DWH.py took 0.502 seconds
[2026-02-01T13:53:22.683+0000] {processor.py:157} INFO - Started process (PID=877) to work on /opt/airflow/dags/financial_DWH.py
[2026-02-01T13:53:24.334+0000] {processor.py:829} INFO - Processing file /opt/airflow/dags/financial_DWH.py for tasks to queue
[2026-02-01T13:53:24.338+0000] {logging_mixin.py:151} INFO - [2026-02-01T13:53:24.337+0000] {dagbag.py:536} INFO - Filling up the DagBag from /opt/airflow/dags/financial_DWH.py
[2026-02-01T13:53:24.431+0000] {processor.py:839} INFO - DAG(s) dict_keys(['financial_full_pipeline']) retrieved from /opt/airflow/dags/financial_DWH.py
[2026-02-01T13:53:24.602+0000] {logging_mixin.py:151} INFO - [2026-02-01T13:53:24.602+0000] {dag.py:2941} INFO - Sync 1 DAGs
[2026-02-01T13:53:24.723+0000] {logging_mixin.py:151} INFO - [2026-02-01T13:53:24.722+0000] {dag.py:3722} INFO - Setting next_dagrun for financial_full_pipeline to 2026-02-01T00:00:00+00:00, run_after=2026-02-02T00:00:00+00:00
[2026-02-01T13:53:24.823+0000] {processor.py:179} INFO - Processing /opt/airflow/dags/financial_DWH.py took 2.152 seconds
[2026-02-01T13:53:55.891+0000] {processor.py:157} INFO - Started process (PID=882) to work on /opt/airflow/dags/financial_DWH.py
[2026-02-01T13:54:02.719+0000] {processor.py:829} INFO - Processing file /opt/airflow/dags/financial_DWH.py for tasks to queue
[2026-02-01T13:54:02.721+0000] {logging_mixin.py:151} INFO - [2026-02-01T13:54:02.720+0000] {dagbag.py:536} INFO - Filling up the DagBag from /opt/airflow/dags/financial_DWH.py
[2026-02-01T13:54:02.745+0000] {processor.py:839} INFO - DAG(s) dict_keys(['financial_full_pipeline']) retrieved from /opt/airflow/dags/financial_DWH.py
[2026-02-01T13:54:02.786+0000] {logging_mixin.py:151} INFO - [2026-02-01T13:54:02.786+0000] {dag.py:2941} INFO - Sync 1 DAGs
[2026-02-01T13:54:07.821+0000] {logging_mixin.py:151} INFO - [2026-02-01T13:54:07.820+0000] {dag.py:3722} INFO - Setting next_dagrun for financial_full_pipeline to 2026-02-01T00:00:00+00:00, run_after=2026-02-02T00:00:00+00:00
[2026-02-01T13:54:07.938+0000] {processor.py:179} INFO - Processing /opt/airflow/dags/financial_DWH.py took 10.646 seconds
[2026-02-01T13:54:38.123+0000] {processor.py:157} INFO - Started process (PID=887) to work on /opt/airflow/dags/financial_DWH.py
[2026-02-01T13:54:39.487+0000] {processor.py:829} INFO - Processing file /opt/airflow/dags/financial_DWH.py for tasks to queue
[2026-02-01T13:54:39.490+0000] {logging_mixin.py:151} INFO - [2026-02-01T13:54:39.489+0000] {dagbag.py:536} INFO - Filling up the DagBag from /opt/airflow/dags/financial_DWH.py
[2026-02-01T13:54:39.521+0000] {processor.py:839} INFO - DAG(s) dict_keys(['financial_full_pipeline']) retrieved from /opt/airflow/dags/financial_DWH.py
[2026-02-01T13:54:39.571+0000] {logging_mixin.py:151} INFO - [2026-02-01T13:54:39.571+0000] {dag.py:2941} INFO - Sync 1 DAGs
[2026-02-01T13:54:48.466+0000] {logging_mixin.py:151} INFO - [2026-02-01T13:54:48.465+0000] {dag.py:3722} INFO - Setting next_dagrun for financial_full_pipeline to 2026-02-01T00:00:00+00:00, run_after=2026-02-02T00:00:00+00:00
[2026-02-01T13:54:48.675+0000] {processor.py:179} INFO - Processing /opt/airflow/dags/financial_DWH.py took 10.558 seconds
[2026-02-01T13:55:19.590+0000] {processor.py:157} INFO - Started process (PID=892) to work on /opt/airflow/dags/financial_DWH.py
[2026-02-01T13:55:19.607+0000] {processor.py:829} INFO - Processing file /opt/airflow/dags/financial_DWH.py for tasks to queue
[2026-02-01T13:55:19.609+0000] {logging_mixin.py:151} INFO - [2026-02-01T13:55:19.608+0000] {dagbag.py:536} INFO - Filling up the DagBag from /opt/airflow/dags/financial_DWH.py
[2026-02-01T13:55:19.666+0000] {processor.py:839} INFO - DAG(s) dict_keys(['financial_full_pipeline']) retrieved from /opt/airflow/dags/financial_DWH.py
[2026-02-01T13:55:19.788+0000] {logging_mixin.py:151} INFO - [2026-02-01T13:55:19.787+0000] {dag.py:2941} INFO - Sync 1 DAGs
[2026-02-01T13:55:19.890+0000] {logging_mixin.py:151} INFO - [2026-02-01T13:55:19.890+0000] {dag.py:3722} INFO - Setting next_dagrun for financial_full_pipeline to 2026-02-01T00:00:00+00:00, run_after=2026-02-02T00:00:00+00:00
[2026-02-01T13:55:19.948+0000] {processor.py:179} INFO - Processing /opt/airflow/dags/financial_DWH.py took 0.386 seconds
[2026-02-01T13:55:50.287+0000] {processor.py:157} INFO - Started process (PID=897) to work on /opt/airflow/dags/financial_DWH.py
[2026-02-01T13:55:50.289+0000] {processor.py:829} INFO - Processing file /opt/airflow/dags/financial_DWH.py for tasks to queue
[2026-02-01T13:55:50.291+0000] {logging_mixin.py:151} INFO - [2026-02-01T13:55:50.290+0000] {dagbag.py:536} INFO - Filling up the DagBag from /opt/airflow/dags/financial_DWH.py
[2026-02-01T13:55:50.314+0000] {processor.py:839} INFO - DAG(s) dict_keys(['financial_full_pipeline']) retrieved from /opt/airflow/dags/financial_DWH.py
[2026-02-01T13:55:50.362+0000] {logging_mixin.py:151} INFO - [2026-02-01T13:55:50.362+0000] {dag.py:2941} INFO - Sync 1 DAGs
[2026-02-01T13:55:50.400+0000] {logging_mixin.py:151} INFO - [2026-02-01T13:55:50.400+0000] {dag.py:3722} INFO - Setting next_dagrun for financial_full_pipeline to 2026-02-01T00:00:00+00:00, run_after=2026-02-02T00:00:00+00:00
[2026-02-01T13:55:50.432+0000] {processor.py:179} INFO - Processing /opt/airflow/dags/financial_DWH.py took 0.152 seconds
[2026-02-01T13:56:20.987+0000] {processor.py:157} INFO - Started process (PID=902) to work on /opt/airflow/dags/financial_DWH.py
[2026-02-01T13:56:20.989+0000] {processor.py:829} INFO - Processing file /opt/airflow/dags/financial_DWH.py for tasks to queue
[2026-02-01T13:56:20.990+0000] {logging_mixin.py:151} INFO - [2026-02-01T13:56:20.989+0000] {dagbag.py:536} INFO - Filling up the DagBag from /opt/airflow/dags/financial_DWH.py
[2026-02-01T13:56:21.012+0000] {processor.py:839} INFO - DAG(s) dict_keys(['financial_full_pipeline']) retrieved from /opt/airflow/dags/financial_DWH.py
[2026-02-01T13:56:21.056+0000] {logging_mixin.py:151} INFO - [2026-02-01T13:56:21.056+0000] {dag.py:2941} INFO - Sync 1 DAGs
[2026-02-01T13:56:21.102+0000] {logging_mixin.py:151} INFO - [2026-02-01T13:56:21.101+0000] {dag.py:3722} INFO - Setting next_dagrun for financial_full_pipeline to 2026-02-01T00:00:00+00:00, run_after=2026-02-02T00:00:00+00:00
[2026-02-01T13:56:21.140+0000] {processor.py:179} INFO - Processing /opt/airflow/dags/financial_DWH.py took 0.161 seconds
[2026-02-01T13:56:51.557+0000] {processor.py:157} INFO - Started process (PID=912) to work on /opt/airflow/dags/financial_DWH.py
[2026-02-01T13:56:52.890+0000] {processor.py:829} INFO - Processing file /opt/airflow/dags/financial_DWH.py for tasks to queue
[2026-02-01T13:56:52.893+0000] {logging_mixin.py:151} INFO - [2026-02-01T13:56:52.892+0000] {dagbag.py:536} INFO - Filling up the DagBag from /opt/airflow/dags/financial_DWH.py
[2026-02-01T13:56:52.950+0000] {processor.py:839} INFO - DAG(s) dict_keys(['financial_full_pipeline']) retrieved from /opt/airflow/dags/financial_DWH.py
[2026-02-01T13:56:53.029+0000] {logging_mixin.py:151} INFO - [2026-02-01T13:56:53.029+0000] {dag.py:2941} INFO - Sync 1 DAGs
[2026-02-01T13:56:53.067+0000] {logging_mixin.py:151} INFO - [2026-02-01T13:56:53.067+0000] {dag.py:3722} INFO - Setting next_dagrun for financial_full_pipeline to 2026-02-01T00:00:00+00:00, run_after=2026-02-02T00:00:00+00:00
[2026-02-01T13:56:53.095+0000] {processor.py:179} INFO - Processing /opt/airflow/dags/financial_DWH.py took 1.543 seconds
[2026-02-01T13:57:23.367+0000] {processor.py:157} INFO - Started process (PID=917) to work on /opt/airflow/dags/financial_DWH.py
[2026-02-01T13:57:23.370+0000] {processor.py:829} INFO - Processing file /opt/airflow/dags/financial_DWH.py for tasks to queue
[2026-02-01T13:57:23.372+0000] {logging_mixin.py:151} INFO - [2026-02-01T13:57:23.371+0000] {dagbag.py:536} INFO - Filling up the DagBag from /opt/airflow/dags/financial_DWH.py
[2026-02-01T13:57:23.398+0000] {processor.py:839} INFO - DAG(s) dict_keys(['financial_full_pipeline']) retrieved from /opt/airflow/dags/financial_DWH.py
[2026-02-01T13:57:23.459+0000] {logging_mixin.py:151} INFO - [2026-02-01T13:57:23.459+0000] {dag.py:2941} INFO - Sync 1 DAGs
[2026-02-01T13:57:23.495+0000] {logging_mixin.py:151} INFO - [2026-02-01T13:57:23.495+0000] {dag.py:3722} INFO - Setting next_dagrun for financial_full_pipeline to 2026-02-01T00:00:00+00:00, run_after=2026-02-02T00:00:00+00:00
[2026-02-01T13:57:23.543+0000] {processor.py:179} INFO - Processing /opt/airflow/dags/financial_DWH.py took 0.188 seconds
[2026-02-01T13:57:54.296+0000] {processor.py:157} INFO - Started process (PID=922) to work on /opt/airflow/dags/financial_DWH.py
[2026-02-01T13:57:54.298+0000] {processor.py:829} INFO - Processing file /opt/airflow/dags/financial_DWH.py for tasks to queue
[2026-02-01T13:57:54.299+0000] {logging_mixin.py:151} INFO - [2026-02-01T13:57:54.299+0000] {dagbag.py:536} INFO - Filling up the DagBag from /opt/airflow/dags/financial_DWH.py
[2026-02-01T13:57:54.319+0000] {processor.py:839} INFO - DAG(s) dict_keys(['financial_full_pipeline']) retrieved from /opt/airflow/dags/financial_DWH.py
[2026-02-01T13:57:54.358+0000] {logging_mixin.py:151} INFO - [2026-02-01T13:57:54.358+0000] {dag.py:2941} INFO - Sync 1 DAGs
[2026-02-01T13:57:54.402+0000] {logging_mixin.py:151} INFO - [2026-02-01T13:57:54.402+0000] {dag.py:3722} INFO - Setting next_dagrun for financial_full_pipeline to 2026-02-01T00:00:00+00:00, run_after=2026-02-02T00:00:00+00:00
[2026-02-01T13:57:54.430+0000] {processor.py:179} INFO - Processing /opt/airflow/dags/financial_DWH.py took 0.140 seconds
[2026-02-01T13:58:25.305+0000] {processor.py:157} INFO - Started process (PID=927) to work on /opt/airflow/dags/financial_DWH.py
[2026-02-01T13:58:25.526+0000] {processor.py:829} INFO - Processing file /opt/airflow/dags/financial_DWH.py for tasks to queue
[2026-02-01T13:58:25.530+0000] {logging_mixin.py:151} INFO - [2026-02-01T13:58:25.528+0000] {dagbag.py:536} INFO - Filling up the DagBag from /opt/airflow/dags/financial_DWH.py
[2026-02-01T13:58:25.574+0000] {processor.py:839} INFO - DAG(s) dict_keys(['financial_full_pipeline']) retrieved from /opt/airflow/dags/financial_DWH.py
[2026-02-01T13:58:25.625+0000] {logging_mixin.py:151} INFO - [2026-02-01T13:58:25.625+0000] {dag.py:2941} INFO - Sync 1 DAGs
[2026-02-01T13:58:25.659+0000] {logging_mixin.py:151} INFO - [2026-02-01T13:58:25.659+0000] {dag.py:3722} INFO - Setting next_dagrun for financial_full_pipeline to 2026-02-01T00:00:00+00:00, run_after=2026-02-02T00:00:00+00:00
[2026-02-01T13:58:25.686+0000] {processor.py:179} INFO - Processing /opt/airflow/dags/financial_DWH.py took 0.389 seconds
[2026-02-01T13:58:56.146+0000] {processor.py:157} INFO - Started process (PID=932) to work on /opt/airflow/dags/financial_DWH.py
[2026-02-01T13:58:56.148+0000] {processor.py:829} INFO - Processing file /opt/airflow/dags/financial_DWH.py for tasks to queue
[2026-02-01T13:58:56.149+0000] {logging_mixin.py:151} INFO - [2026-02-01T13:58:56.149+0000] {dagbag.py:536} INFO - Filling up the DagBag from /opt/airflow/dags/financial_DWH.py
[2026-02-01T13:58:56.170+0000] {processor.py:839} INFO - DAG(s) dict_keys(['financial_full_pipeline']) retrieved from /opt/airflow/dags/financial_DWH.py
[2026-02-01T13:58:56.211+0000] {logging_mixin.py:151} INFO - [2026-02-01T13:58:56.210+0000] {dag.py:2941} INFO - Sync 1 DAGs
[2026-02-01T13:58:56.249+0000] {logging_mixin.py:151} INFO - [2026-02-01T13:58:56.249+0000] {dag.py:3722} INFO - Setting next_dagrun for financial_full_pipeline to 2026-02-01T00:00:00+00:00, run_after=2026-02-02T00:00:00+00:00
[2026-02-01T13:58:56.281+0000] {processor.py:179} INFO - Processing /opt/airflow/dags/financial_DWH.py took 0.142 seconds
[2026-02-01T13:59:27.287+0000] {processor.py:157} INFO - Started process (PID=937) to work on /opt/airflow/dags/financial_DWH.py
[2026-02-01T13:59:27.289+0000] {processor.py:829} INFO - Processing file /opt/airflow/dags/financial_DWH.py for tasks to queue
[2026-02-01T13:59:27.291+0000] {logging_mixin.py:151} INFO - [2026-02-01T13:59:27.290+0000] {dagbag.py:536} INFO - Filling up the DagBag from /opt/airflow/dags/financial_DWH.py
[2026-02-01T13:59:27.314+0000] {processor.py:839} INFO - DAG(s) dict_keys(['financial_full_pipeline']) retrieved from /opt/airflow/dags/financial_DWH.py
[2026-02-01T13:59:27.353+0000] {logging_mixin.py:151} INFO - [2026-02-01T13:59:27.353+0000] {dag.py:2941} INFO - Sync 1 DAGs
[2026-02-01T13:59:27.388+0000] {logging_mixin.py:151} INFO - [2026-02-01T13:59:27.388+0000] {dag.py:3722} INFO - Setting next_dagrun for financial_full_pipeline to 2026-02-01T00:00:00+00:00, run_after=2026-02-02T00:00:00+00:00
[2026-02-01T13:59:27.432+0000] {processor.py:179} INFO - Processing /opt/airflow/dags/financial_DWH.py took 0.151 seconds
[2026-02-01T13:59:59.147+0000] {processor.py:157} INFO - Started process (PID=942) to work on /opt/airflow/dags/financial_DWH.py
[2026-02-01T13:59:59.150+0000] {processor.py:829} INFO - Processing file /opt/airflow/dags/financial_DWH.py for tasks to queue
[2026-02-01T13:59:59.151+0000] {logging_mixin.py:151} INFO - [2026-02-01T13:59:59.150+0000] {dagbag.py:536} INFO - Filling up the DagBag from /opt/airflow/dags/financial_DWH.py
[2026-02-01T13:59:59.172+0000] {processor.py:839} INFO - DAG(s) dict_keys(['financial_full_pipeline']) retrieved from /opt/airflow/dags/financial_DWH.py
[2026-02-01T13:59:59.216+0000] {logging_mixin.py:151} INFO - [2026-02-01T13:59:59.215+0000] {dag.py:2941} INFO - Sync 1 DAGs
[2026-02-01T13:59:59.259+0000] {logging_mixin.py:151} INFO - [2026-02-01T13:59:59.259+0000] {dag.py:3722} INFO - Setting next_dagrun for financial_full_pipeline to 2026-02-01T00:00:00+00:00, run_after=2026-02-02T00:00:00+00:00
[2026-02-01T13:59:59.288+0000] {processor.py:179} INFO - Processing /opt/airflow/dags/financial_DWH.py took 0.148 seconds
[2026-02-01T14:00:29.436+0000] {processor.py:157} INFO - Started process (PID=947) to work on /opt/airflow/dags/financial_DWH.py
[2026-02-01T14:00:29.437+0000] {processor.py:829} INFO - Processing file /opt/airflow/dags/financial_DWH.py for tasks to queue
[2026-02-01T14:00:29.439+0000] {logging_mixin.py:151} INFO - [2026-02-01T14:00:29.438+0000] {dagbag.py:536} INFO - Filling up the DagBag from /opt/airflow/dags/financial_DWH.py
[2026-02-01T14:00:29.461+0000] {processor.py:839} INFO - DAG(s) dict_keys(['financial_full_pipeline']) retrieved from /opt/airflow/dags/financial_DWH.py
[2026-02-01T14:00:29.500+0000] {logging_mixin.py:151} INFO - [2026-02-01T14:00:29.499+0000] {dag.py:2941} INFO - Sync 1 DAGs
[2026-02-01T14:00:29.533+0000] {logging_mixin.py:151} INFO - [2026-02-01T14:00:29.533+0000] {dag.py:3722} INFO - Setting next_dagrun for financial_full_pipeline to 2026-02-01T00:00:00+00:00, run_after=2026-02-02T00:00:00+00:00
[2026-02-01T14:00:29.565+0000] {processor.py:179} INFO - Processing /opt/airflow/dags/financial_DWH.py took 0.137 seconds
[2026-02-01T14:01:00.184+0000] {processor.py:157} INFO - Started process (PID=952) to work on /opt/airflow/dags/financial_DWH.py
[2026-02-01T14:01:00.187+0000] {processor.py:829} INFO - Processing file /opt/airflow/dags/financial_DWH.py for tasks to queue
[2026-02-01T14:01:00.188+0000] {logging_mixin.py:151} INFO - [2026-02-01T14:01:00.188+0000] {dagbag.py:536} INFO - Filling up the DagBag from /opt/airflow/dags/financial_DWH.py
[2026-02-01T14:01:00.209+0000] {processor.py:839} INFO - DAG(s) dict_keys(['financial_full_pipeline']) retrieved from /opt/airflow/dags/financial_DWH.py
[2026-02-01T14:01:00.247+0000] {logging_mixin.py:151} INFO - [2026-02-01T14:01:00.247+0000] {dag.py:2941} INFO - Sync 1 DAGs
[2026-02-01T14:01:00.284+0000] {logging_mixin.py:151} INFO - [2026-02-01T14:01:00.283+0000] {dag.py:3722} INFO - Setting next_dagrun for financial_full_pipeline to 2026-02-01T00:00:00+00:00, run_after=2026-02-02T00:00:00+00:00
[2026-02-01T14:01:00.311+0000] {processor.py:179} INFO - Processing /opt/airflow/dags/financial_DWH.py took 0.132 seconds
[2026-02-01T14:01:31.088+0000] {processor.py:157} INFO - Started process (PID=957) to work on /opt/airflow/dags/financial_DWH.py
[2026-02-01T14:01:31.090+0000] {processor.py:829} INFO - Processing file /opt/airflow/dags/financial_DWH.py for tasks to queue
[2026-02-01T14:01:31.092+0000] {logging_mixin.py:151} INFO - [2026-02-01T14:01:31.091+0000] {dagbag.py:536} INFO - Filling up the DagBag from /opt/airflow/dags/financial_DWH.py
[2026-02-01T14:01:31.112+0000] {processor.py:839} INFO - DAG(s) dict_keys(['financial_full_pipeline']) retrieved from /opt/airflow/dags/financial_DWH.py
[2026-02-01T14:01:31.152+0000] {logging_mixin.py:151} INFO - [2026-02-01T14:01:31.152+0000] {dag.py:2941} INFO - Sync 1 DAGs
[2026-02-01T14:01:31.187+0000] {logging_mixin.py:151} INFO - [2026-02-01T14:01:31.187+0000] {dag.py:3722} INFO - Setting next_dagrun for financial_full_pipeline to 2026-02-01T00:00:00+00:00, run_after=2026-02-02T00:00:00+00:00
[2026-02-01T14:01:31.215+0000] {processor.py:179} INFO - Processing /opt/airflow/dags/financial_DWH.py took 0.135 seconds
[2026-02-01T14:02:02.049+0000] {processor.py:157} INFO - Started process (PID=962) to work on /opt/airflow/dags/financial_DWH.py
[2026-02-01T14:02:06.508+0000] {processor.py:829} INFO - Processing file /opt/airflow/dags/financial_DWH.py for tasks to queue
[2026-02-01T14:02:06.510+0000] {logging_mixin.py:151} INFO - [2026-02-01T14:02:06.509+0000] {dagbag.py:536} INFO - Filling up the DagBag from /opt/airflow/dags/financial_DWH.py
[2026-02-01T14:02:06.538+0000] {processor.py:839} INFO - DAG(s) dict_keys(['financial_full_pipeline']) retrieved from /opt/airflow/dags/financial_DWH.py
[2026-02-01T14:02:06.580+0000] {logging_mixin.py:151} INFO - [2026-02-01T14:02:06.580+0000] {dag.py:2941} INFO - Sync 1 DAGs
[2026-02-01T14:02:06.614+0000] {logging_mixin.py:151} INFO - [2026-02-01T14:02:06.614+0000] {dag.py:3722} INFO - Setting next_dagrun for financial_full_pipeline to 2026-02-01T00:00:00+00:00, run_after=2026-02-02T00:00:00+00:00
[2026-02-01T14:02:06.642+0000] {processor.py:179} INFO - Processing /opt/airflow/dags/financial_DWH.py took 4.599 seconds
[2026-02-01T14:02:37.113+0000] {processor.py:157} INFO - Started process (PID=967) to work on /opt/airflow/dags/financial_DWH.py
[2026-02-01T14:02:37.116+0000] {processor.py:829} INFO - Processing file /opt/airflow/dags/financial_DWH.py for tasks to queue
[2026-02-01T14:02:37.117+0000] {logging_mixin.py:151} INFO - [2026-02-01T14:02:37.116+0000] {dagbag.py:536} INFO - Filling up the DagBag from /opt/airflow/dags/financial_DWH.py
[2026-02-01T14:02:37.140+0000] {processor.py:839} INFO - DAG(s) dict_keys(['financial_full_pipeline']) retrieved from /opt/airflow/dags/financial_DWH.py
[2026-02-01T14:02:37.179+0000] {logging_mixin.py:151} INFO - [2026-02-01T14:02:37.179+0000] {dag.py:2941} INFO - Sync 1 DAGs
[2026-02-01T14:02:37.212+0000] {logging_mixin.py:151} INFO - [2026-02-01T14:02:37.211+0000] {dag.py:3722} INFO - Setting next_dagrun for financial_full_pipeline to 2026-02-01T00:00:00+00:00, run_after=2026-02-02T00:00:00+00:00
[2026-02-01T14:02:37.240+0000] {processor.py:179} INFO - Processing /opt/airflow/dags/financial_DWH.py took 0.132 seconds
[2026-02-01T14:03:07.291+0000] {processor.py:157} INFO - Started process (PID=972) to work on /opt/airflow/dags/financial_DWH.py
[2026-02-01T14:03:07.293+0000] {processor.py:829} INFO - Processing file /opt/airflow/dags/financial_DWH.py for tasks to queue
[2026-02-01T14:03:07.295+0000] {logging_mixin.py:151} INFO - [2026-02-01T14:03:07.294+0000] {dagbag.py:536} INFO - Filling up the DagBag from /opt/airflow/dags/financial_DWH.py
[2026-02-01T14:03:07.314+0000] {processor.py:839} INFO - DAG(s) dict_keys(['financial_full_pipeline']) retrieved from /opt/airflow/dags/financial_DWH.py
[2026-02-01T14:03:07.355+0000] {logging_mixin.py:151} INFO - [2026-02-01T14:03:07.355+0000] {dag.py:2941} INFO - Sync 1 DAGs
[2026-02-01T14:03:07.393+0000] {logging_mixin.py:151} INFO - [2026-02-01T14:03:07.393+0000] {dag.py:3722} INFO - Setting next_dagrun for financial_full_pipeline to 2026-02-01T00:00:00+00:00, run_after=2026-02-02T00:00:00+00:00
[2026-02-01T14:03:07.419+0000] {processor.py:179} INFO - Processing /opt/airflow/dags/financial_DWH.py took 0.133 seconds
[2026-02-01T14:03:39.807+0000] {processor.py:157} INFO - Started process (PID=977) to work on /opt/airflow/dags/financial_DWH.py
[2026-02-01T14:03:39.821+0000] {processor.py:829} INFO - Processing file /opt/airflow/dags/financial_DWH.py for tasks to queue
[2026-02-01T14:03:39.823+0000] {logging_mixin.py:151} INFO - [2026-02-01T14:03:39.822+0000] {dagbag.py:536} INFO - Filling up the DagBag from /opt/airflow/dags/financial_DWH.py
[2026-02-01T14:03:39.909+0000] {processor.py:839} INFO - DAG(s) dict_keys(['financial_full_pipeline']) retrieved from /opt/airflow/dags/financial_DWH.py
[2026-02-01T14:03:40.051+0000] {logging_mixin.py:151} INFO - [2026-02-01T14:03:40.051+0000] {dag.py:2941} INFO - Sync 1 DAGs
[2026-02-01T14:03:40.197+0000] {logging_mixin.py:151} INFO - [2026-02-01T14:03:40.197+0000] {dag.py:3722} INFO - Setting next_dagrun for financial_full_pipeline to 2026-02-01T00:00:00+00:00, run_after=2026-02-02T00:00:00+00:00
[2026-02-01T14:03:40.267+0000] {processor.py:179} INFO - Processing /opt/airflow/dags/financial_DWH.py took 0.483 seconds
[2026-02-01T14:04:10.830+0000] {processor.py:157} INFO - Started process (PID=987) to work on /opt/airflow/dags/financial_DWH.py
[2026-02-01T14:04:10.832+0000] {processor.py:829} INFO - Processing file /opt/airflow/dags/financial_DWH.py for tasks to queue
[2026-02-01T14:04:10.833+0000] {logging_mixin.py:151} INFO - [2026-02-01T14:04:10.833+0000] {dagbag.py:536} INFO - Filling up the DagBag from /opt/airflow/dags/financial_DWH.py
[2026-02-01T14:04:10.853+0000] {processor.py:839} INFO - DAG(s) dict_keys(['financial_full_pipeline']) retrieved from /opt/airflow/dags/financial_DWH.py
[2026-02-01T14:04:10.894+0000] {logging_mixin.py:151} INFO - [2026-02-01T14:04:10.894+0000] {dag.py:2941} INFO - Sync 1 DAGs
[2026-02-01T14:04:10.932+0000] {logging_mixin.py:151} INFO - [2026-02-01T14:04:10.932+0000] {dag.py:3722} INFO - Setting next_dagrun for financial_full_pipeline to 2026-02-01T00:00:00+00:00, run_after=2026-02-02T00:00:00+00:00
[2026-02-01T14:04:10.962+0000] {processor.py:179} INFO - Processing /opt/airflow/dags/financial_DWH.py took 0.139 seconds
[2026-02-01T14:04:41.041+0000] {processor.py:157} INFO - Started process (PID=992) to work on /opt/airflow/dags/financial_DWH.py
[2026-02-01T14:04:41.043+0000] {processor.py:829} INFO - Processing file /opt/airflow/dags/financial_DWH.py for tasks to queue
[2026-02-01T14:04:41.044+0000] {logging_mixin.py:151} INFO - [2026-02-01T14:04:41.044+0000] {dagbag.py:536} INFO - Filling up the DagBag from /opt/airflow/dags/financial_DWH.py
[2026-02-01T14:04:41.068+0000] {processor.py:839} INFO - DAG(s) dict_keys(['financial_full_pipeline']) retrieved from /opt/airflow/dags/financial_DWH.py
[2026-02-01T14:04:41.114+0000] {logging_mixin.py:151} INFO - [2026-02-01T14:04:41.114+0000] {dag.py:2941} INFO - Sync 1 DAGs
[2026-02-01T14:04:41.157+0000] {logging_mixin.py:151} INFO - [2026-02-01T14:04:41.156+0000] {dag.py:3722} INFO - Setting next_dagrun for financial_full_pipeline to 2026-02-01T00:00:00+00:00, run_after=2026-02-02T00:00:00+00:00
[2026-02-01T14:04:41.188+0000] {processor.py:179} INFO - Processing /opt/airflow/dags/financial_DWH.py took 0.155 seconds
[2026-02-01T14:05:12.022+0000] {processor.py:157} INFO - Started process (PID=997) to work on /opt/airflow/dags/financial_DWH.py
[2026-02-01T14:05:12.024+0000] {processor.py:829} INFO - Processing file /opt/airflow/dags/financial_DWH.py for tasks to queue
[2026-02-01T14:05:12.026+0000] {logging_mixin.py:151} INFO - [2026-02-01T14:05:12.025+0000] {dagbag.py:536} INFO - Filling up the DagBag from /opt/airflow/dags/financial_DWH.py
[2026-02-01T14:05:12.073+0000] {processor.py:839} INFO - DAG(s) dict_keys(['financial_full_pipeline']) retrieved from /opt/airflow/dags/financial_DWH.py
[2026-02-01T14:05:12.187+0000] {logging_mixin.py:151} INFO - [2026-02-01T14:05:12.185+0000] {dag.py:2941} INFO - Sync 1 DAGs
[2026-02-01T14:05:12.318+0000] {logging_mixin.py:151} INFO - [2026-02-01T14:05:12.317+0000] {dag.py:3722} INFO - Setting next_dagrun for financial_full_pipeline to 2026-02-01T00:00:00+00:00, run_after=2026-02-02T00:00:00+00:00
[2026-02-01T14:05:12.383+0000] {processor.py:179} INFO - Processing /opt/airflow/dags/financial_DWH.py took 0.370 seconds
